{"type":"FeatureCollection","bbox":[0.0,0.0,-1.0,-1.0],"features":[{"type":"Feature","properties":{"specialist_attnds_age_specific_rts_lt_15":0.54,"phn_code":"PHN101","after_hrs_gp_attnds_age_specific_rts_45_64":0.47,"after_hrs_gp_attnds_age_specific_rts_lt_15":0.58,"specialist_attnds_age_specific_rts_25_44":0.67,"gp_attnds_sex_specific_rts_m":5.1,"gp_attnds_age_specific_rts_45_64":6.7,"gp_attnds_age_specific_rts_15_24":2.9,"phn_name":"Central and Eastern Sydney","gp_attnds_age_specific_rts_25_44":4.3,"specialist_attnds_sex_specific_rts_m":1.09,"after_hrs_gp_attnds_age_specific_rts_65_plus":0.75,"gp_attnds_sex_specific_rts_f":6.5,"gp_attnds_age_specific_rts_65_plus":12.4,"after_hrs_gp_attnds_age_specific_rts_15_24":0.29,"after_hrs_gp_attnds_sex_specific_rts_f":0.51,"after_hrs_gp_attnds_age_specific_rts_25_44":0.41,"specialist_attnds_sex_specific_rts_f":1.32,"specialist_attnds_age_specific_rts_65_plus":3.63,"gp_attnds_age_specific_rts_lt_15":4.8,"after_hrs_gp_attnds_sex_specific_rts_m":0.45,"specialist_attnds_age_specific_rts_15_24":0.4,"specialist_attnds_age_specific_rts_45_64":1.57},"id":"aihw_mbs_gp_attnd_age_sex_phn_2016_17.1"},{"type":"Feature","properties":{"specialist_attnds_age_specific_rts_lt_15":0.54,"phn_code":"PHN102","after_hrs_gp_attnds_age_specific_rts_45_64":0.4,"after_hrs_gp_attnds_age_specific_rts_lt_15":0.49,"specialist_attnds_age_specific_rts_25_44":0.71,"gp_attnds_sex_specific_rts_m":4.7,"gp_attnds_age_specific_rts_45_64":5.3,"gp_attnds_age_specific_rts_15_24":3.5,"phn_name":"Northern Sydney","gp_attnds_age_specific_rts_25_44":4.1,"specialist_attnds_sex_specific_rts_m":1.16,"after_hrs_gp_attnds_age_specific_rts_65_plus":0.57,"gp_attnds_sex_specific_rts_f":6.0,"gp_attnds_age_specific_rts_65_plus":10.7,"after_hrs_gp_attnds_age_specific_rts_15_24":0.34,"after_hrs_gp_attnds_sex_specific_rts_f":0.46,"after_hrs_gp_attnds_age_specific_rts_25_44":0.42,"specialist_attnds_sex_specific_rts_f":1.37,"specialist_attnds_age_specific_rts_65_plus":3.42,"gp_attnds_age_specific_rts_lt_15":4.0,"after_hrs_gp_attnds_sex_specific_rts_m":0.42,"specialist_attnds_age_specific_rts_15_24":0.62,"specialist_attnds_age_specific_rts_45_64":1.41},"id":"aihw_mbs_gp_attnd_age_sex_phn_2016_17.2"},{"type":"Feature","properties":{"specialist_attnds_age_specific_rts_lt_15":0.42,"phn_code":"PHN103","after_hrs_gp_attnds_age_specific_rts_45_64":0.8,"after_hrs_gp_attnds_age_specific_rts_lt_15":0.97,"specialist_attnds_age_specific_rts_25_44":0.67,"gp_attnds_sex_specific_rts_m":6.5,"gp_attnds_age_specific_rts_45_64":8.6,"gp_attnds_age_specific_rts_15_24":4.8,"phn_name":"Western Sydney","gp_attnds_age_specific_rts_25_44":6.3,"specialist_attnds_sex_specific_rts_m":0.95,"after_hrs_gp_attnds_age_specific_rts_65_plus":1.12,"gp_attnds_sex_specific_rts_f":8.3,"gp_attnds_age_specific_rts_65_plus":14.3,"after_hrs_gp_attnds_age_specific_rts_15_24":0.64,"after_hrs_gp_attnds_sex_specific_rts_f":0.92,"after_hrs_gp_attnds_age_specific_rts_25_44":0.83,"specialist_attnds_sex_specific_rts_f":1.16,"specialist_attnds_age_specific_rts_65_plus":3.35,"gp_attnds_age_specific_rts_lt_15":5.8,"after_hrs_gp_attnds_sex_specific_rts_m":0.8,"specialist_attnds_age_specific_rts_15_24":0.41,"specialist_attnds_age_specific_rts_45_64":1.45},"id":"aihw_mbs_gp_attnd_age_sex_phn_2016_17.3"},{"type":"Feature","properties":{"specialist_attnds_age_specific_rts_lt_15":0.49,"phn_code":"PHN104","after_hrs_gp_attnds_age_specific_rts_45_64":0.45,"after_hrs_gp_attnds_age_specific_rts_lt_15":0.63,"specialist_attnds_age_specific_rts_25_44":0.76,"gp_attnds_sex_specific_rts_m":6.2,"gp_attnds_age_specific_rts_45_64":7.6,"gp_attnds_age_specific_rts_15_24":5.1,"phn_name":"Nepean Blue Mountains","gp_attnds_age_specific_rts_25_44":6.4,"specialist_attnds_sex_specific_rts_m":1.07,"after_hrs_gp_attnds_age_specific_rts_65_plus":0.66,"gp_attnds_sex_specific_rts_f":8.1,"gp_attnds_age_specific_rts_65_plus":12.8,"after_hrs_gp_attnds_age_specific_rts_15_24":0.47,"after_hrs_gp_attnds_sex_specific_rts_f":0.61,"after_hrs_gp_attnds_age_specific_rts_25_44":0.57,"specialist_attnds_sex_specific_rts_f":1.3,"specialist_attnds_age_specific_rts_65_plus":3.3,"gp_attnds_age_specific_rts_lt_15":5.2,"after_hrs_gp_attnds_sex_specific_rts_m":0.5,"specialist_attnds_age_specific_rts_15_24":0.46,"specialist_attnds_age_specific_rts_45_64":1.42},"id":"aihw_mbs_gp_attnd_age_sex_phn_2016_17.4"},{"type":"Feature","properties":{"specialist_attnds_age_specific_rts_lt_15":0.44,"phn_code":"PHN105","after_hrs_gp_attnds_age_specific_rts_45_64":0.7,"after_hrs_gp_attnds_age_specific_rts_lt_15":0.77,"specialist_attnds_age_specific_rts_25_44":0.76,"gp_attnds_sex_specific_rts_m":6.8,"gp_attnds_age_specific_rts_45_64":8.9,"gp_attnds_age_specific_rts_15_24":4.9,"phn_name":"South Western Sydney","gp_attnds_age_specific_rts_25_44":6.8,"specialist_attnds_sex_specific_rts_m":1.03,"after_hrs_gp_attnds_age_specific_rts_65_plus":0.93,"gp_attnds_sex_specific_rts_f":8.6,"gp_attnds_age_specific_rts_65_plus":14.2,"after_hrs_gp_attnds_age_specific_rts_15_24":0.55,"after_hrs_gp_attnds_sex_specific_rts_f":0.77,"after_hrs_gp_attnds_age_specific_rts_25_44":0.72,"specialist_attnds_sex_specific_rts_f":1.25,"specialist_attnds_age_specific_rts_65_plus":3.31,"gp_attnds_age_specific_rts_lt_15":5.6,"after_hrs_gp_attnds_sex_specific_rts_m":0.69,"specialist_attnds_age_specific_rts_15_24":0.41,"specialist_attnds_age_specific_rts_45_64":1.49},"id":"aihw_mbs_gp_attnd_age_sex_phn_2016_17.5"},{"type":"Feature","properties":{"specialist_attnds_age_specific_rts_lt_15":0.38,"phn_code":"PHN106","after_hrs_gp_attnds_age_specific_rts_45_64":0.25,"after_hrs_gp_attnds_age_specific_rts_lt_15":0.29,"specialist_attnds_age_specific_rts_25_44":0.64,"gp_attnds_sex_specific_rts_m":5.6,"gp_attnds_age_specific_rts_45_64":6.4,"gp_attnds_age_specific_rts_15_24":4.4,"phn_name":"South Eastern NSW","gp_attnds_age_specific_rts_25_44":5.3,"specialist_attnds_sex_specific_rts_m":1.01,"after_hrs_gp_attnds_age_specific_rts_65_plus":0.37,"gp_attnds_sex_specific_rts_f":7.3,"gp_attnds_age_specific_rts_65_plus":11.7,"after_hrs_gp_attnds_age_specific_rts_15_24":0.29,"after_hrs_gp_attnds_sex_specific_rts_f":0.33,"after_hrs_gp_attnds_age_specific_rts_25_44":0.32,"specialist_attnds_sex_specific_rts_f":1.17,"specialist_attnds_age_specific_rts_65_plus":2.62,"gp_attnds_age_specific_rts_lt_15":3.8,"after_hrs_gp_attnds_sex_specific_rts_m":0.27,"specialist_attnds_age_specific_rts_15_24":0.41,"specialist_attnds_age_specific_rts_45_64":1.17},"id":"aihw_mbs_gp_attnd_age_sex_phn_2016_17.6"},{"type":"Feature","properties":{"specialist_attnds_age_specific_rts_lt_15":0.43,"phn_code":"PHN107","after_hrs_gp_attnds_age_specific_rts_45_64":0.16,"after_hrs_gp_attnds_age_specific_rts_lt_15":0.14,"specialist_attnds_age_specific_rts_25_44":0.53,"gp_attnds_sex_specific_rts_m":5.0,"gp_attnds_age_specific_rts_45_64":5.9,"gp_attnds_age_specific_rts_15_24":4.2,"phn_name":"Western NSW","gp_attnds_age_specific_rts_25_44":4.6,"specialist_attnds_sex_specific_rts_m":0.88,"after_hrs_gp_attnds_age_specific_rts_65_plus":0.25,"gp_attnds_sex_specific_rts_f":6.4,"gp_attnds_age_specific_rts_65_plus":10.9,"after_hrs_gp_attnds_age_specific_rts_15_24":0.19,"after_hrs_gp_attnds_sex_specific_rts_f":0.2,"after_hrs_gp_attnds_age_specific_rts_25_44":0.19,"specialist_attnds_sex_specific_rts_f":0.98,"specialist_attnds_age_specific_rts_65_plus":2.28,"gp_attnds_age_specific_rts_lt_15":3.1,"after_hrs_gp_attnds_sex_specific_rts_m":0.17,"specialist_attnds_age_specific_rts_15_24":0.4,"specialist_attnds_age_specific_rts_45_64":1.01},"id":"aihw_mbs_gp_attnd_age_sex_phn_2016_17.7"},{"type":"Feature","properties":{"specialist_attnds_age_specific_rts_lt_15":0.38,"phn_code":"PHN108","after_hrs_gp_attnds_age_specific_rts_45_64":0.24,"after_hrs_gp_attnds_age_specific_rts_lt_15":0.35,"specialist_attnds_age_specific_rts_25_44":0.58,"gp_attnds_sex_specific_rts_m":5.5,"gp_attnds_age_specific_rts_45_64":6.4,"gp_attnds_age_specific_rts_15_24":4.3,"phn_name":"Hunter New England and Central Coast","gp_attnds_age_specific_rts_25_44":5.0,"specialist_attnds_sex_specific_rts_m":0.93,"after_hrs_gp_attnds_age_specific_rts_65_plus":0.39,"gp_attnds_sex_specific_rts_f":7.1,"gp_attnds_age_specific_rts_65_plus":12.1,"after_hrs_gp_attnds_age_specific_rts_15_24":0.32,"after_hrs_gp_attnds_sex_specific_rts_f":0.35,"after_hrs_gp_attnds_age_specific_rts_25_44":0.33,"specialist_attnds_sex_specific_rts_f":1.09,"specialist_attnds_age_specific_rts_65_plus":2.45,"gp_attnds_age_specific_rts_lt_15":3.6,"after_hrs_gp_attnds_sex_specific_rts_m":0.29,"specialist_attnds_age_specific_rts_15_24":0.4,"specialist_attnds_age_specific_rts_45_64":1.1},"id":"aihw_mbs_gp_attnd_age_sex_phn_2016_17.8"},{"type":"Feature","properties":{"specialist_attnds_age_specific_rts_lt_15":0.42,"phn_code":"PHN109","after_hrs_gp_attnds_age_specific_rts_45_64":0.15,"after_hrs_gp_attnds_age_specific_rts_lt_15":0.18,"specialist_attnds_age_specific_rts_25_44":0.59,"gp_attnds_sex_specific_rts_m":5.9,"gp_attnds_age_specific_rts_45_64":6.3,"gp_attnds_age_specific_rts_15_24":4.5,"phn_name":"North Coast","gp_attnds_age_specific_rts_25_44":5.0,"specialist_attnds_sex_specific_rts_m":1.12,"after_hrs_gp_attnds_age_specific_rts_65_plus":0.29,"gp_attnds_sex_specific_rts_f":7.3,"gp_attnds_age_specific_rts_65_plus":12.0,"after_hrs_gp_attnds_age_specific_rts_15_24":0.21,"after_hrs_gp_attnds_sex_specific_rts_f":0.22,"after_hrs_gp_attnds_age_specific_rts_25_44":0.2,"specialist_attnds_sex_specific_rts_f":1.18,"specialist_attnds_age_specific_rts_65_plus":2.59,"gp_attnds_age_specific_rts_lt_15":3.1,"after_hrs_gp_attnds_sex_specific_rts_m":0.19,"specialist_attnds_age_specific_rts_15_24":0.44,"specialist_attnds_age_specific_rts_45_64":1.13},"id":"aihw_mbs_gp_attnd_age_sex_phn_2016_17.9"},{"type":"Feature","properties":{"specialist_attnds_age_specific_rts_lt_15":0.46,"phn_code":"PHN110","after_hrs_gp_attnds_age_specific_rts_45_64":0.14,"after_hrs_gp_attnds_age_specific_rts_lt_15":0.21,"specialist_attnds_age_specific_rts_25_44":0.5,"gp_attnds_sex_specific_rts_m":5.3,"gp_attnds_age_specific_rts_45_64":5.8,"gp_attnds_age_specific_rts_15_24":4.3,"phn_name":"Murrumbidgee","gp_attnds_age_specific_rts_25_44":4.7,"specialist_attnds_sex_specific_rts_m":0.89,"after_hrs_gp_attnds_age_specific_rts_65_plus":0.26,"gp_attnds_sex_specific_rts_f":6.8,"gp_attnds_age_specific_rts_65_plus":11.6,"after_hrs_gp_attnds_age_specific_rts_15_24":0.21,"after_hrs_gp_attnds_sex_specific_rts_f":0.22,"after_hrs_gp_attnds_age_specific_rts_25_44":0.19,"specialist_attnds_sex_specific_rts_f":0.96,"specialist_attnds_age_specific_rts_65_plus":2.19,"gp_attnds_age_specific_rts_lt_15":3.4,"after_hrs_gp_attnds_sex_specific_rts_m":0.18,"specialist_attnds_age_specific_rts_15_24":0.4,"specialist_attnds_age_specific_rts_45_64":0.95},"id":"aihw_mbs_gp_attnd_age_sex_phn_2016_17.10"},{"type":"Feature","properties":{"specialist_attnds_age_specific_rts_lt_15":0.42,"phn_code":"PHN201","after_hrs_gp_attnds_age_specific_rts_45_64":0.76,"after_hrs_gp_attnds_age_specific_rts_lt_15":0.93,"specialist_attnds_age_specific_rts_25_44":0.59,"gp_attnds_sex_specific_rts_m":5.6,"gp_attnds_age_specific_rts_45_64":7.6,"gp_attnds_age_specific_rts_15_24":3.7,"phn_name":"North Western Melbourne","gp_attnds_age_specific_rts_25_44":5.4,"specialist_attnds_sex_specific_rts_m":0.77,"after_hrs_gp_attnds_age_specific_rts_65_plus":1.12,"gp_attnds_sex_specific_rts_f":7.3,"gp_attnds_age_specific_rts_65_plus":13.4,"after_hrs_gp_attnds_age_specific_rts_15_24":0.61,"after_hrs_gp_attnds_sex_specific_rts_f":0.91,"after_hrs_gp_attnds_age_specific_rts_25_44":0.83,"specialist_attnds_sex_specific_rts_f":1.0,"specialist_attnds_age_specific_rts_65_plus":2.57,"gp_attnds_age_specific_rts_lt_15":5.0,"after_hrs_gp_attnds_sex_specific_rts_m":0.75,"specialist_attnds_age_specific_rts_15_24":0.31,"specialist_attnds_age_specific_rts_45_64":1.27},"id":"aihw_mbs_gp_attnd_age_sex_phn_2016_17.11"},{"type":"Feature","properties":{"specialist_attnds_age_specific_rts_lt_15":0.46,"phn_code":"PHN202","after_hrs_gp_attnds_age_specific_rts_45_64":0.55,"after_hrs_gp_attnds_age_specific_rts_lt_15":0.66,"specialist_attnds_age_specific_rts_25_44":0.69,"gp_attnds_sex_specific_rts_m":5.1,"gp_attnds_age_specific_rts_45_64":6.2,"gp_attnds_age_specific_rts_15_24":3.7,"phn_name":"Eastern Melbourne","gp_attnds_age_specific_rts_25_44":5.1,"specialist_attnds_sex_specific_rts_m":0.95,"after_hrs_gp_attnds_age_specific_rts_65_plus":0.77,"gp_attnds_sex_specific_rts_f":6.9,"gp_attnds_age_specific_rts_65_plus":11.4,"after_hrs_gp_attnds_age_specific_rts_15_24":0.52,"after_hrs_gp_attnds_sex_specific_rts_f":0.7,"after_hrs_gp_attnds_age_specific_rts_25_44":0.7,"specialist_attnds_sex_specific_rts_f":1.21,"specialist_attnds_age_specific_rts_65_plus":2.79,"gp_attnds_age_specific_rts_lt_15":4.2,"after_hrs_gp_attnds_sex_specific_rts_m":0.58,"specialist_attnds_age_specific_rts_15_24":0.46,"specialist_attnds_age_specific_rts_45_64":1.26},"id":"aihw_mbs_gp_attnd_age_sex_phn_2016_17.12"},{"type":"Feature","properties":{"specialist_attnds_age_specific_rts_lt_15":0.44,"phn_code":"PHN203","after_hrs_gp_attnds_age_specific_rts_45_64":0.56,"after_hrs_gp_attnds_age_specific_rts_lt_15":0.71,"specialist_attnds_age_specific_rts_25_44":0.65,"gp_attnds_sex_specific_rts_m":5.3,"gp_attnds_age_specific_rts_45_64":6.6,"gp_attnds_age_specific_rts_15_24":4.1,"phn_name":"South Eastern Melbourne","gp_attnds_age_specific_rts_25_44":5.3,"specialist_attnds_sex_specific_rts_m":0.93,"after_hrs_gp_attnds_age_specific_rts_65_plus":0.7,"gp_attnds_sex_specific_rts_f":7.1,"gp_attnds_age_specific_rts_65_plus":11.5,"after_hrs_gp_attnds_age_specific_rts_15_24":0.6,"after_hrs_gp_attnds_sex_specific_rts_f":0.73,"after_hrs_gp_attnds_age_specific_rts_25_44":0.75,"specialist_attnds_sex_specific_rts_f":1.18,"specialist_attnds_age_specific_rts_65_plus":2.85,"gp_attnds_age_specific_rts_lt_15":4.4,"after_hrs_gp_attnds_sex_specific_rts_m":0.61,"specialist_attnds_age_specific_rts_15_24":0.45,"specialist_attnds_age_specific_rts_45_64":1.27},"id":"aihw_mbs_gp_attnd_age_sex_phn_2016_17.13"},{"type":"Feature","properties":{"specialist_attnds_age_specific_rts_lt_15":0.46,"phn_code":"PHN204","after_hrs_gp_attnds_age_specific_rts_45_64":0.12,"after_hrs_gp_attnds_age_specific_rts_lt_15":0.15,"specialist_attnds_age_specific_rts_25_44":0.69,"gp_attnds_sex_specific_rts_m":5.5,"gp_attnds_age_specific_rts_45_64":6.2,"gp_attnds_age_specific_rts_15_24":4.8,"phn_name":"Gippsland","gp_attnds_age_specific_rts_25_44":5.4,"specialist_attnds_sex_specific_rts_m":1.03,"after_hrs_gp_attnds_age_specific_rts_65_plus":0.24,"gp_attnds_sex_specific_rts_f":7.4,"gp_attnds_age_specific_rts_65_plus":11.2,"after_hrs_gp_attnds_age_specific_rts_15_24":0.22,"after_hrs_gp_attnds_sex_specific_rts_f":0.2,"after_hrs_gp_attnds_age_specific_rts_25_44":0.2,"specialist_attnds_sex_specific_rts_f":1.23,"specialist_attnds_age_specific_rts_65_plus":2.37,"gp_attnds_age_specific_rts_lt_15":3.3,"after_hrs_gp_attnds_sex_specific_rts_m":0.16,"specialist_attnds_age_specific_rts_15_24":0.51,"specialist_attnds_age_specific_rts_45_64":1.2},"id":"aihw_mbs_gp_attnd_age_sex_phn_2016_17.14"},{"type":"Feature","properties":{"specialist_attnds_age_specific_rts_lt_15":0.41,"phn_code":"PHN205","after_hrs_gp_attnds_age_specific_rts_45_64":0.21,"after_hrs_gp_attnds_age_specific_rts_lt_15":0.31,"specialist_attnds_age_specific_rts_25_44":0.6,"gp_attnds_sex_specific_rts_m":5.3,"gp_attnds_age_specific_rts_45_64":6.1,"gp_attnds_age_specific_rts_15_24":4.8,"phn_name":"Murray","gp_attnds_age_specific_rts_25_44":5.4,"specialist_attnds_sex_specific_rts_m":0.92,"after_hrs_gp_attnds_age_specific_rts_65_plus":0.29,"gp_attnds_sex_specific_rts_f":7.1,"gp_attnds_age_specific_rts_65_plus":10.9,"after_hrs_gp_attnds_age_specific_rts_15_24":0.33,"after_hrs_gp_attnds_sex_specific_rts_f":0.32,"after_hrs_gp_attnds_age_specific_rts_25_44":0.34,"specialist_attnds_sex_specific_rts_f":1.06,"specialist_attnds_age_specific_rts_65_plus":2.25,"gp_attnds_age_specific_rts_lt_15":3.5,"after_hrs_gp_attnds_sex_specific_rts_m":0.25,"specialist_attnds_age_specific_rts_15_24":0.43,"specialist_attnds_age_specific_rts_45_64":1.07},"id":"aihw_mbs_gp_attnd_age_sex_phn_2016_17.15"},{"type":"Feature","properties":{"specialist_attnds_age_specific_rts_lt_15":0.49,"phn_code":"PHN206","after_hrs_gp_attnds_age_specific_rts_45_64":0.29,"after_hrs_gp_attnds_age_specific_rts_lt_15":0.37,"specialist_attnds_age_specific_rts_25_44":0.68,"gp_attnds_sex_specific_rts_m":5.2,"gp_attnds_age_specific_rts_45_64":6.1,"gp_attnds_age_specific_rts_15_24":4.5,"phn_name":"Western Victoria","gp_attnds_age_specific_rts_25_44":5.3,"specialist_attnds_sex_specific_rts_m":0.94,"after_hrs_gp_attnds_age_specific_rts_65_plus":0.37,"gp_attnds_sex_specific_rts_f":7.0,"gp_attnds_age_specific_rts_65_plus":10.9,"after_hrs_gp_attnds_age_specific_rts_15_24":0.39,"after_hrs_gp_attnds_sex_specific_rts_f":0.4,"after_hrs_gp_attnds_age_specific_rts_25_44":0.42,"specialist_attnds_sex_specific_rts_f":1.16,"specialist_attnds_age_specific_rts_65_plus":2.3,"gp_attnds_age_specific_rts_lt_15":3.5,"after_hrs_gp_attnds_sex_specific_rts_m":0.32,"specialist_attnds_age_specific_rts_15_24":0.48,"specialist_attnds_age_specific_rts_45_64":1.15},"id":"aihw_mbs_gp_attnd_age_sex_phn_2016_17.16"},{"type":"Feature","properties":{"specialist_attnds_age_specific_rts_lt_15":0.42,"phn_code":"PHN301","after_hrs_gp_attnds_age_specific_rts_45_64":0.39,"after_hrs_gp_attnds_age_specific_rts_lt_15":0.56,"specialist_attnds_age_specific_rts_25_44":0.59,"gp_attnds_sex_specific_rts_m":5.0,"gp_attnds_age_specific_rts_45_64":6.4,"gp_attnds_age_specific_rts_15_24":3.7,"phn_name":"Brisbane North","gp_attnds_age_specific_rts_25_44":4.8,"specialist_attnds_sex_specific_rts_m":0.76,"after_hrs_gp_attnds_age_specific_rts_65_plus":0.56,"gp_attnds_sex_specific_rts_f":6.8,"gp_attnds_age_specific_rts_65_plus":12.2,"after_hrs_gp_attnds_age_specific_rts_15_24":0.38,"after_hrs_gp_attnds_sex_specific_rts_f":0.51,"after_hrs_gp_attnds_age_specific_rts_25_44":0.46,"specialist_attnds_sex_specific_rts_f":1.0,"specialist_attnds_age_specific_rts_65_plus":2.26,"gp_attnds_age_specific_rts_lt_15":4.2,"after_hrs_gp_attnds_sex_specific_rts_m":0.41,"specialist_attnds_age_specific_rts_15_24":0.38,"specialist_attnds_age_specific_rts_45_64":1.13},"id":"aihw_mbs_gp_attnd_age_sex_phn_2016_17.17"},{"type":"Feature","properties":{"specialist_attnds_age_specific_rts_lt_15":0.34,"phn_code":"PHN302","after_hrs_gp_attnds_age_specific_rts_45_64":0.46,"after_hrs_gp_attnds_age_specific_rts_lt_15":0.64,"specialist_attnds_age_specific_rts_25_44":0.56,"gp_attnds_sex_specific_rts_m":5.4,"gp_attnds_age_specific_rts_45_64":6.9,"gp_attnds_age_specific_rts_15_24":4.1,"phn_name":"Brisbane South","gp_attnds_age_specific_rts_25_44":5.2,"specialist_attnds_sex_specific_rts_m":0.68,"after_hrs_gp_attnds_age_specific_rts_65_plus":0.61,"gp_attnds_sex_specific_rts_f":7.0,"gp_attnds_age_specific_rts_65_plus":12.3,"after_hrs_gp_attnds_age_specific_rts_15_24":0.43,"after_hrs_gp_attnds_sex_specific_rts_f":0.57,"after_hrs_gp_attnds_age_specific_rts_25_44":0.52,"specialist_attnds_sex_specific_rts_f":0.9,"specialist_attnds_age_specific_rts_65_plus":2.11,"gp_attnds_age_specific_rts_lt_15":4.5,"after_hrs_gp_attnds_sex_specific_rts_m":0.48,"specialist_attnds_age_specific_rts_15_24":0.34,"specialist_attnds_age_specific_rts_45_64":1.04},"id":"aihw_mbs_gp_attnd_age_sex_phn_2016_17.18"},{"type":"Feature","properties":{"specialist_attnds_age_specific_rts_lt_15":0.36,"phn_code":"PHN303","after_hrs_gp_attnds_age_specific_rts_45_64":0.56,"after_hrs_gp_attnds_age_specific_rts_lt_15":0.81,"specialist_attnds_age_specific_rts_25_44":0.54,"gp_attnds_sex_specific_rts_m":5.9,"gp_attnds_age_specific_rts_45_64":7.2,"gp_attnds_age_specific_rts_15_24":4.4,"phn_name":"Gold Coast","gp_attnds_age_specific_rts_25_44":5.5,"specialist_attnds_sex_specific_rts_m":0.79,"after_hrs_gp_attnds_age_specific_rts_65_plus":0.77,"gp_attnds_sex_specific_rts_f":7.6,"gp_attnds_age_specific_rts_65_plus":13.3,"after_hrs_gp_attnds_age_specific_rts_15_24":0.57,"after_hrs_gp_attnds_sex_specific_rts_f":0.71,"after_hrs_gp_attnds_age_specific_rts_25_44":0.63,"specialist_attnds_sex_specific_rts_f":0.93,"specialist_attnds_age_specific_rts_65_plus":2.2,"gp_attnds_age_specific_rts_lt_15":4.4,"after_hrs_gp_attnds_sex_specific_rts_m":0.61,"specialist_attnds_age_specific_rts_15_24":0.36,"specialist_attnds_age_specific_rts_45_64":1.0},"id":"aihw_mbs_gp_attnd_age_sex_phn_2016_17.19"},{"type":"Feature","properties":{"specialist_attnds_age_specific_rts_lt_15":0.29,"phn_code":"PHN304","after_hrs_gp_attnds_age_specific_rts_45_64":0.38,"after_hrs_gp_attnds_age_specific_rts_lt_15":0.48,"specialist_attnds_age_specific_rts_25_44":0.44,"gp_attnds_sex_specific_rts_m":5.5,"gp_attnds_age_specific_rts_45_64":6.8,"gp_attnds_age_specific_rts_15_24":4.5,"phn_name":"Darling Downs and West Moreton","gp_attnds_age_specific_rts_25_44":5.4,"specialist_attnds_sex_specific_rts_m":0.6,"after_hrs_gp_attnds_age_specific_rts_65_plus":0.45,"gp_attnds_sex_specific_rts_f":7.1,"gp_attnds_age_specific_rts_65_plus":12.0,"after_hrs_gp_attnds_age_specific_rts_15_24":0.43,"after_hrs_gp_attnds_sex_specific_rts_f":0.48,"after_hrs_gp_attnds_age_specific_rts_25_44":0.46,"specialist_attnds_sex_specific_rts_f":0.74,"specialist_attnds_age_specific_rts_65_plus":1.71,"gp_attnds_age_specific_rts_lt_15":4.1,"after_hrs_gp_attnds_sex_specific_rts_m":0.4,"specialist_attnds_age_specific_rts_15_24":0.29,"specialist_attnds_age_specific_rts_45_64":0.82},"id":"aihw_mbs_gp_attnd_age_sex_phn_2016_17.20"},{"type":"Feature","properties":{"specialist_attnds_age_specific_rts_lt_15":0.18,"phn_code":"PHN305","after_hrs_gp_attnds_age_specific_rts_45_64":0.26,"after_hrs_gp_attnds_age_specific_rts_lt_15":0.23,"specialist_attnds_age_specific_rts_25_44":0.3,"gp_attnds_sex_specific_rts_m":4.4,"gp_attnds_age_specific_rts_45_64":5.9,"gp_attnds_age_specific_rts_15_24":3.8,"phn_name":"Western Queensland","gp_attnds_age_specific_rts_25_44":3.9,"specialist_attnds_sex_specific_rts_m":0.42,"after_hrs_gp_attnds_age_specific_rts_65_plus":0.5,"gp_attnds_sex_specific_rts_f":5.7,"gp_attnds_age_specific_rts_65_plus":10.9,"after_hrs_gp_attnds_age_specific_rts_15_24":0.24,"after_hrs_gp_attnds_sex_specific_rts_f":0.28,"after_hrs_gp_attnds_age_specific_rts_25_44":0.21,"specialist_attnds_sex_specific_rts_f":0.53,"specialist_attnds_age_specific_rts_65_plus":1.32,"gp_attnds_age_specific_rts_lt_15":3.2,"after_hrs_gp_attnds_sex_specific_rts_m":0.25,"specialist_attnds_age_specific_rts_15_24":0.2,"specialist_attnds_age_specific_rts_45_64":0.66},"id":"aihw_mbs_gp_attnd_age_sex_phn_2016_17.21"},{"type":"Feature","properties":{"specialist_attnds_age_specific_rts_lt_15":0.3,"phn_code":"PHN306","after_hrs_gp_attnds_age_specific_rts_45_64":0.2,"after_hrs_gp_attnds_age_specific_rts_lt_15":0.32,"specialist_attnds_age_specific_rts_25_44":0.45,"gp_attnds_sex_specific_rts_m":5.8,"gp_attnds_age_specific_rts_45_64":6.7,"gp_attnds_age_specific_rts_15_24":4.7,"phn_name":"Central Queensland, Wide Bay and Sunshine Coast","gp_attnds_age_specific_rts_25_44":5.1,"specialist_attnds_sex_specific_rts_m":0.71,"after_hrs_gp_attnds_age_specific_rts_65_plus":0.36,"gp_attnds_sex_specific_rts_f":7.4,"gp_attnds_age_specific_rts_65_plus":12.4,"after_hrs_gp_attnds_age_specific_rts_15_24":0.27,"after_hrs_gp_attnds_sex_specific_rts_f":0.3,"after_hrs_gp_attnds_age_specific_rts_25_44":0.26,"specialist_attnds_sex_specific_rts_f":0.84,"specialist_attnds_age_specific_rts_65_plus":1.83,"gp_attnds_age_specific_rts_lt_15":3.7,"after_hrs_gp_attnds_sex_specific_rts_m":0.24,"specialist_attnds_age_specific_rts_15_24":0.32,"specialist_attnds_age_specific_rts_45_64":0.83},"id":"aihw_mbs_gp_attnd_age_sex_phn_2016_17.22"},{"type":"Feature","properties":{"specialist_attnds_age_specific_rts_lt_15":0.28,"phn_code":"PHN307","after_hrs_gp_attnds_age_specific_rts_45_64":0.35,"after_hrs_gp_attnds_age_specific_rts_lt_15":0.52,"specialist_attnds_age_specific_rts_25_44":0.38,"gp_attnds_sex_specific_rts_m":5.0,"gp_attnds_age_specific_rts_45_64":6.2,"gp_attnds_age_specific_rts_15_24":4.1,"phn_name":"Northern Queensland","gp_attnds_age_specific_rts_25_44":4.7,"specialist_attnds_sex_specific_rts_m":0.57,"after_hrs_gp_attnds_age_specific_rts_65_plus":0.36,"gp_attnds_sex_specific_rts_f":6.4,"gp_attnds_age_specific_rts_65_plus":11.2,"after_hrs_gp_attnds_age_specific_rts_15_24":0.45,"after_hrs_gp_attnds_sex_specific_rts_f":0.47,"after_hrs_gp_attnds_age_specific_rts_25_44":0.45,"specialist_attnds_sex_specific_rts_f":0.68,"specialist_attnds_age_specific_rts_65_plus":1.76,"gp_attnds_age_specific_rts_lt_15":3.7,"after_hrs_gp_attnds_sex_specific_rts_m":0.39,"specialist_attnds_age_specific_rts_15_24":0.23,"specialist_attnds_age_specific_rts_45_64":0.78},"id":"aihw_mbs_gp_attnd_age_sex_phn_2016_17.23"},{"type":"Feature","properties":{"specialist_attnds_age_specific_rts_lt_15":0.46,"phn_code":"PHN401","after_hrs_gp_attnds_age_specific_rts_45_64":0.52,"after_hrs_gp_attnds_age_specific_rts_lt_15":0.78,"specialist_attnds_age_specific_rts_25_44":0.61,"gp_attnds_sex_specific_rts_m":5.5,"gp_attnds_age_specific_rts_45_64":6.5,"gp_attnds_age_specific_rts_15_24":3.9,"phn_name":"Adelaide","gp_attnds_age_specific_rts_25_44":5.3,"specialist_attnds_sex_specific_rts_m":0.93,"after_hrs_gp_attnds_age_specific_rts_65_plus":0.79,"gp_attnds_sex_specific_rts_f":7.2,"gp_attnds_age_specific_rts_65_plus":11.9,"after_hrs_gp_attnds_age_specific_rts_15_24":0.53,"after_hrs_gp_attnds_sex_specific_rts_f":0.74,"after_hrs_gp_attnds_age_specific_rts_25_44":0.7,"specialist_attnds_sex_specific_rts_f":1.16,"specialist_attnds_age_specific_rts_65_plus":2.59,"gp_attnds_age_specific_rts_lt_15":4.4,"after_hrs_gp_attnds_sex_specific_rts_m":0.58,"specialist_attnds_age_specific_rts_15_24":0.4,"specialist_attnds_age_specific_rts_45_64":1.25},"id":"aihw_mbs_gp_attnd_age_sex_phn_2016_17.24"},{"type":"Feature","properties":{"specialist_attnds_age_specific_rts_lt_15":0.35,"phn_code":"PHN402","after_hrs_gp_attnds_age_specific_rts_45_64":0.16,"after_hrs_gp_attnds_age_specific_rts_lt_15":0.25,"specialist_attnds_age_specific_rts_25_44":0.5,"gp_attnds_sex_specific_rts_m":5.2,"gp_attnds_age_specific_rts_45_64":5.6,"gp_attnds_age_specific_rts_15_24":4.4,"phn_name":"Country SA","gp_attnds_age_specific_rts_25_44":4.7,"specialist_attnds_sex_specific_rts_m":0.82,"after_hrs_gp_attnds_age_specific_rts_65_plus":0.22,"gp_attnds_sex_specific_rts_f":6.7,"gp_attnds_age_specific_rts_65_plus":10.9,"after_hrs_gp_attnds_age_specific_rts_15_24":0.31,"after_hrs_gp_attnds_sex_specific_rts_f":0.24,"after_hrs_gp_attnds_age_specific_rts_25_44":0.25,"specialist_attnds_sex_specific_rts_f":0.95,"specialist_attnds_age_specific_rts_65_plus":1.99,"gp_attnds_age_specific_rts_lt_15":3.4,"after_hrs_gp_attnds_sex_specific_rts_m":0.2,"specialist_attnds_age_specific_rts_15_24":0.41,"specialist_attnds_age_specific_rts_45_64":0.95},"id":"aihw_mbs_gp_attnd_age_sex_phn_2016_17.25"},{"type":"Feature","properties":{"specialist_attnds_age_specific_rts_lt_15":0.32,"phn_code":"PHN501","after_hrs_gp_attnds_age_specific_rts_45_64":0.31,"after_hrs_gp_attnds_age_specific_rts_lt_15":0.48,"specialist_attnds_age_specific_rts_25_44":0.45,"gp_attnds_sex_specific_rts_m":4.6,"gp_attnds_age_specific_rts_45_64":5.6,"gp_attnds_age_specific_rts_15_24":3.7,"phn_name":"Perth North","gp_attnds_age_specific_rts_25_44":4.3,"specialist_attnds_sex_specific_rts_m":0.66,"after_hrs_gp_attnds_age_specific_rts_65_plus":0.45,"gp_attnds_sex_specific_rts_f":6.2,"gp_attnds_age_specific_rts_65_plus":10.9,"after_hrs_gp_attnds_age_specific_rts_15_24":0.34,"after_hrs_gp_attnds_sex_specific_rts_f":0.43,"after_hrs_gp_attnds_age_specific_rts_25_44":0.39,"specialist_attnds_sex_specific_rts_f":0.81,"specialist_attnds_age_specific_rts_65_plus":2.09,"gp_attnds_age_specific_rts_lt_15":4.0,"after_hrs_gp_attnds_sex_specific_rts_m":0.35,"specialist_attnds_age_specific_rts_15_24":0.33,"specialist_attnds_age_specific_rts_45_64":0.9},"id":"aihw_mbs_gp_attnd_age_sex_phn_2016_17.26"},{"type":"Feature","properties":{"specialist_attnds_age_specific_rts_lt_15":0.28,"phn_code":"PHN502","after_hrs_gp_attnds_age_specific_rts_45_64":0.35,"after_hrs_gp_attnds_age_specific_rts_lt_15":0.55,"specialist_attnds_age_specific_rts_25_44":0.4,"gp_attnds_sex_specific_rts_m":4.8,"gp_attnds_age_specific_rts_45_64":5.9,"gp_attnds_age_specific_rts_15_24":3.8,"phn_name":"Perth South","gp_attnds_age_specific_rts_25_44":4.7,"specialist_attnds_sex_specific_rts_m":0.61,"after_hrs_gp_attnds_age_specific_rts_65_plus":0.4,"gp_attnds_sex_specific_rts_f":6.5,"gp_attnds_age_specific_rts_65_plus":11.1,"after_hrs_gp_attnds_age_specific_rts_15_24":0.39,"after_hrs_gp_attnds_sex_specific_rts_f":0.49,"after_hrs_gp_attnds_age_specific_rts_25_44":0.47,"specialist_attnds_sex_specific_rts_f":0.75,"specialist_attnds_age_specific_rts_65_plus":1.98,"gp_attnds_age_specific_rts_lt_15":4.1,"after_hrs_gp_attnds_sex_specific_rts_m":0.39,"specialist_attnds_age_specific_rts_15_24":0.27,"specialist_attnds_age_specific_rts_45_64":0.84},"id":"aihw_mbs_gp_attnd_age_sex_phn_2016_17.27"},{"type":"Feature","properties":{"specialist_attnds_age_specific_rts_lt_15":0.19,"phn_code":"PHN503","after_hrs_gp_attnds_age_specific_rts_45_64":0.14,"after_hrs_gp_attnds_age_specific_rts_lt_15":0.18,"specialist_attnds_age_specific_rts_25_44":0.3,"gp_attnds_sex_specific_rts_m":4.1,"gp_attnds_age_specific_rts_45_64":5.1,"gp_attnds_age_specific_rts_15_24":3.8,"phn_name":"Country WA","gp_attnds_age_specific_rts_25_44":3.7,"specialist_attnds_sex_specific_rts_m":0.51,"after_hrs_gp_attnds_age_specific_rts_65_plus":0.18,"gp_attnds_sex_specific_rts_f":5.6,"gp_attnds_age_specific_rts_65_plus":10.2,"after_hrs_gp_attnds_age_specific_rts_15_24":0.22,"after_hrs_gp_attnds_sex_specific_rts_f":0.2,"after_hrs_gp_attnds_age_specific_rts_25_44":0.18,"specialist_attnds_sex_specific_rts_f":0.61,"specialist_attnds_age_specific_rts_65_plus":1.71,"gp_attnds_age_specific_rts_lt_15":3.0,"after_hrs_gp_attnds_sex_specific_rts_m":0.16,"specialist_attnds_age_specific_rts_15_24":0.23,"specialist_attnds_age_specific_rts_45_64":0.66},"id":"aihw_mbs_gp_attnd_age_sex_phn_2016_17.28"},{"type":"Feature","properties":{"specialist_attnds_age_specific_rts_lt_15":0.32,"phn_code":"PHN601","after_hrs_gp_attnds_age_specific_rts_45_64":0.13,"after_hrs_gp_attnds_age_specific_rts_lt_15":0.24,"specialist_attnds_age_specific_rts_25_44":0.58,"gp_attnds_sex_specific_rts_m":4.7,"gp_attnds_age_specific_rts_45_64":5.6,"gp_attnds_age_specific_rts_15_24":3.8,"phn_name":"Tasmania","gp_attnds_age_specific_rts_25_44":4.3,"specialist_attnds_sex_specific_rts_m":0.79,"after_hrs_gp_attnds_age_specific_rts_65_plus":0.23,"gp_attnds_sex_specific_rts_f":6.4,"gp_attnds_age_specific_rts_65_plus":10.6,"after_hrs_gp_attnds_age_specific_rts_15_24":0.19,"after_hrs_gp_attnds_sex_specific_rts_f":0.22,"after_hrs_gp_attnds_age_specific_rts_25_44":0.19,"specialist_attnds_sex_specific_rts_f":0.98,"specialist_attnds_age_specific_rts_65_plus":2.01,"gp_attnds_age_specific_rts_lt_15":3.1,"after_hrs_gp_attnds_sex_specific_rts_m":0.16,"specialist_attnds_age_specific_rts_15_24":0.38,"specialist_attnds_age_specific_rts_45_64":0.98},"id":"aihw_mbs_gp_attnd_age_sex_phn_2016_17.29"},{"type":"Feature","properties":{"specialist_attnds_age_specific_rts_lt_15":0.2,"phn_code":"PHN701","after_hrs_gp_attnds_age_specific_rts_45_64":0.31,"after_hrs_gp_attnds_age_specific_rts_lt_15":0.39,"specialist_attnds_age_specific_rts_25_44":0.2,"gp_attnds_sex_specific_rts_m":3.7,"gp_attnds_age_specific_rts_45_64":5.2,"gp_attnds_age_specific_rts_15_24":3.1,"phn_name":"Northern Territory","gp_attnds_age_specific_rts_25_44":3.8,"specialist_attnds_sex_specific_rts_m":0.29,"after_hrs_gp_attnds_age_specific_rts_65_plus":0.98,"gp_attnds_sex_specific_rts_f":5.0,"gp_attnds_age_specific_rts_65_plus":10.9,"after_hrs_gp_attnds_age_specific_rts_15_24":0.3,"after_hrs_gp_attnds_sex_specific_rts_f":0.43,"after_hrs_gp_attnds_age_specific_rts_25_44":0.35,"specialist_attnds_sex_specific_rts_f":0.34,"specialist_attnds_age_specific_rts_65_plus":1.12,"gp_attnds_age_specific_rts_lt_15":3.1,"after_hrs_gp_attnds_sex_specific_rts_m":0.34,"specialist_attnds_age_specific_rts_15_24":0.13,"specialist_attnds_age_specific_rts_45_64":0.47},"id":"aihw_mbs_gp_attnd_age_sex_phn_2016_17.30"},{"type":"Feature","properties":{"specialist_attnds_age_specific_rts_lt_15":0.35,"phn_code":"PHN801","after_hrs_gp_attnds_age_specific_rts_45_64":0.25,"after_hrs_gp_attnds_age_specific_rts_lt_15":0.48,"specialist_attnds_age_specific_rts_25_44":0.51,"gp_attnds_sex_specific_rts_m":4.0,"gp_attnds_age_specific_rts_45_64":5.1,"gp_attnds_age_specific_rts_15_24":3.1,"phn_name":"Australian Capital Territory","gp_attnds_age_specific_rts_25_44":4.2,"specialist_attnds_sex_specific_rts_m":0.64,"after_hrs_gp_attnds_age_specific_rts_65_plus":0.36,"gp_attnds_sex_specific_rts_f":5.6,"gp_attnds_age_specific_rts_65_plus":9.5,"after_hrs_gp_attnds_age_specific_rts_15_24":0.25,"after_hrs_gp_attnds_sex_specific_rts_f":0.37,"after_hrs_gp_attnds_age_specific_rts_25_44":0.33,"specialist_attnds_sex_specific_rts_f":0.88,"specialist_attnds_age_specific_rts_65_plus":2.24,"gp_attnds_age_specific_rts_lt_15":3.9,"after_hrs_gp_attnds_sex_specific_rts_m":0.3,"specialist_attnds_age_specific_rts_15_24":0.34,"specialist_attnds_age_specific_rts_45_64":0.94},"id":"aihw_mbs_gp_attnd_age_sex_phn_2016_17.31"}]}