{"organisation":"AU_Govt_AIHW","name":"aihw_mbs_gp_attnd_age_sex_phn_2016_17","title":"AIHW - Medicare Benefits Schedule Statistics - GP and Specialist Attendances by Age Group and Sex (%) (PHN) 2016-2017","legal":{"copyrightYear":"2018","attributionYear":"2018","attribution":"{datasource.organisationTitle}, ({dataset.attributionYear}): {dataset.title}; accessed from AURIN on {dateOfAccess}.","clickthrough":false,"licenceType":"Creative Commons Attribution 3.0 Australia (CC BY 3.0 AU)","copyrightNotice":"&copy; {datasource.organisationTitle} {dataset.copyrightYear}"},"referenceSystemIdentifier":"urn:x-ogc:def:crs:EPSG:4283","geoLevel":"phn2015","key":"phn_code","keyRegex":null,"availability":"true","geomField":"geom","keyword":"population,health","theme":null,"temporalExtent":{"beginDate":"2016-07-01T00:00:00","endDate":"2017-06-30T00:00:00","selectTime":false},"type":"dataset","_id":"dataset-AU_Govt_AIHW-aihw_mbs_gp_attnd_age_sex_phn_2016_17-phn2015","bbox":null,"abstract":"This dataset presents the footprint of the rates of general practitioner (GP) and specialist attendances by age group and sex. The data spans the financial year of 2016-2017 and is aggregated to 2015 Department of Health Primary Health Network (PHN) areas, based on the 2011 Australian Statistical Geography Standard (ASGS).<br/><br/>\n\nThe data is sourced from the Medicare Benefits Schedule (MBS) claims data, which are administered by the Australian Government Department of Health. These claims data are derived from administrative information on services that qualify for a Medicare benefit under the Health Insurance Act 1973 and for which a claim is processed by the Department of Human Services.<br/><br/>\n\nFor further information about this dataset visit the data source: <a href=\"https://www.aihw.gov.au/reports/health-welfare-expenditure/mbs-gp-and-specialist-attendances-2016-17/data\" target=\"_blank\">Australian Institute of Health and Welfare - Medicare Benefits Schedule GP and Specialist Attendances and Expenditure in 2016-17 Data Tables.</a>\n<br/><br/>\n\nPlease note:\n<ul>\n<li>AURIN has spatially enabled the original data using the <a href=\"https://www1.health.gov.au/internet/main/publishing.nsf/Content/PHN-Home\" target=\"_blank\">Department of Health - PHN Areas.</a></li>\n<li>MBS claims data do not include services that were provided free of charge to public patients in hospitals or were subsidised by the Department of Veterans' Affairs, compensation arrangements or through other publicly funded programs including jurisdictional salaried GP services provided in remote outreach clinics.</li>\n<li>GP attendances are Medicare benefit-funded patient/doctor encounters, such as visits and consultations, for which the patient has not been referred by another doctor. GP attendances do not include services provided by practice nurses and Aboriginal and Torres Strait Islander health practitioners on a GP's behalf.</li>\n<li>GP after-hours attendances are Medicare benefit-funded after-hours patient/doctor encounters, such as visits and consultations, for which the patient has not been referred by another doctor. They include urgent and non-urgent attendances.</li>\n<li>Specialist attendances are Medicare benefits-funded referred patient/doctor encounters, such as visits, consultations, and attendances by video conference, involving medical practitioners who have been recognised as specialists or consultant physicians for Medicare benefits purposes.</li>\n</ul>\n\n\n\n","selectedAttributes":[{"name":"phn_code","type":"String","title":"PHN Code","description":"PHN code.","stype":"ratio","isDimension":false},{"name":"after_hrs_gp_attnds_age_specific_rts_15_24","type":"Double","title":"After-Hours GP Attendances - Age-Specific Rates 15-24","description":"After-hours GP attendances - age-specific rates 15-24.","stype":"ratio","isDimension":false},{"name":"after_hrs_gp_attnds_age_specific_rts_25_44","type":"Double","title":"After-Hours GP Attendances - Age-Specific Rates 25-44","description":"After-hours GP attendances - age-specific rates 25-44.","stype":"ratio","isDimension":false},{"name":"after_hrs_gp_attnds_age_specific_rts_45_64","type":"Double","title":"After-Hours GP Attendances - Age-Specific Rates 45-64","description":"After-hours GP attendances - age-specific rates 45-64.","stype":"ratio","isDimension":false},{"name":"after_hrs_gp_attnds_age_specific_rts_65_plus","type":"Double","title":"After-Hours GP Attendances - Age-Specific Rates 65+","description":"After-hours GP attendances - age-specific rates 65+.","stype":"ratio","isDimension":false},{"name":"after_hrs_gp_attnds_age_specific_rts_lt_15","type":"Double","title":"After-Hours GP Attendances - Age-Specific Rates <15","description":"After-hours GP attendances - age-specific rates <15.","stype":"ratio","isDimension":false},{"name":"after_hrs_gp_attnds_sex_specific_rts_f","type":"Double","title":"After-Hours GP Attendances - Sex-Specific Rates Female ","description":"After-hours GP attendances  - sex-specific rates female.","stype":"ratio","isDimension":false},{"name":"after_hrs_gp_attnds_sex_specific_rts_m","type":"Double","title":"After-Hours GP Attendances - Sex-Specific Rates Male","description":"After-hours GP attendances - sex-specific rates male.","stype":"ratio","isDimension":false},{"name":"gp_attnds_age_specific_rts_15_24","type":"Double","title":"GP Attendances - Age-Specific Rates 15-24","description":"GP attendances - age-specific rates 15-24.","stype":"ratio","isDimension":false},{"name":"gp_attnds_age_specific_rts_25_44","type":"Double","title":"GP Attendances - Age-Specific Rates 25-44","description":"GP attendances - age-specific rates 25-44.","stype":"ratio","isDimension":false},{"name":"gp_attnds_age_specific_rts_45_64","type":"Double","title":"GP Attendances - Age-Specific Rates 45-64","description":"GP attendances - age-specific rates 45-64.","stype":"ratio","isDimension":false},{"name":"gp_attnds_age_specific_rts_65_plus","type":"Double","title":"GP Attendances - Age-Specific Rates 65+","description":"GP attendances - age-specific rates 65+.","stype":"ratio","isDimension":false},{"name":"gp_attnds_age_specific_rts_lt_15","type":"Double","title":"GP Attendances - Age-Specific Rates <15","description":"GP attendances - age-specific rates <15.","stype":"ratio","isDimension":false},{"name":"gp_attnds_sex_specific_rts_f","type":"Double","title":"GP Attendances - Sex-Specific Rates Female ","description":"GP attendances - sex-specific rates female.","stype":"ratio","isDimension":false},{"name":"gp_attnds_sex_specific_rts_m","type":"Double","title":"GP Attendances - Sex-Specific Rates Male","description":"GP attendances - sex-specific rates male.","stype":"ratio","isDimension":false},{"name":"phn_name","type":"String","title":"PHN Name","description":"PHN name.","stype":"ratio","isDimension":false},{"name":"specialist_attnds_age_specific_rts_15_24","type":"Double","title":"Specialist Attendances - Age-Specific Rates 15-24","description":"Specialist attendances - age-specific rates 15-24.","stype":"ratio","isDimension":false},{"name":"specialist_attnds_age_specific_rts_25_44","type":"Double","title":"Specialist Attendances - Age-Specific Rates 25-44","description":"Specialist attendances - age-specific rates 25-44.","stype":"ratio","isDimension":false},{"name":"specialist_attnds_age_specific_rts_45_64","type":"Double","title":"Specialist Attendances - Age-Specific Rates 45-64","description":"Specialist attendances - age-specific rates 45-64.","stype":"ratio","isDimension":false},{"name":"specialist_attnds_age_specific_rts_65_plus","type":"Double","title":"Specialist Attendances - Age-Specific Rates 65+","description":"Specialist attendances - age-specific rates 65+.","stype":"ratio","isDimension":false},{"name":"specialist_attnds_age_specific_rts_lt_15","type":"Double","title":"Specialist Attendances - Age-Specific Rates <15","description":"Specialist attendances - age-specific rates <15.","stype":"ratio","isDimension":false},{"name":"specialist_attnds_sex_specific_rts_f","type":"Double","title":"Specialist Attendances - Sex-Specific Rates Female ","description":"Specialist attendances - sex-specific rates female.","stype":"ratio","isDimension":false},{"name":"specialist_attnds_sex_specific_rts_m","type":"Double","title":"Specialist Attendances - Sex-Specific Rates Male","description":"Specialist attendances - sex-specific rates male.","stype":"ratio","isDimension":false}],"filter":{"filterType":"tabular","feature":{"key":"phn_code","geoLevel":"phn2015","geoField":"ignored","year":"2006","featureBbox":[96.81676569599999,-43.740509603,159.109219008,-9.142175977],"featureType":"country","featureInstance":"au","featureName":"Australia","referenceSystemIdentifier":"urn:x-ogc:def:crs:EPSG:4283","prefix":"","keyTransform":null},"states":[]}}