{"type":"FeatureCollection","bbox":[0.0,0.0,-1.0,-1.0],"features":[{"type":"Feature","properties":{"sa4_code16":"101","yr":"2016","sa4_name16":"Capital Region","ogc_fid":1,"core_activity_need_asst_p_need_asst_core_activ_pr100":5.5},"id":"abs_data_by_region_health_and_disability_asgs_sa4_2011_2016.1"},{"type":"Feature","properties":{"sa4_code16":"102","yr":"2016","sa4_name16":"Central Coast","ogc_fid":7,"core_activity_need_asst_p_need_asst_core_activ_pr100":6.4},"id":"abs_data_by_region_health_and_disability_asgs_sa4_2011_2016.7"},{"type":"Feature","properties":{"sa4_code16":"103","yr":"2016","sa4_name16":"Central West","ogc_fid":13,"core_activity_need_asst_p_need_asst_core_activ_pr100":5.6},"id":"abs_data_by_region_health_and_disability_asgs_sa4_2011_2016.13"},{"type":"Feature","properties":{"sa4_code16":"104","yr":"2016","sa4_name16":"Coffs Harbour - Grafton","ogc_fid":19,"core_activity_need_asst_p_need_asst_core_activ_pr100":7.0},"id":"abs_data_by_region_health_and_disability_asgs_sa4_2011_2016.19"},{"type":"Feature","properties":{"sa4_code16":"105","yr":"2016","sa4_name16":"Far West and Orana","ogc_fid":25,"core_activity_need_asst_p_need_asst_core_activ_pr100":6.1},"id":"abs_data_by_region_health_and_disability_asgs_sa4_2011_2016.25"},{"type":"Feature","properties":{"sa4_code16":"106","yr":"2016","sa4_name16":"Hunter Valley exc Newcastle","ogc_fid":31,"core_activity_need_asst_p_need_asst_core_activ_pr100":6.0},"id":"abs_data_by_region_health_and_disability_asgs_sa4_2011_2016.31"},{"type":"Feature","properties":{"sa4_code16":"107","yr":"2016","sa4_name16":"Illawarra","ogc_fid":37,"core_activity_need_asst_p_need_asst_core_activ_pr100":6.4},"id":"abs_data_by_region_health_and_disability_asgs_sa4_2011_2016.37"},{"type":"Feature","properties":{"sa4_code16":"108","yr":"2016","sa4_name16":"Mid North Coast","ogc_fid":43,"core_activity_need_asst_p_need_asst_core_activ_pr100":7.9},"id":"abs_data_by_region_health_and_disability_asgs_sa4_2011_2016.43"},{"type":"Feature","properties":{"sa4_code16":"109","yr":"2016","sa4_name16":"Murray","ogc_fid":49,"core_activity_need_asst_p_need_asst_core_activ_pr100":5.8},"id":"abs_data_by_region_health_and_disability_asgs_sa4_2011_2016.49"},{"type":"Feature","properties":{"sa4_code16":"110","yr":"2016","sa4_name16":"New England and North West","ogc_fid":55,"core_activity_need_asst_p_need_asst_core_activ_pr100":5.6},"id":"abs_data_by_region_health_and_disability_asgs_sa4_2011_2016.55"},{"type":"Feature","properties":{"sa4_code16":"111","yr":"2016","sa4_name16":"Newcastle and Lake Macquarie","ogc_fid":61,"core_activity_need_asst_p_need_asst_core_activ_pr100":6.3},"id":"abs_data_by_region_health_and_disability_asgs_sa4_2011_2016.61"},{"type":"Feature","properties":{"sa4_code16":"112","yr":"2016","sa4_name16":"Richmond - Tweed","ogc_fid":67,"core_activity_need_asst_p_need_asst_core_activ_pr100":6.5},"id":"abs_data_by_region_health_and_disability_asgs_sa4_2011_2016.67"},{"type":"Feature","properties":{"sa4_code16":"113","yr":"2016","sa4_name16":"Riverina","ogc_fid":73,"core_activity_need_asst_p_need_asst_core_activ_pr100":5.3},"id":"abs_data_by_region_health_and_disability_asgs_sa4_2011_2016.73"},{"type":"Feature","properties":{"sa4_code16":"114","yr":"2016","sa4_name16":"Southern Highlands and Shoalhaven","ogc_fid":79,"core_activity_need_asst_p_need_asst_core_activ_pr100":7.0},"id":"abs_data_by_region_health_and_disability_asgs_sa4_2011_2016.79"},{"type":"Feature","properties":{"sa4_code16":"115","yr":"2016","sa4_name16":"Sydney - Baulkham Hills and Hawkesbury","ogc_fid":85,"core_activity_need_asst_p_need_asst_core_activ_pr100":3.6},"id":"abs_data_by_region_health_and_disability_asgs_sa4_2011_2016.85"},{"type":"Feature","properties":{"sa4_code16":"116","yr":"2016","sa4_name16":"Sydney - Blacktown","ogc_fid":91,"core_activity_need_asst_p_need_asst_core_activ_pr100":5.1},"id":"abs_data_by_region_health_and_disability_asgs_sa4_2011_2016.91"},{"type":"Feature","properties":{"sa4_code16":"117","yr":"2016","sa4_name16":"Sydney - City and Inner South","ogc_fid":97,"core_activity_need_asst_p_need_asst_core_activ_pr100":3.3},"id":"abs_data_by_region_health_and_disability_asgs_sa4_2011_2016.97"},{"type":"Feature","properties":{"sa4_code16":"118","yr":"2016","sa4_name16":"Sydney - Eastern Suburbs","ogc_fid":103,"core_activity_need_asst_p_need_asst_core_activ_pr100":3.3},"id":"abs_data_by_region_health_and_disability_asgs_sa4_2011_2016.103"},{"type":"Feature","properties":{"sa4_code16":"119","yr":"2016","sa4_name16":"Sydney - Inner South West","ogc_fid":109,"core_activity_need_asst_p_need_asst_core_activ_pr100":6.0},"id":"abs_data_by_region_health_and_disability_asgs_sa4_2011_2016.109"},{"type":"Feature","properties":{"sa4_code16":"120","yr":"2016","sa4_name16":"Sydney - Inner West","ogc_fid":115,"core_activity_need_asst_p_need_asst_core_activ_pr100":4.4},"id":"abs_data_by_region_health_and_disability_asgs_sa4_2011_2016.115"},{"type":"Feature","properties":{"sa4_code16":"121","yr":"2016","sa4_name16":"Sydney - North Sydney and Hornsby","ogc_fid":121,"core_activity_need_asst_p_need_asst_core_activ_pr100":3.3},"id":"abs_data_by_region_health_and_disability_asgs_sa4_2011_2016.121"},{"type":"Feature","properties":{"sa4_code16":"122","yr":"2016","sa4_name16":"Sydney - Northern Beaches","ogc_fid":127,"core_activity_need_asst_p_need_asst_core_activ_pr100":3.7},"id":"abs_data_by_region_health_and_disability_asgs_sa4_2011_2016.127"},{"type":"Feature","properties":{"sa4_code16":"123","yr":"2016","sa4_name16":"Sydney - Outer South West","ogc_fid":133,"core_activity_need_asst_p_need_asst_core_activ_pr100":5.3},"id":"abs_data_by_region_health_and_disability_asgs_sa4_2011_2016.133"},{"type":"Feature","properties":{"sa4_code16":"124","yr":"2016","sa4_name16":"Sydney - Outer West and Blue Mountains","ogc_fid":139,"core_activity_need_asst_p_need_asst_core_activ_pr100":5.3},"id":"abs_data_by_region_health_and_disability_asgs_sa4_2011_2016.139"},{"type":"Feature","properties":{"sa4_code16":"125","yr":"2016","sa4_name16":"Sydney - Parramatta","ogc_fid":145,"core_activity_need_asst_p_need_asst_core_activ_pr100":5.3},"id":"abs_data_by_region_health_and_disability_asgs_sa4_2011_2016.145"},{"type":"Feature","properties":{"sa4_code16":"126","yr":"2016","sa4_name16":"Sydney - Ryde","ogc_fid":151,"core_activity_need_asst_p_need_asst_core_activ_pr100":4.4},"id":"abs_data_by_region_health_and_disability_asgs_sa4_2011_2016.151"},{"type":"Feature","properties":{"sa4_code16":"127","yr":"2016","sa4_name16":"Sydney - South West","ogc_fid":157,"core_activity_need_asst_p_need_asst_core_activ_pr100":7.1},"id":"abs_data_by_region_health_and_disability_asgs_sa4_2011_2016.157"},{"type":"Feature","properties":{"sa4_code16":"128","yr":"2016","sa4_name16":"Sydney - Sutherland","ogc_fid":163,"core_activity_need_asst_p_need_asst_core_activ_pr100":4.3},"id":"abs_data_by_region_health_and_disability_asgs_sa4_2011_2016.163"},{"type":"Feature","properties":{"sa4_code16":"201","yr":"2016","sa4_name16":"Ballarat","ogc_fid":169,"core_activity_need_asst_p_need_asst_core_activ_pr100":6.2},"id":"abs_data_by_region_health_and_disability_asgs_sa4_2011_2016.169"},{"type":"Feature","properties":{"sa4_code16":"202","yr":"2016","sa4_name16":"Bendigo","ogc_fid":175,"core_activity_need_asst_p_need_asst_core_activ_pr100":5.8},"id":"abs_data_by_region_health_and_disability_asgs_sa4_2011_2016.175"},{"type":"Feature","properties":{"sa4_code16":"203","yr":"2016","sa4_name16":"Geelong","ogc_fid":181,"core_activity_need_asst_p_need_asst_core_activ_pr100":5.7},"id":"abs_data_by_region_health_and_disability_asgs_sa4_2011_2016.181"},{"type":"Feature","properties":{"sa4_code16":"204","yr":"2016","sa4_name16":"Hume","ogc_fid":187,"core_activity_need_asst_p_need_asst_core_activ_pr100":5.7},"id":"abs_data_by_region_health_and_disability_asgs_sa4_2011_2016.187"},{"type":"Feature","properties":{"sa4_code16":"205","yr":"2016","sa4_name16":"Latrobe - Gippsland","ogc_fid":193,"core_activity_need_asst_p_need_asst_core_activ_pr100":6.3},"id":"abs_data_by_region_health_and_disability_asgs_sa4_2011_2016.193"},{"type":"Feature","properties":{"sa4_code16":"206","yr":"2016","sa4_name16":"Melbourne - Inner","ogc_fid":199,"core_activity_need_asst_p_need_asst_core_activ_pr100":3.5},"id":"abs_data_by_region_health_and_disability_asgs_sa4_2011_2016.199"},{"type":"Feature","properties":{"sa4_code16":"207","yr":"2016","sa4_name16":"Melbourne - Inner East","ogc_fid":205,"core_activity_need_asst_p_need_asst_core_activ_pr100":4.4},"id":"abs_data_by_region_health_and_disability_asgs_sa4_2011_2016.205"},{"type":"Feature","properties":{"sa4_code16":"208","yr":"2016","sa4_name16":"Melbourne - Inner South","ogc_fid":211,"core_activity_need_asst_p_need_asst_core_activ_pr100":4.4},"id":"abs_data_by_region_health_and_disability_asgs_sa4_2011_2016.211"},{"type":"Feature","properties":{"sa4_code16":"209","yr":"2016","sa4_name16":"Melbourne - North East","ogc_fid":217,"core_activity_need_asst_p_need_asst_core_activ_pr100":5.3},"id":"abs_data_by_region_health_and_disability_asgs_sa4_2011_2016.217"},{"type":"Feature","properties":{"sa4_code16":"210","yr":"2016","sa4_name16":"Melbourne - North West","ogc_fid":223,"core_activity_need_asst_p_need_asst_core_activ_pr100":6.2},"id":"abs_data_by_region_health_and_disability_asgs_sa4_2011_2016.223"},{"type":"Feature","properties":{"sa4_code16":"211","yr":"2016","sa4_name16":"Melbourne - Outer East","ogc_fid":229,"core_activity_need_asst_p_need_asst_core_activ_pr100":4.7},"id":"abs_data_by_region_health_and_disability_asgs_sa4_2011_2016.229"},{"type":"Feature","properties":{"sa4_code16":"212","yr":"2016","sa4_name16":"Melbourne - South East","ogc_fid":235,"core_activity_need_asst_p_need_asst_core_activ_pr100":5.1},"id":"abs_data_by_region_health_and_disability_asgs_sa4_2011_2016.235"},{"type":"Feature","properties":{"sa4_code16":"213","yr":"2016","sa4_name16":"Melbourne - West","ogc_fid":241,"core_activity_need_asst_p_need_asst_core_activ_pr100":5.1},"id":"abs_data_by_region_health_and_disability_asgs_sa4_2011_2016.241"},{"type":"Feature","properties":{"sa4_code16":"214","yr":"2016","sa4_name16":"Mornington Peninsula","ogc_fid":247,"core_activity_need_asst_p_need_asst_core_activ_pr100":5.4},"id":"abs_data_by_region_health_and_disability_asgs_sa4_2011_2016.247"},{"type":"Feature","properties":{"sa4_code16":"215","yr":"2016","sa4_name16":"North West","ogc_fid":253,"core_activity_need_asst_p_need_asst_core_activ_pr100":6.6},"id":"abs_data_by_region_health_and_disability_asgs_sa4_2011_2016.253"},{"type":"Feature","properties":{"sa4_code16":"216","yr":"2016","sa4_name16":"Shepparton","ogc_fid":259,"core_activity_need_asst_p_need_asst_core_activ_pr100":6.3},"id":"abs_data_by_region_health_and_disability_asgs_sa4_2011_2016.259"},{"type":"Feature","properties":{"sa4_code16":"217","yr":"2016","sa4_name16":"Warrnambool and South West","ogc_fid":265,"core_activity_need_asst_p_need_asst_core_activ_pr100":5.8},"id":"abs_data_by_region_health_and_disability_asgs_sa4_2011_2016.265"},{"type":"Feature","properties":{"sa4_code16":"301","yr":"2016","sa4_name16":"Brisbane - East","ogc_fid":271,"core_activity_need_asst_p_need_asst_core_activ_pr100":5.1},"id":"abs_data_by_region_health_and_disability_asgs_sa4_2011_2016.271"},{"type":"Feature","properties":{"sa4_code16":"302","yr":"2016","sa4_name16":"Brisbane - North","ogc_fid":277,"core_activity_need_asst_p_need_asst_core_activ_pr100":4.8},"id":"abs_data_by_region_health_and_disability_asgs_sa4_2011_2016.277"},{"type":"Feature","properties":{"sa4_code16":"303","yr":"2016","sa4_name16":"Brisbane - South","ogc_fid":283,"core_activity_need_asst_p_need_asst_core_activ_pr100":4.3},"id":"abs_data_by_region_health_and_disability_asgs_sa4_2011_2016.283"},{"type":"Feature","properties":{"sa4_code16":"304","yr":"2016","sa4_name16":"Brisbane - West","ogc_fid":289,"core_activity_need_asst_p_need_asst_core_activ_pr100":3.9},"id":"abs_data_by_region_health_and_disability_asgs_sa4_2011_2016.289"},{"type":"Feature","properties":{"sa4_code16":"305","yr":"2016","sa4_name16":"Brisbane Inner City","ogc_fid":295,"core_activity_need_asst_p_need_asst_core_activ_pr100":2.6},"id":"abs_data_by_region_health_and_disability_asgs_sa4_2011_2016.295"},{"type":"Feature","properties":{"sa4_code16":"306","yr":"2016","sa4_name16":"Cairns","ogc_fid":302,"core_activity_need_asst_p_need_asst_core_activ_pr100":4.8},"id":"abs_data_by_region_health_and_disability_asgs_sa4_2011_2016.302"},{"type":"Feature","properties":{"sa4_code16":"307","yr":"2016","sa4_name16":"Darling Downs - Maranoa","ogc_fid":307,"core_activity_need_asst_p_need_asst_core_activ_pr100":5.8},"id":"abs_data_by_region_health_and_disability_asgs_sa4_2011_2016.307"},{"type":"Feature","properties":{"sa4_code16":"308","yr":"2016","sa4_name16":"Central Queensland","ogc_fid":313,"core_activity_need_asst_p_need_asst_core_activ_pr100":4.8},"id":"abs_data_by_region_health_and_disability_asgs_sa4_2011_2016.313"},{"type":"Feature","properties":{"sa4_code16":"309","yr":"2016","sa4_name16":"Gold Coast","ogc_fid":319,"core_activity_need_asst_p_need_asst_core_activ_pr100":4.9},"id":"abs_data_by_region_health_and_disability_asgs_sa4_2011_2016.319"},{"type":"Feature","properties":{"sa4_code16":"310","yr":"2016","sa4_name16":"Ipswich","ogc_fid":325,"core_activity_need_asst_p_need_asst_core_activ_pr100":5.8},"id":"abs_data_by_region_health_and_disability_asgs_sa4_2011_2016.325"},{"type":"Feature","properties":{"sa4_code16":"311","yr":"2016","sa4_name16":"Logan - Beaudesert","ogc_fid":331,"core_activity_need_asst_p_need_asst_core_activ_pr100":5.7},"id":"abs_data_by_region_health_and_disability_asgs_sa4_2011_2016.331"},{"type":"Feature","properties":{"sa4_code16":"312","yr":"2016","sa4_name16":"Mackay - Isaac - Whitsunday","ogc_fid":337,"core_activity_need_asst_p_need_asst_core_activ_pr100":4.1},"id":"abs_data_by_region_health_and_disability_asgs_sa4_2011_2016.337"},{"type":"Feature","properties":{"sa4_code16":"313","yr":"2016","sa4_name16":"Moreton Bay - North","ogc_fid":343,"core_activity_need_asst_p_need_asst_core_activ_pr100":6.9},"id":"abs_data_by_region_health_and_disability_asgs_sa4_2011_2016.343"},{"type":"Feature","properties":{"sa4_code16":"314","yr":"2016","sa4_name16":"Moreton Bay - South","ogc_fid":349,"core_activity_need_asst_p_need_asst_core_activ_pr100":4.1},"id":"abs_data_by_region_health_and_disability_asgs_sa4_2011_2016.349"},{"type":"Feature","properties":{"sa4_code16":"315","yr":"2016","sa4_name16":"Queensland - Outback","ogc_fid":355,"core_activity_need_asst_p_need_asst_core_activ_pr100":3.2},"id":"abs_data_by_region_health_and_disability_asgs_sa4_2011_2016.355"},{"type":"Feature","properties":{"sa4_code16":"316","yr":"2016","sa4_name16":"Sunshine Coast","ogc_fid":361,"core_activity_need_asst_p_need_asst_core_activ_pr100":5.7},"id":"abs_data_by_region_health_and_disability_asgs_sa4_2011_2016.361"},{"type":"Feature","properties":{"sa4_code16":"317","yr":"2016","sa4_name16":"Toowoomba","ogc_fid":367,"core_activity_need_asst_p_need_asst_core_activ_pr100":5.7},"id":"abs_data_by_region_health_and_disability_asgs_sa4_2011_2016.367"},{"type":"Feature","properties":{"sa4_code16":"318","yr":"2016","sa4_name16":"Townsville","ogc_fid":373,"core_activity_need_asst_p_need_asst_core_activ_pr100":5.1},"id":"abs_data_by_region_health_and_disability_asgs_sa4_2011_2016.373"},{"type":"Feature","properties":{"sa4_code16":"319","yr":"2016","sa4_name16":"Wide Bay","ogc_fid":379,"core_activity_need_asst_p_need_asst_core_activ_pr100":8.7},"id":"abs_data_by_region_health_and_disability_asgs_sa4_2011_2016.379"},{"type":"Feature","properties":{"sa4_code16":"401","yr":"2016","sa4_name16":"Adelaide - Central and Hills","ogc_fid":385,"core_activity_need_asst_p_need_asst_core_activ_pr100":4.9},"id":"abs_data_by_region_health_and_disability_asgs_sa4_2011_2016.385"},{"type":"Feature","properties":{"sa4_code16":"402","yr":"2016","sa4_name16":"Adelaide - North","ogc_fid":391,"core_activity_need_asst_p_need_asst_core_activ_pr100":6.4},"id":"abs_data_by_region_health_and_disability_asgs_sa4_2011_2016.391"},{"type":"Feature","properties":{"sa4_code16":"403","yr":"2016","sa4_name16":"Adelaide - South","ogc_fid":397,"core_activity_need_asst_p_need_asst_core_activ_pr100":5.8},"id":"abs_data_by_region_health_and_disability_asgs_sa4_2011_2016.397"},{"type":"Feature","properties":{"sa4_code16":"404","yr":"2016","sa4_name16":"Adelaide - West","ogc_fid":403,"core_activity_need_asst_p_need_asst_core_activ_pr100":6.6},"id":"abs_data_by_region_health_and_disability_asgs_sa4_2011_2016.403"},{"type":"Feature","properties":{"sa4_code16":"405","yr":"2016","sa4_name16":"Barossa - Yorke - Mid North","ogc_fid":409,"core_activity_need_asst_p_need_asst_core_activ_pr100":6.8},"id":"abs_data_by_region_health_and_disability_asgs_sa4_2011_2016.409"},{"type":"Feature","properties":{"sa4_code16":"406","yr":"2016","sa4_name16":"South Australia - Outback","ogc_fid":415,"core_activity_need_asst_p_need_asst_core_activ_pr100":5.3},"id":"abs_data_by_region_health_and_disability_asgs_sa4_2011_2016.415"},{"type":"Feature","properties":{"sa4_code16":"407","yr":"2016","sa4_name16":"South Australia - South East","ogc_fid":421,"core_activity_need_asst_p_need_asst_core_activ_pr100":6.3},"id":"abs_data_by_region_health_and_disability_asgs_sa4_2011_2016.421"},{"type":"Feature","properties":{"sa4_code16":"501","yr":"2016","sa4_name16":"Bunbury","ogc_fid":427,"core_activity_need_asst_p_need_asst_core_activ_pr100":4.4},"id":"abs_data_by_region_health_and_disability_asgs_sa4_2011_2016.427"},{"type":"Feature","properties":{"sa4_code16":"502","yr":"2016","sa4_name16":"Mandurah","ogc_fid":433,"core_activity_need_asst_p_need_asst_core_activ_pr100":5.7},"id":"abs_data_by_region_health_and_disability_asgs_sa4_2011_2016.433"},{"type":"Feature","properties":{"sa4_code16":"503","yr":"2016","sa4_name16":"Perth - Inner","ogc_fid":439,"core_activity_need_asst_p_need_asst_core_activ_pr100":3.4},"id":"abs_data_by_region_health_and_disability_asgs_sa4_2011_2016.439"},{"type":"Feature","properties":{"sa4_code16":"504","yr":"2016","sa4_name16":"Perth - North East","ogc_fid":445,"core_activity_need_asst_p_need_asst_core_activ_pr100":3.9},"id":"abs_data_by_region_health_and_disability_asgs_sa4_2011_2016.445"},{"type":"Feature","properties":{"sa4_code16":"505","yr":"2016","sa4_name16":"Perth - North West","ogc_fid":451,"core_activity_need_asst_p_need_asst_core_activ_pr100":3.6},"id":"abs_data_by_region_health_and_disability_asgs_sa4_2011_2016.451"},{"type":"Feature","properties":{"sa4_code16":"506","yr":"2016","sa4_name16":"Perth - South East","ogc_fid":457,"core_activity_need_asst_p_need_asst_core_activ_pr100":3.8},"id":"abs_data_by_region_health_and_disability_asgs_sa4_2011_2016.457"},{"type":"Feature","properties":{"sa4_code16":"507","yr":"2016","sa4_name16":"Perth - South West","ogc_fid":463,"core_activity_need_asst_p_need_asst_core_activ_pr100":4.0},"id":"abs_data_by_region_health_and_disability_asgs_sa4_2011_2016.463"},{"type":"Feature","properties":{"sa4_code16":"509","yr":"2016","sa4_name16":"Western Australia - Wheat Belt","ogc_fid":469,"core_activity_need_asst_p_need_asst_core_activ_pr100":4.8},"id":"abs_data_by_region_health_and_disability_asgs_sa4_2011_2016.469"},{"type":"Feature","properties":{"sa4_code16":"510","yr":"2016","sa4_name16":"Western Australia - Outback (North)","ogc_fid":475,"core_activity_need_asst_p_need_asst_core_activ_pr100":1.7},"id":"abs_data_by_region_health_and_disability_asgs_sa4_2011_2016.475"},{"type":"Feature","properties":{"sa4_code16":"511","yr":"2016","sa4_name16":"Western Australia - Outback (South)","ogc_fid":481,"core_activity_need_asst_p_need_asst_core_activ_pr100":3.7},"id":"abs_data_by_region_health_and_disability_asgs_sa4_2011_2016.481"},{"type":"Feature","properties":{"sa4_code16":"601","yr":"2016","sa4_name16":"Hobart","ogc_fid":487,"core_activity_need_asst_p_need_asst_core_activ_pr100":6.0},"id":"abs_data_by_region_health_and_disability_asgs_sa4_2011_2016.487"},{"type":"Feature","properties":{"sa4_code16":"602","yr":"2016","sa4_name16":"Launceston and North East","ogc_fid":493,"core_activity_need_asst_p_need_asst_core_activ_pr100":6.4},"id":"abs_data_by_region_health_and_disability_asgs_sa4_2011_2016.493"},{"type":"Feature","properties":{"sa4_code16":"603","yr":"2016","sa4_name16":"South East","ogc_fid":499,"core_activity_need_asst_p_need_asst_core_activ_pr100":6.6},"id":"abs_data_by_region_health_and_disability_asgs_sa4_2011_2016.499"},{"type":"Feature","properties":{"sa4_code16":"604","yr":"2016","sa4_name16":"West and North West","ogc_fid":505,"core_activity_need_asst_p_need_asst_core_activ_pr100":7.1},"id":"abs_data_by_region_health_and_disability_asgs_sa4_2011_2016.505"},{"type":"Feature","properties":{"sa4_code16":"701","yr":"2016","sa4_name16":"Darwin","ogc_fid":511,"core_activity_need_asst_p_need_asst_core_activ_pr100":2.9},"id":"abs_data_by_region_health_and_disability_asgs_sa4_2011_2016.511"},{"type":"Feature","properties":{"sa4_code16":"702","yr":"2016","sa4_name16":"Northern Territory - Outback","ogc_fid":517,"core_activity_need_asst_p_need_asst_core_activ_pr100":3.2},"id":"abs_data_by_region_health_and_disability_asgs_sa4_2011_2016.517"},{"type":"Feature","properties":{"sa4_code16":"801","yr":"2016","sa4_name16":"Australian Capital Territory","ogc_fid":523,"core_activity_need_asst_p_need_asst_core_activ_pr100":4.2},"id":"abs_data_by_region_health_and_disability_asgs_sa4_2011_2016.523"},{"type":"Feature","properties":{"sa4_code16":"901","yr":"2016","sa4_name16":"Other Territories","ogc_fid":529,"core_activity_need_asst_p_need_asst_core_activ_pr100":3.3},"id":"abs_data_by_region_health_and_disability_asgs_sa4_2011_2016.529"}]}