{"type":"FeatureCollection","bbox":[0.0,0.0,-1.0,-1.0],"features":[{"type":"Feature","properties":{"median_tot_hhd_inc_weekly":1228,"sa4_code16":"101","median_age_persons":44,"median_mortgage_repay_monthly":1625,"sa4_name16":"Capital Region","median_rent_weekly":250,"average_num_psns_per_bedroom":0.8,"median_tot_fam_inc_weekly":1561,"average_household_size":2.4,"median_tot_prsnl_inc_weekly":655},"id":"sa4_g02_selected_medians_and_averages_census_2016.fid--4956c171_17221745285_-5638"},{"type":"Feature","properties":{"median_tot_hhd_inc_weekly":1258,"sa4_code16":"102","median_age_persons":42,"median_mortgage_repay_monthly":1750,"sa4_name16":"Central Coast","median_rent_weekly":350,"average_num_psns_per_bedroom":0.8,"median_tot_fam_inc_weekly":1560,"average_household_size":2.5,"median_tot_prsnl_inc_weekly":600},"id":"sa4_g02_selected_medians_and_averages_census_2016.fid--4956c171_17221745285_-5637"},{"type":"Feature","properties":{"median_tot_hhd_inc_weekly":1166,"sa4_code16":"103","median_age_persons":41,"median_mortgage_repay_monthly":1500,"sa4_name16":"Central West","median_rent_weekly":235,"average_num_psns_per_bedroom":0.8,"median_tot_fam_inc_weekly":1473,"average_household_size":2.4,"median_tot_prsnl_inc_weekly":594},"id":"sa4_g02_selected_medians_and_averages_census_2016.fid--4956c171_17221745285_-5636"},{"type":"Feature","properties":{"median_tot_hhd_inc_weekly":1013,"sa4_code16":"104","median_age_persons":46,"median_mortgage_repay_monthly":1500,"sa4_name16":"Coffs Harbour - Grafton","median_rent_weekly":288,"average_num_psns_per_bedroom":0.8,"median_tot_fam_inc_weekly":1249,"average_household_size":2.4,"median_tot_prsnl_inc_weekly":520},"id":"sa4_g02_selected_medians_and_averages_census_2016.fid--4956c171_17221745285_-5635"},{"type":"Feature","properties":{"median_tot_hhd_inc_weekly":1110,"sa4_code16":"105","median_age_persons":40,"median_mortgage_repay_monthly":1278,"sa4_name16":"Far West and Orana","median_rent_weekly":190,"average_num_psns_per_bedroom":0.8,"median_tot_fam_inc_weekly":1386,"average_household_size":2.4,"median_tot_prsnl_inc_weekly":590},"id":"sa4_g02_selected_medians_and_averages_census_2016.fid--4956c171_17221745285_-5634"},{"type":"Feature","properties":{"median_tot_hhd_inc_weekly":1286,"sa4_code16":"106","median_age_persons":39,"median_mortgage_repay_monthly":1733,"sa4_name16":"Hunter Valley exc Newcastle","median_rent_weekly":290,"average_num_psns_per_bedroom":0.8,"median_tot_fam_inc_weekly":1548,"average_household_size":2.6,"median_tot_prsnl_inc_weekly":599},"id":"sa4_g02_selected_medians_and_averages_census_2016.fid--4956c171_17221745285_-5633"},{"type":"Feature","properties":{"median_tot_hhd_inc_weekly":1352,"sa4_code16":"107","median_age_persons":39,"median_mortgage_repay_monthly":1950,"sa4_name16":"Illawarra","median_rent_weekly":330,"average_num_psns_per_bedroom":0.8,"median_tot_fam_inc_weekly":1679,"average_household_size":2.6,"median_tot_prsnl_inc_weekly":591},"id":"sa4_g02_selected_medians_and_averages_census_2016.fid--4956c171_17221745285_-5632"},{"type":"Feature","properties":{"median_tot_hhd_inc_weekly":936,"sa4_code16":"108","median_age_persons":50,"median_mortgage_repay_monthly":1450,"sa4_name16":"Mid North Coast","median_rent_weekly":270,"average_num_psns_per_bedroom":0.8,"median_tot_fam_inc_weekly":1174,"average_household_size":2.3,"median_tot_prsnl_inc_weekly":491},"id":"sa4_g02_selected_medians_and_averages_census_2016.fid--4956c171_17221745285_-5631"},{"type":"Feature","properties":{"median_tot_hhd_inc_weekly":1116,"sa4_code16":"109","median_age_persons":43,"median_mortgage_repay_monthly":1300,"sa4_name16":"Murray","median_rent_weekly":200,"average_num_psns_per_bedroom":0.8,"median_tot_fam_inc_weekly":1422,"average_household_size":2.3,"median_tot_prsnl_inc_weekly":600},"id":"sa4_g02_selected_medians_and_averages_census_2016.fid--4956c171_17221745285_-5630"},{"type":"Feature","properties":{"median_tot_hhd_inc_weekly":1107,"sa4_code16":"110","median_age_persons":41,"median_mortgage_repay_monthly":1309,"sa4_name16":"New England and North West","median_rent_weekly":220,"average_num_psns_per_bedroom":0.8,"median_tot_fam_inc_weekly":1378,"average_household_size":2.4,"median_tot_prsnl_inc_weekly":579},"id":"sa4_g02_selected_medians_and_averages_census_2016.fid--4956c171_17221745285_-562f"},{"type":"Feature","properties":{"median_tot_hhd_inc_weekly":1331,"sa4_code16":"111","median_age_persons":40,"median_mortgage_repay_monthly":1733,"sa4_name16":"Newcastle and Lake Macquarie","median_rent_weekly":330,"average_num_psns_per_bedroom":0.8,"median_tot_fam_inc_weekly":1670,"average_household_size":2.5,"median_tot_prsnl_inc_weekly":628},"id":"sa4_g02_selected_medians_and_averages_census_2016.fid--4956c171_17221745285_-562e"},{"type":"Feature","properties":{"median_tot_hhd_inc_weekly":1069,"sa4_code16":"112","median_age_persons":46,"median_mortgage_repay_monthly":1600,"sa4_name16":"Richmond - Tweed","median_rent_weekly":300,"average_num_psns_per_bedroom":0.8,"median_tot_fam_inc_weekly":1333,"average_household_size":2.4,"median_tot_prsnl_inc_weekly":550},"id":"sa4_g02_selected_medians_and_averages_census_2016.fid--4956c171_17221745285_-562d"},{"type":"Feature","properties":{"median_tot_hhd_inc_weekly":1232,"sa4_code16":"113","median_age_persons":39,"median_mortgage_repay_monthly":1365,"sa4_name16":"Riverina","median_rent_weekly":220,"average_num_psns_per_bedroom":0.8,"median_tot_fam_inc_weekly":1517,"average_household_size":2.5,"median_tot_prsnl_inc_weekly":643},"id":"sa4_g02_selected_medians_and_averages_census_2016.fid--4956c171_17221745285_-562c"},{"type":"Feature","properties":{"median_tot_hhd_inc_weekly":1091,"sa4_code16":"114","median_age_persons":48,"median_mortgage_repay_monthly":1625,"sa4_name16":"Southern Highlands and Shoalhaven","median_rent_weekly":295,"average_num_psns_per_bedroom":0.7,"median_tot_fam_inc_weekly":1340,"average_household_size":2.4,"median_tot_prsnl_inc_weekly":552},"id":"sa4_g02_selected_medians_and_averages_census_2016.fid--4956c171_17221745285_-562b"},{"type":"Feature","properties":{"median_tot_hhd_inc_weekly":2270,"sa4_code16":"115","median_age_persons":39,"median_mortgage_repay_monthly":2500,"sa4_name16":"Sydney - Baulkham Hills and Hawkesbury","median_rent_weekly":550,"average_num_psns_per_bedroom":0.8,"median_tot_fam_inc_weekly":2397,"average_household_size":3.1,"median_tot_prsnl_inc_weekly":801},"id":"sa4_g02_selected_medians_and_averages_census_2016.fid--4956c171_17221745285_-562a"},{"type":"Feature","properties":{"median_tot_hhd_inc_weekly":1712,"sa4_code16":"116","median_age_persons":33,"median_mortgage_repay_monthly":2150,"sa4_name16":"Sydney - Blacktown","median_rent_weekly":380,"average_num_psns_per_bedroom":0.9,"median_tot_fam_inc_weekly":1818,"average_household_size":3.2,"median_tot_prsnl_inc_weekly":672},"id":"sa4_g02_selected_medians_and_averages_census_2016.fid--4956c171_17221745285_-5629"},{"type":"Feature","properties":{"median_tot_hhd_inc_weekly":1894,"sa4_code16":"117","median_age_persons":33,"median_mortgage_repay_monthly":2500,"sa4_name16":"Sydney - City and Inner South","median_rent_weekly":550,"average_num_psns_per_bedroom":1.1,"median_tot_fam_inc_weekly":2369,"average_household_size":2.2,"median_tot_prsnl_inc_weekly":904},"id":"sa4_g02_selected_medians_and_averages_census_2016.fid--4956c171_17221745285_-5628"},{"type":"Feature","properties":{"median_tot_hhd_inc_weekly":2163,"sa4_code16":"118","median_age_persons":35,"median_mortgage_repay_monthly":2900,"sa4_name16":"Sydney - Eastern Suburbs","median_rent_weekly":580,"average_num_psns_per_bedroom":1.0,"median_tot_fam_inc_weekly":2756,"average_household_size":2.4,"median_tot_prsnl_inc_weekly":1020},"id":"sa4_g02_selected_medians_and_averages_census_2016.fid--4956c171_17221745285_-5627"},{"type":"Feature","properties":{"median_tot_hhd_inc_weekly":1431,"sa4_code16":"119","median_age_persons":35,"median_mortgage_repay_monthly":2167,"sa4_name16":"Sydney - Inner South West","median_rent_weekly":415,"average_num_psns_per_bedroom":1.1,"median_tot_fam_inc_weekly":1576,"average_household_size":2.9,"median_tot_prsnl_inc_weekly":565},"id":"sa4_g02_selected_medians_and_averages_census_2016.fid--4956c171_17221745285_-5626"},{"type":"Feature","properties":{"median_tot_hhd_inc_weekly":1964,"sa4_code16":"120","median_age_persons":36,"median_mortgage_repay_monthly":2500,"sa4_name16":"Sydney - Inner West","median_rent_weekly":500,"average_num_psns_per_bedroom":1.0,"median_tot_fam_inc_weekly":2282,"average_household_size":2.6,"median_tot_prsnl_inc_weekly":828},"id":"sa4_g02_selected_medians_and_averages_census_2016.fid--4956c171_17221745285_-5625"},{"type":"Feature","properties":{"median_tot_hhd_inc_weekly":2333,"sa4_code16":"121","median_age_persons":38,"median_mortgage_repay_monthly":2600,"sa4_name16":"Sydney - North Sydney and Hornsby","median_rent_weekly":555,"average_num_psns_per_bedroom":1.0,"median_tot_fam_inc_weekly":2814,"average_household_size":2.6,"median_tot_prsnl_inc_weekly":1029},"id":"sa4_g02_selected_medians_and_averages_census_2016.fid--4956c171_17221745285_-5624"},{"type":"Feature","properties":{"median_tot_hhd_inc_weekly":2178,"sa4_code16":"122","median_age_persons":40,"median_mortgage_repay_monthly":2800,"sa4_name16":"Sydney - Northern Beaches","median_rent_weekly":565,"average_num_psns_per_bedroom":0.9,"median_tot_fam_inc_weekly":2528,"average_household_size":2.7,"median_tot_prsnl_inc_weekly":916},"id":"sa4_g02_selected_medians_and_averages_census_2016.fid--4956c171_17221745285_-5623"},{"type":"Feature","properties":{"median_tot_hhd_inc_weekly":1637,"sa4_code16":"123","median_age_persons":35,"median_mortgage_repay_monthly":2000,"sa4_name16":"Sydney - Outer South West","median_rent_weekly":360,"average_num_psns_per_bedroom":0.9,"median_tot_fam_inc_weekly":1794,"average_household_size":3.0,"median_tot_prsnl_inc_weekly":686},"id":"sa4_g02_selected_medians_and_averages_census_2016.fid--4956c171_17221745285_-5622"},{"type":"Feature","properties":{"median_tot_hhd_inc_weekly":1589,"sa4_code16":"124","median_age_persons":37,"median_mortgage_repay_monthly":1950,"sa4_name16":"Sydney - Outer West and Blue Mountains","median_rent_weekly":365,"average_num_psns_per_bedroom":0.8,"median_tot_fam_inc_weekly":1852,"average_household_size":2.7,"median_tot_prsnl_inc_weekly":715},"id":"sa4_g02_selected_medians_and_averages_census_2016.fid--4956c171_17221745285_-5621"},{"type":"Feature","properties":{"median_tot_hhd_inc_weekly":1520,"sa4_code16":"125","median_age_persons":33,"median_mortgage_repay_monthly":2037,"sa4_name16":"Sydney - Parramatta","median_rent_weekly":410,"average_num_psns_per_bedroom":1.1,"median_tot_fam_inc_weekly":1631,"average_household_size":3.0,"median_tot_prsnl_inc_weekly":586},"id":"sa4_g02_selected_medians_and_averages_census_2016.fid--4956c171_17221745285_-5620"},{"type":"Feature","properties":{"median_tot_hhd_inc_weekly":1919,"sa4_code16":"126","median_age_persons":37,"median_mortgage_repay_monthly":2383,"sa4_name16":"Sydney - Ryde","median_rent_weekly":470,"average_num_psns_per_bedroom":1.0,"median_tot_fam_inc_weekly":2236,"average_household_size":2.7,"median_tot_prsnl_inc_weekly":760},"id":"sa4_g02_selected_medians_and_averages_census_2016.fid--4956c171_17221745285_-561f"},{"type":"Feature","properties":{"median_tot_hhd_inc_weekly":1429,"sa4_code16":"127","median_age_persons":35,"median_mortgage_repay_monthly":2000,"sa4_name16":"Sydney - South West","median_rent_weekly":365,"average_num_psns_per_bedroom":1.0,"median_tot_fam_inc_weekly":1489,"average_household_size":3.3,"median_tot_prsnl_inc_weekly":500},"id":"sa4_g02_selected_medians_and_averages_census_2016.fid--4956c171_17221745285_-561e"},{"type":"Feature","properties":{"median_tot_hhd_inc_weekly":1979,"sa4_code16":"128","median_age_persons":40,"median_mortgage_repay_monthly":2427,"sa4_name16":"Sydney - Sutherland","median_rent_weekly":450,"average_num_psns_per_bedroom":0.9,"median_tot_fam_inc_weekly":2312,"average_household_size":2.7,"median_tot_prsnl_inc_weekly":836},"id":"sa4_g02_selected_medians_and_averages_census_2016.fid--4956c171_17221745285_-561d"},{"type":"Feature","properties":{"median_tot_hhd_inc_weekly":1098,"sa4_code16":"201","median_age_persons":42,"median_mortgage_repay_monthly":1300,"sa4_name16":"Ballarat","median_rent_weekly":240,"average_num_psns_per_bedroom":0.8,"median_tot_fam_inc_weekly":1409,"average_household_size":2.4,"median_tot_prsnl_inc_weekly":559},"id":"sa4_g02_selected_medians_and_averages_census_2016.fid--4956c171_17221745285_-561c"},{"type":"Feature","properties":{"median_tot_hhd_inc_weekly":1160,"sa4_code16":"202","median_age_persons":42,"median_mortgage_repay_monthly":1382,"sa4_name16":"Bendigo","median_rent_weekly":250,"average_num_psns_per_bedroom":0.8,"median_tot_fam_inc_weekly":1443,"average_household_size":2.4,"median_tot_prsnl_inc_weekly":593},"id":"sa4_g02_selected_medians_and_averages_census_2016.fid--4956c171_17221745285_-561b"},{"type":"Feature","properties":{"median_tot_hhd_inc_weekly":1287,"sa4_code16":"203","median_age_persons":40,"median_mortgage_repay_monthly":1560,"sa4_name16":"Geelong","median_rent_weekly":288,"average_num_psns_per_bedroom":0.8,"median_tot_fam_inc_weekly":1615,"average_household_size":2.5,"median_tot_prsnl_inc_weekly":616},"id":"sa4_g02_selected_medians_and_averages_census_2016.fid--4956c171_17221745285_-561a"},{"type":"Feature","properties":{"median_tot_hhd_inc_weekly":1124,"sa4_code16":"204","median_age_persons":44,"median_mortgage_repay_monthly":1300,"sa4_name16":"Hume","median_rent_weekly":225,"average_num_psns_per_bedroom":0.8,"median_tot_fam_inc_weekly":1417,"average_household_size":2.4,"median_tot_prsnl_inc_weekly":599},"id":"sa4_g02_selected_medians_and_averages_census_2016.fid--4956c171_17221745285_-5619"},{"type":"Feature","properties":{"median_tot_hhd_inc_weekly":1048,"sa4_code16":"205","median_age_persons":45,"median_mortgage_repay_monthly":1300,"sa4_name16":"Latrobe - Gippsland","median_rent_weekly":220,"average_num_psns_per_bedroom":0.7,"median_tot_fam_inc_weekly":1338,"average_household_size":2.3,"median_tot_prsnl_inc_weekly":540},"id":"sa4_g02_selected_medians_and_averages_census_2016.fid--4956c171_17221745285_-5618"},{"type":"Feature","properties":{"median_tot_hhd_inc_weekly":1699,"sa4_code16":"206","median_age_persons":33,"median_mortgage_repay_monthly":2100,"sa4_name16":"Melbourne - Inner","median_rent_weekly":401,"average_num_psns_per_bedroom":1.0,"median_tot_fam_inc_weekly":2323,"average_household_size":2.1,"median_tot_prsnl_inc_weekly":883},"id":"sa4_g02_selected_medians_and_averages_census_2016.fid--4956c171_17221745285_-5617"},{"type":"Feature","properties":{"median_tot_hhd_inc_weekly":1756,"sa4_code16":"207","median_age_persons":39,"median_mortgage_repay_monthly":2167,"sa4_name16":"Melbourne - Inner East","median_rent_weekly":400,"average_num_psns_per_bedroom":0.9,"median_tot_fam_inc_weekly":2183,"average_household_size":2.6,"median_tot_prsnl_inc_weekly":707},"id":"sa4_g02_selected_medians_and_averages_census_2016.fid--4956c171_17221745285_-5616"},{"type":"Feature","properties":{"median_tot_hhd_inc_weekly":1793,"sa4_code16":"208","median_age_persons":40,"median_mortgage_repay_monthly":2167,"sa4_name16":"Melbourne - Inner South","median_rent_weekly":386,"average_num_psns_per_bedroom":0.9,"median_tot_fam_inc_weekly":2309,"average_household_size":2.5,"median_tot_prsnl_inc_weekly":802},"id":"sa4_g02_selected_medians_and_averages_census_2016.fid--4956c171_17221745285_-5615"},{"type":"Feature","properties":{"median_tot_hhd_inc_weekly":1525,"sa4_code16":"209","median_age_persons":36,"median_mortgage_repay_monthly":1829,"sa4_name16":"Melbourne - North East","median_rent_weekly":331,"average_num_psns_per_bedroom":0.9,"median_tot_fam_inc_weekly":1767,"average_household_size":2.8,"median_tot_prsnl_inc_weekly":645},"id":"sa4_g02_selected_medians_and_averages_census_2016.fid--4956c171_17221745285_-5614"},{"type":"Feature","properties":{"median_tot_hhd_inc_weekly":1422,"sa4_code16":"210","median_age_persons":35,"median_mortgage_repay_monthly":1733,"sa4_name16":"Melbourne - North West","median_rent_weekly":330,"average_num_psns_per_bedroom":0.9,"median_tot_fam_inc_weekly":1598,"average_household_size":2.9,"median_tot_prsnl_inc_weekly":579},"id":"sa4_g02_selected_medians_and_averages_census_2016.fid--4956c171_17221745285_-5613"},{"type":"Feature","properties":{"median_tot_hhd_inc_weekly":1559,"sa4_code16":"211","median_age_persons":39,"median_mortgage_repay_monthly":1768,"sa4_name16":"Melbourne - Outer East","median_rent_weekly":350,"average_num_psns_per_bedroom":0.8,"median_tot_fam_inc_weekly":1851,"average_household_size":2.7,"median_tot_prsnl_inc_weekly":674},"id":"sa4_g02_selected_medians_and_averages_census_2016.fid--4956c171_17221745285_-5612"},{"type":"Feature","properties":{"median_tot_hhd_inc_weekly":1444,"sa4_code16":"212","median_age_persons":35,"median_mortgage_repay_monthly":1733,"sa4_name16":"Melbourne - South East","median_rent_weekly":336,"average_num_psns_per_bedroom":0.9,"median_tot_fam_inc_weekly":1593,"average_household_size":2.9,"median_tot_prsnl_inc_weekly":586},"id":"sa4_g02_selected_medians_and_averages_census_2016.fid--4956c171_17221745285_-5611"},{"type":"Feature","properties":{"median_tot_hhd_inc_weekly":1486,"sa4_code16":"213","median_age_persons":34,"median_mortgage_repay_monthly":1733,"sa4_name16":"Melbourne - West","median_rent_weekly":315,"average_num_psns_per_bedroom":0.9,"median_tot_fam_inc_weekly":1644,"average_household_size":2.9,"median_tot_prsnl_inc_weekly":625},"id":"sa4_g02_selected_medians_and_averages_census_2016.fid--4956c171_17221745285_-5610"},{"type":"Feature","properties":{"median_tot_hhd_inc_weekly":1303,"sa4_code16":"214","median_age_persons":42,"median_mortgage_repay_monthly":1700,"sa4_name16":"Mornington Peninsula","median_rent_weekly":310,"average_num_psns_per_bedroom":0.8,"median_tot_fam_inc_weekly":1635,"average_household_size":2.5,"median_tot_prsnl_inc_weekly":643},"id":"sa4_g02_selected_medians_and_averages_census_2016.fid--4956c171_17221745285_-560f"},{"type":"Feature","properties":{"median_tot_hhd_inc_weekly":1014,"sa4_code16":"215","median_age_persons":44,"median_mortgage_repay_monthly":1083,"sa4_name16":"North West","median_rent_weekly":185,"average_num_psns_per_bedroom":0.8,"median_tot_fam_inc_weekly":1306,"average_household_size":2.3,"median_tot_prsnl_inc_weekly":549},"id":"sa4_g02_selected_medians_and_averages_census_2016.fid--4956c171_17221745285_-560e"},{"type":"Feature","properties":{"median_tot_hhd_inc_weekly":1105,"sa4_code16":"216","median_age_persons":43,"median_mortgage_repay_monthly":1300,"sa4_name16":"Shepparton","median_rent_weekly":210,"average_num_psns_per_bedroom":0.8,"median_tot_fam_inc_weekly":1364,"average_household_size":2.4,"median_tot_prsnl_inc_weekly":565},"id":"sa4_g02_selected_medians_and_averages_census_2016.fid--4956c171_17221745285_-560d"},{"type":"Feature","properties":{"median_tot_hhd_inc_weekly":1103,"sa4_code16":"217","median_age_persons":44,"median_mortgage_repay_monthly":1300,"sa4_name16":"Warrnambool and South West","median_rent_weekly":201,"average_num_psns_per_bedroom":0.8,"median_tot_fam_inc_weekly":1411,"average_household_size":2.4,"median_tot_prsnl_inc_weekly":582},"id":"sa4_g02_selected_medians_and_averages_census_2016.fid--4956c171_17221745285_-560c"},{"type":"Feature","properties":{"median_tot_hhd_inc_weekly":1602,"sa4_code16":"301","median_age_persons":40,"median_mortgage_repay_monthly":2000,"sa4_name16":"Brisbane - East","median_rent_weekly":395,"average_num_psns_per_bedroom":0.8,"median_tot_fam_inc_weekly":1902,"average_household_size":2.7,"median_tot_prsnl_inc_weekly":717},"id":"sa4_g02_selected_medians_and_averages_census_2016.fid--4956c171_17221745285_-560b"},{"type":"Feature","properties":{"median_tot_hhd_inc_weekly":1622,"sa4_code16":"302","median_age_persons":37,"median_mortgage_repay_monthly":1950,"sa4_name16":"Brisbane - North","median_rent_weekly":370,"average_num_psns_per_bedroom":0.8,"median_tot_fam_inc_weekly":1977,"average_household_size":2.5,"median_tot_prsnl_inc_weekly":772},"id":"sa4_g02_selected_medians_and_averages_census_2016.fid--4956c171_17221745285_-560a"},{"type":"Feature","properties":{"median_tot_hhd_inc_weekly":1678,"sa4_code16":"303","median_age_persons":34,"median_mortgage_repay_monthly":2000,"sa4_name16":"Brisbane - South","median_rent_weekly":390,"average_num_psns_per_bedroom":0.8,"median_tot_fam_inc_weekly":1930,"average_household_size":2.7,"median_tot_prsnl_inc_weekly":700},"id":"sa4_g02_selected_medians_and_averages_census_2016.fid--4956c171_17221745285_-5609"},{"type":"Feature","properties":{"median_tot_hhd_inc_weekly":1971,"sa4_code16":"304","median_age_persons":36,"median_mortgage_repay_monthly":2134,"sa4_name16":"Brisbane - West","median_rent_weekly":400,"average_num_psns_per_bedroom":0.8,"median_tot_fam_inc_weekly":2322,"average_household_size":2.7,"median_tot_prsnl_inc_weekly":779},"id":"sa4_g02_selected_medians_and_averages_census_2016.fid--4956c171_17221745285_-5608"},{"type":"Feature","properties":{"median_tot_hhd_inc_weekly":1921,"sa4_code16":"305","median_age_persons":33,"median_mortgage_repay_monthly":2200,"sa4_name16":"Brisbane Inner City","median_rent_weekly":415,"average_num_psns_per_bedroom":0.9,"median_tot_fam_inc_weekly":2495,"average_household_size":2.3,"median_tot_prsnl_inc_weekly":938},"id":"sa4_g02_selected_medians_and_averages_census_2016.fid--4956c171_17221745285_-5607"},{"type":"Feature","properties":{"median_tot_hhd_inc_weekly":1226,"sa4_code16":"306","median_age_persons":39,"median_mortgage_repay_monthly":1597,"sa4_name16":"Cairns","median_rent_weekly":280,"average_num_psns_per_bedroom":0.8,"median_tot_fam_inc_weekly":1475,"average_household_size":2.5,"median_tot_prsnl_inc_weekly":642},"id":"sa4_g02_selected_medians_and_averages_census_2016.fid--4956c171_17221745285_-5606"},{"type":"Feature","properties":{"median_tot_hhd_inc_weekly":1129,"sa4_code16":"307","median_age_persons":41,"median_mortgage_repay_monthly":1300,"sa4_name16":"Darling Downs - Maranoa","median_rent_weekly":215,"average_num_psns_per_bedroom":0.8,"median_tot_fam_inc_weekly":1366,"average_household_size":2.5,"median_tot_prsnl_inc_weekly":582},"id":"sa4_g02_selected_medians_and_averages_census_2016.fid--4956c171_17221745285_-5605"},{"type":"Feature","properties":{"median_tot_hhd_inc_weekly":1421,"sa4_code16":"308","median_age_persons":36,"median_mortgage_repay_monthly":1733,"sa4_name16":"Central Queensland","median_rent_weekly":250,"average_num_psns_per_bedroom":0.8,"median_tot_fam_inc_weekly":1740,"average_household_size":2.6,"median_tot_prsnl_inc_weekly":664},"id":"sa4_g02_selected_medians_and_averages_census_2016.fid--4956c171_17221745285_-5604"},{"type":"Feature","properties":{"median_tot_hhd_inc_weekly":1404,"sa4_code16":"309","median_age_persons":39,"median_mortgage_repay_monthly":1950,"sa4_name16":"Gold Coast","median_rent_weekly":390,"average_num_psns_per_bedroom":0.8,"median_tot_fam_inc_weekly":1655,"average_household_size":2.6,"median_tot_prsnl_inc_weekly":665},"id":"sa4_g02_selected_medians_and_averages_census_2016.fid--4956c171_17221745285_-5603"},{"type":"Feature","properties":{"median_tot_hhd_inc_weekly":1362,"sa4_code16":"310","median_age_persons":34,"median_mortgage_repay_monthly":1603,"sa4_name16":"Ipswich","median_rent_weekly":310,"average_num_psns_per_bedroom":0.8,"median_tot_fam_inc_weekly":1523,"average_household_size":2.8,"median_tot_prsnl_inc_weekly":626},"id":"sa4_g02_selected_medians_and_averages_census_2016.fid--4956c171_17221745285_-5602"},{"type":"Feature","properties":{"median_tot_hhd_inc_weekly":1400,"sa4_code16":"311","median_age_persons":34,"median_mortgage_repay_monthly":1733,"sa4_name16":"Logan - Beaudesert","median_rent_weekly":330,"average_num_psns_per_bedroom":0.8,"median_tot_fam_inc_weekly":1531,"average_household_size":2.9,"median_tot_prsnl_inc_weekly":629},"id":"sa4_g02_selected_medians_and_averages_census_2016.fid--4956c171_17221745285_-5601"},{"type":"Feature","properties":{"median_tot_hhd_inc_weekly":1469,"sa4_code16":"312","median_age_persons":37,"median_mortgage_repay_monthly":1876,"sa4_name16":"Mackay - Isaac - Whitsunday","median_rent_weekly":250,"average_num_psns_per_bedroom":0.8,"median_tot_fam_inc_weekly":1793,"average_household_size":2.5,"median_tot_prsnl_inc_weekly":717},"id":"sa4_g02_selected_medians_and_averages_census_2016.fid--4956c171_17221745285_-5600"},{"type":"Feature","properties":{"median_tot_hhd_inc_weekly":1188,"sa4_code16":"313","median_age_persons":41,"median_mortgage_repay_monthly":1719,"sa4_name16":"Moreton Bay - North","median_rent_weekly":315,"average_num_psns_per_bedroom":0.8,"median_tot_fam_inc_weekly":1407,"average_household_size":2.6,"median_tot_prsnl_inc_weekly":572},"id":"sa4_g02_selected_medians_and_averages_census_2016.fid--4956c171_17221745285_-55ff"},{"type":"Feature","properties":{"median_tot_hhd_inc_weekly":1740,"sa4_code16":"314","median_age_persons":35,"median_mortgage_repay_monthly":1928,"sa4_name16":"Moreton Bay - South","median_rent_weekly":360,"average_num_psns_per_bedroom":0.8,"median_tot_fam_inc_weekly":1921,"average_household_size":2.9,"median_tot_prsnl_inc_weekly":758},"id":"sa4_g02_selected_medians_and_averages_census_2016.fid--4956c171_17221745285_-55fe"},{"type":"Feature","properties":{"median_tot_hhd_inc_weekly":1361,"sa4_code16":"315","median_age_persons":33,"median_mortgage_repay_monthly":1500,"sa4_name16":"Queensland - Outback","median_rent_weekly":140,"average_num_psns_per_bedroom":0.9,"median_tot_fam_inc_weekly":1540,"average_household_size":2.7,"median_tot_prsnl_inc_weekly":648},"id":"sa4_g02_selected_medians_and_averages_census_2016.fid--4956c171_17221745285_-55fd"},{"type":"Feature","properties":{"median_tot_hhd_inc_weekly":1260,"sa4_code16":"316","median_age_persons":44,"median_mortgage_repay_monthly":1777,"sa4_name16":"Sunshine Coast","median_rent_weekly":370,"average_num_psns_per_bedroom":0.8,"median_tot_fam_inc_weekly":1478,"average_household_size":2.5,"median_tot_prsnl_inc_weekly":612},"id":"sa4_g02_selected_medians_and_averages_census_2016.fid--4956c171_17221745285_-55fc"},{"type":"Feature","properties":{"median_tot_hhd_inc_weekly":1298,"sa4_code16":"317","median_age_persons":37,"median_mortgage_repay_monthly":1560,"sa4_name16":"Toowoomba","median_rent_weekly":285,"average_num_psns_per_bedroom":0.8,"median_tot_fam_inc_weekly":1583,"average_household_size":2.5,"median_tot_prsnl_inc_weekly":649},"id":"sa4_g02_selected_medians_and_averages_census_2016.fid--4956c171_17221745285_-55fb"},{"type":"Feature","properties":{"median_tot_hhd_inc_weekly":1362,"sa4_code16":"318","median_age_persons":36,"median_mortgage_repay_monthly":1668,"sa4_name16":"Townsville","median_rent_weekly":280,"average_num_psns_per_bedroom":0.8,"median_tot_fam_inc_weekly":1640,"average_household_size":2.5,"median_tot_prsnl_inc_weekly":672},"id":"sa4_g02_selected_medians_and_averages_census_2016.fid--4956c171_17221745285_-55fa"},{"type":"Feature","properties":{"median_tot_hhd_inc_weekly":935,"sa4_code16":"319","median_age_persons":46,"median_mortgage_repay_monthly":1300,"sa4_name16":"Wide Bay","median_rent_weekly":250,"average_num_psns_per_bedroom":0.8,"median_tot_fam_inc_weekly":1133,"average_household_size":2.4,"median_tot_prsnl_inc_weekly":478},"id":"sa4_g02_selected_medians_and_averages_census_2016.fid--4956c171_17221745285_-55f9"},{"type":"Feature","properties":{"median_tot_hhd_inc_weekly":1472,"sa4_code16":"401","median_age_persons":40,"median_mortgage_repay_monthly":1734,"sa4_name16":"Adelaide - Central and Hills","median_rent_weekly":312,"average_num_psns_per_bedroom":0.8,"median_tot_fam_inc_weekly":1967,"average_household_size":2.4,"median_tot_prsnl_inc_weekly":700},"id":"sa4_g02_selected_medians_and_averages_census_2016.fid--4956c171_17221745285_-55f8"},{"type":"Feature","properties":{"median_tot_hhd_inc_weekly":1180,"sa4_code16":"402","median_age_persons":36,"median_mortgage_repay_monthly":1413,"sa4_name16":"Adelaide - North","median_rent_weekly":268,"average_num_psns_per_bedroom":0.8,"median_tot_fam_inc_weekly":1407,"average_household_size":2.6,"median_tot_prsnl_inc_weekly":563},"id":"sa4_g02_selected_medians_and_averages_census_2016.fid--4956c171_17221745285_-55f7"},{"type":"Feature","properties":{"median_tot_hhd_inc_weekly":1284,"sa4_code16":"403","median_age_persons":41,"median_mortgage_repay_monthly":1517,"sa4_name16":"Adelaide - South","median_rent_weekly":295,"average_num_psns_per_bedroom":0.8,"median_tot_fam_inc_weekly":1622,"average_household_size":2.4,"median_tot_prsnl_inc_weekly":635},"id":"sa4_g02_selected_medians_and_averages_census_2016.fid--4956c171_17221745285_-55f6"},{"type":"Feature","properties":{"median_tot_hhd_inc_weekly":1194,"sa4_code16":"404","median_age_persons":40,"median_mortgage_repay_monthly":1625,"sa4_name16":"Adelaide - West","median_rent_weekly":280,"average_num_psns_per_bedroom":0.8,"median_tot_fam_inc_weekly":1554,"average_household_size":2.4,"median_tot_prsnl_inc_weekly":597},"id":"sa4_g02_selected_medians_and_averages_census_2016.fid--4956c171_17221745285_-55f5"},{"type":"Feature","properties":{"median_tot_hhd_inc_weekly":1026,"sa4_code16":"405","median_age_persons":47,"median_mortgage_repay_monthly":1170,"sa4_name16":"Barossa - Yorke - Mid North","median_rent_weekly":200,"average_num_psns_per_bedroom":0.7,"median_tot_fam_inc_weekly":1318,"average_household_size":2.3,"median_tot_prsnl_inc_weekly":535},"id":"sa4_g02_selected_medians_and_averages_census_2016.fid--4956c171_17221745285_-55f4"},{"type":"Feature","properties":{"median_tot_hhd_inc_weekly":1111,"sa4_code16":"406","median_age_persons":40,"median_mortgage_repay_monthly":1250,"sa4_name16":"South Australia - Outback","median_rent_weekly":175,"average_num_psns_per_bedroom":0.8,"median_tot_fam_inc_weekly":1418,"average_household_size":2.3,"median_tot_prsnl_inc_weekly":594},"id":"sa4_g02_selected_medians_and_averages_census_2016.fid--4956c171_17221745285_-55f3"},{"type":"Feature","properties":{"median_tot_hhd_inc_weekly":997,"sa4_code16":"407","median_age_persons":46,"median_mortgage_repay_monthly":1127,"sa4_name16":"South Australia - South East","median_rent_weekly":195,"average_num_psns_per_bedroom":0.7,"median_tot_fam_inc_weekly":1266,"average_household_size":2.3,"median_tot_prsnl_inc_weekly":544},"id":"sa4_g02_selected_medians_and_averages_census_2016.fid--4956c171_17221745285_-55f2"},{"type":"Feature","properties":{"median_tot_hhd_inc_weekly":1319,"sa4_code16":"501","median_age_persons":41,"median_mortgage_repay_monthly":1733,"sa4_name16":"Bunbury","median_rent_weekly":300,"average_num_psns_per_bedroom":0.7,"median_tot_fam_inc_weekly":1606,"average_household_size":2.5,"median_tot_prsnl_inc_weekly":637},"id":"sa4_g02_selected_medians_and_averages_census_2016.fid--4956c171_17221745285_-55f1"},{"type":"Feature","properties":{"median_tot_hhd_inc_weekly":1169,"sa4_code16":"502","median_age_persons":43,"median_mortgage_repay_monthly":1826,"sa4_name16":"Mandurah","median_rent_weekly":320,"average_num_psns_per_bedroom":0.7,"median_tot_fam_inc_weekly":1437,"average_household_size":2.4,"median_tot_prsnl_inc_weekly":553},"id":"sa4_g02_selected_medians_and_averages_census_2016.fid--4956c171_17221745285_-55f0"},{"type":"Feature","properties":{"median_tot_hhd_inc_weekly":2039,"sa4_code16":"503","median_age_persons":36,"median_mortgage_repay_monthly":2448,"sa4_name16":"Perth - Inner","median_rent_weekly":400,"average_num_psns_per_bedroom":0.9,"median_tot_fam_inc_weekly":2769,"average_household_size":2.3,"median_tot_prsnl_inc_weekly":957},"id":"sa4_g02_selected_medians_and_averages_census_2016.fid--4956c171_17221745285_-55ef"},{"type":"Feature","properties":{"median_tot_hhd_inc_weekly":1590,"sa4_code16":"504","median_age_persons":36,"median_mortgage_repay_monthly":2000,"sa4_name16":"Perth - North East","median_rent_weekly":350,"average_num_psns_per_bedroom":0.8,"median_tot_fam_inc_weekly":1851,"average_household_size":2.6,"median_tot_prsnl_inc_weekly":717},"id":"sa4_g02_selected_medians_and_averages_census_2016.fid--4956c171_17221745285_-55ee"},{"type":"Feature","properties":{"median_tot_hhd_inc_weekly":1712,"sa4_code16":"505","median_age_persons":36,"median_mortgage_repay_monthly":2037,"sa4_name16":"Perth - North West","median_rent_weekly":380,"average_num_psns_per_bedroom":0.8,"median_tot_fam_inc_weekly":2018,"average_household_size":2.7,"median_tot_prsnl_inc_weekly":746},"id":"sa4_g02_selected_medians_and_averages_census_2016.fid--4956c171_17221745285_-55ed"},{"type":"Feature","properties":{"median_tot_hhd_inc_weekly":1563,"sa4_code16":"506","median_age_persons":35,"median_mortgage_repay_monthly":1950,"sa4_name16":"Perth - South East","median_rent_weekly":350,"average_num_psns_per_bedroom":0.8,"median_tot_fam_inc_weekly":1818,"average_household_size":2.7,"median_tot_prsnl_inc_weekly":691},"id":"sa4_g02_selected_medians_and_averages_census_2016.fid--4956c171_17221745285_-55ec"},{"type":"Feature","properties":{"median_tot_hhd_inc_weekly":1669,"sa4_code16":"507","median_age_persons":36,"median_mortgage_repay_monthly":2000,"sa4_name16":"Perth - South West","median_rent_weekly":360,"average_num_psns_per_bedroom":0.8,"median_tot_fam_inc_weekly":1997,"average_household_size":2.6,"median_tot_prsnl_inc_weekly":732},"id":"sa4_g02_selected_medians_and_averages_census_2016.fid--4956c171_17221745285_-55eb"},{"type":"Feature","properties":{"median_tot_hhd_inc_weekly":1192,"sa4_code16":"509","median_age_persons":44,"median_mortgage_repay_monthly":1400,"sa4_name16":"Western Australia - Wheat Belt","median_rent_weekly":200,"average_num_psns_per_bedroom":0.8,"median_tot_fam_inc_weekly":1481,"average_household_size":2.4,"median_tot_prsnl_inc_weekly":623},"id":"sa4_g02_selected_medians_and_averages_census_2016.fid--4956c171_17221745285_-55ea"},{"type":"Feature","properties":{"median_tot_hhd_inc_weekly":2202,"sa4_code16":"510","median_age_persons":33,"median_mortgage_repay_monthly":2443,"sa4_name16":"Western Australia - Outback (North)","median_rent_weekly":161,"average_num_psns_per_bedroom":1.0,"median_tot_fam_inc_weekly":2416,"average_household_size":2.8,"median_tot_prsnl_inc_weekly":1239},"id":"sa4_g02_selected_medians_and_averages_census_2016.fid--4956c171_17221745285_-55e9"},{"type":"Feature","properties":{"median_tot_hhd_inc_weekly":1487,"sa4_code16":"511","median_age_persons":37,"median_mortgage_repay_monthly":1722,"sa4_name16":"Western Australia - Outback (South)","median_rent_weekly":249,"average_num_psns_per_bedroom":0.8,"median_tot_fam_inc_weekly":1836,"average_household_size":2.5,"median_tot_prsnl_inc_weekly":732},"id":"sa4_g02_selected_medians_and_averages_census_2016.fid--4956c171_17221745285_-55e8"},{"type":"Feature","properties":{"median_tot_hhd_inc_weekly":1234,"sa4_code16":"601","median_age_persons":40,"median_mortgage_repay_monthly":1402,"sa4_name16":"Hobart","median_rent_weekly":260,"average_num_psns_per_bedroom":0.8,"median_tot_fam_inc_weekly":1569,"average_household_size":2.4,"median_tot_prsnl_inc_weekly":637},"id":"sa4_g02_selected_medians_and_averages_census_2016.fid--4956c171_17221745285_-55e7"},{"type":"Feature","properties":{"median_tot_hhd_inc_weekly":1017,"sa4_code16":"602","median_age_persons":43,"median_mortgage_repay_monthly":1260,"sa4_name16":"Launceston and North East","median_rent_weekly":215,"average_num_psns_per_bedroom":0.8,"median_tot_fam_inc_weekly":1319,"average_household_size":2.3,"median_tot_prsnl_inc_weekly":537},"id":"sa4_g02_selected_medians_and_averages_census_2016.fid--4956c171_17221745285_-55e6"},{"type":"Feature","properties":{"median_tot_hhd_inc_weekly":962,"sa4_code16":"603","median_age_persons":48,"median_mortgage_repay_monthly":1192,"sa4_name16":"South East","median_rent_weekly":200,"average_num_psns_per_bedroom":0.8,"median_tot_fam_inc_weekly":1210,"average_household_size":2.3,"median_tot_prsnl_inc_weekly":498},"id":"sa4_g02_selected_medians_and_averages_census_2016.fid--4956c171_17221745285_-55e5"},{"type":"Feature","properties":{"median_tot_hhd_inc_weekly":990,"sa4_code16":"604","median_age_persons":44,"median_mortgage_repay_monthly":1165,"sa4_name16":"West and North West","median_rent_weekly":200,"average_num_psns_per_bedroom":0.8,"median_tot_fam_inc_weekly":1274,"average_household_size":2.3,"median_tot_prsnl_inc_weekly":523},"id":"sa4_g02_selected_medians_and_averages_census_2016.fid--4956c171_17221745285_-55e4"},{"type":"Feature","properties":{"median_tot_hhd_inc_weekly":2183,"sa4_code16":"701","median_age_persons":33,"median_mortgage_repay_monthly":2200,"sa4_name16":"Darwin","median_rent_weekly":420,"average_num_psns_per_bedroom":1.0,"median_tot_fam_inc_weekly":2386,"average_household_size":2.7,"median_tot_prsnl_inc_weekly":1052},"id":"sa4_g02_selected_medians_and_averages_census_2016.fid--4956c171_17221745285_-55e3"},{"type":"Feature","properties":{"median_tot_hhd_inc_weekly":1561,"sa4_code16":"702","median_age_persons":30,"median_mortgage_repay_monthly":1816,"sa4_name16":"Northern Territory - Outback","median_rent_weekly":91,"average_num_psns_per_bedroom":1.2,"median_tot_fam_inc_weekly":1352,"average_household_size":3.2,"median_tot_prsnl_inc_weekly":525},"id":"sa4_g02_selected_medians_and_averages_census_2016.fid--4956c171_17221745285_-55e2"},{"type":"Feature","properties":{"median_tot_hhd_inc_weekly":2070,"sa4_code16":"801","median_age_persons":35,"median_mortgage_repay_monthly":2058,"sa4_name16":"Australian Capital Territory","median_rent_weekly":380,"average_num_psns_per_bedroom":0.8,"median_tot_fam_inc_weekly":2445,"average_household_size":2.5,"median_tot_prsnl_inc_weekly":1000},"id":"sa4_g02_selected_medians_and_averages_census_2016.fid--4956c171_17221745285_-55e1"},{"type":"Feature","properties":{"median_tot_hhd_inc_weekly":1377,"sa4_code16":"901","median_age_persons":42,"median_mortgage_repay_monthly":1400,"sa4_name16":"Other Territories","median_rent_weekly":140,"average_num_psns_per_bedroom":0.9,"median_tot_fam_inc_weekly":1568,"average_household_size":2.6,"median_tot_prsnl_inc_weekly":715},"id":"sa4_g02_selected_medians_and_averages_census_2016.fid--4956c171_17221745285_-55e0"}]}