{"organisation":"AU_Govt_ABS_Census","name":"sa4_g02_selected_medians_and_averages_census_2016","title":"SA4-G02 Selected Medians and Averages-Census 2016","legal":{"attribution":"{datasource.organisationTitle}, ({dataset.attributionYear}): {dataset.title}; accessed from AURIN on {dateOfAccess}.","attributionYear":"2017","clickthrough":false,"copyrightNotice":"&copy; {datasource.organisationTitle} {dataset.copyrightYear}","copyrightYear":"2017","licenceType":"Creative Commons Attribution 2.5 Australia (CC BY 2.5 AU)"},"referenceSystemIdentifier":"urn:x-ogc:def:crs:EPSG:4283","geoLevel":"sa4_2016","key":"sa4_code16","keyRegex":null,"availability":"true","geomField":"wkb_geometry","keyword":"general community profile,averages,medians,2016,gcp,census,lga,g02,sa4","theme":null,"temporalExtent":{"beginDate":"2016-08-09T00:00:00","endDate":"2016-08-11T00:00:00","selectTime":false},"type":"dataset","_id":"dataset-AU_Govt_ABS_Census-sa4_g02_selected_medians_and_averages_census_2016-sa4_2016","bbox":null,"abstract":"SA4 based data for Selected Medians and Averages, in General Community Profile (GCP), 2016 Census. The median or average was calculated in the following categories: a person???s age, a person???s income, a family???s income, total household income, mortgage repayment, rental payments, number of persons per bedroom and household size. The data is by SA4 2016 boundaries. Periodicity: 5-Yearly. <br/>\nFor more information visit the data source: <a href=http://www.abs.gov.au/census>http://www.abs.gov.au/census</a>. \n","selectedAttributes":[{"name":"sa4_code16","type":"String","title":"SA4 Code 2016","description":"SA4 Code 2016.","stype":"nominal","isDimension":false},{"name":"average_household_size","type":"Double","title":"Average household size","description":"Average household size is applicable to number of persons usually resident in occupied private dwellings. It includes partners, children, and co-tenants (in group households) who were temporarily absent on Census Night. A maximum of three temporary absentees can be counted in each household. It excludes 'Visitors only' and 'Other non-classifiable' households.","stype":"ratio","isDimension":false},{"name":"average_num_psns_per_bedroom","type":"Double","title":"Average number of persons per bedroom","description":"The average number of persons per bedroom is applicable to occupied private dwellings. It excludes 'Visitors only' and 'Other non-classifiable' households. ","stype":"ratio","isDimension":false},{"name":"median_age_persons","type":"Integer","title":"Median age of persons","description":"The median age of people, this excludes overseas visitors.","stype":"ratio","isDimension":false},{"name":"median_mortgage_repay_monthly","type":"Integer","title":"Median mortgage repayment monthly","description":"The median mortgage repayment in dollars per week is applicable to occupied private dwellings being purchased and includes dwellings being purchased under a shared equity scheme. It excludes 'Visitors only' and 'Other non-classifiable' households.","stype":"ratio","isDimension":false},{"name":"median_rent_weekly","type":"Integer","title":"Median rent weekly","description":"The median rental payment in dollars per week is applicable to occupied private dwellings being rented. It excludes 'Visitors only' and 'Other non-classifiable' households.","stype":"ratio","isDimension":false},{"name":"median_tot_fam_inc_weekly","type":"Integer","title":"Median total family income weekly","description":"The median total family income in dollars per week is applicable to families in family households. It excludes families where at least one member aged 15 years and over did not state an income and families where at least one member aged 15 years and over was temporarily absent on Census Night.","stype":"ratio","isDimension":false},{"name":"median_tot_hhd_inc_weekly","type":"Integer","title":"Median total household income weekly","description":"The median total household income in dollars per week is applicable to occupied private dwellings. It excludes households where at least one member aged 15 years and over did not state an income and households where at least one member aged 15 years and over was temporarily absent on Census Night. It excludes 'Visitors only' and 'Other non-classifiable' households.","stype":"ratio","isDimension":false},{"name":"median_tot_prsnl_inc_weekly","type":"Integer","title":"Median total personal income weekly","description":"The median personal income in dollars per week, applicable to people aged 15 years and over. ","stype":"ratio","isDimension":false},{"name":"sa4_name16","type":"String","title":"SA4 Name 2016","description":"SA4 Name 2016.","stype":"nominal","isDimension":false}],"filter":{"filterType":"tabular","feature":{"key":"sa4_code16","geoLevel":"sa4_2016","geoField":"ignored","year":"2006","featureBbox":[96.81676569599999,-43.740509603,159.109219008,-9.142175977],"featureType":"country","featureInstance":"au","featureName":"Australia","referenceSystemIdentifier":"urn:x-ogc:def:crs:EPSG:4283","prefix":"","keyTransform":null},"states":[]}}