{"organisation":"au_govt_dss","name":"dss_payments_sa2_2017","title":"DSS - Total Payments (SA2) 2017","legal":{"attribution":"{datasource.organisationTitle}: {dataset.title}; accessed from AURIN on {dateOfAccess}.","attributionYear":"","clickthrough":false,"copyrightNotice":"&copy; {datasource.organisationTitle} {dataset.copyrightYear}","copyrightYear":"","licenceType":"Creative Commons Attribution 3.0 Australia (CC BY 3.0 AU)"},"referenceSystemIdentifier":"urn:x-ogc:def:crs:EPSG:4283","geoLevel":"sa2","key":"sa2_main11","keyRegex":null,"availability":"true","geomField":"wkb_geometry","keyword":"newstart,department of social services,benefits,abstudy,pension,health care card,parenting,concession,austudy,disability,dss,payments,allowance","theme":null,"temporalExtent":{"beginDate":"2017-01-01T00:00:00","endDate":"2017-12-31T00:00:00","selectTime":false},"type":"dataset","_id":"dataset-au_govt_dss-dss_payments_sa2_2017-sa2","bbox":null,"abstract":"Department of Social Services (DSS) payment data provides counts of payments by recipient type by Statistical Area Level 2 (SA2), 2017. This dataset provides the total number of payments during 2017. Data is by SA2 2011 boundaries.<br/><br/>\n\nThe Department of Social Services (DSS) is the Australian Government's lead agency in the development and delivery of social policy, and is working to improve the lifetime and wellbeing of people and families in Australia. DSS' policies and services respond to need across people's lives ??? looking after families, children and older people; providing a safety net for people who cannot fully support themselves; enhancing the wellbeing of people with high needs; assisting people who need help with care; and supporting a diverse and harmonious society. DSS supports people and families in Australia by encouraging independence and participation, and supporting a cohesive society. <br/><br/>\n\nData was obtained from the <a href=\"https://data.gov.au/dataset/dss-payment-demographic-data\" target=\"_blank\">Australian Government Data Portal</a>.<br/><br/>\n\nFor further details on payments please see <a href=\"https://www.humanservices.gov.au/organisations/about-us/publications-and-resources/guide-australian-government-payments\" target=\"_blank\">'A guide to Australian Government payments'</a>.<br/><br/>\n\nPlease note in order to protect individuals' privacy all counts lesser than 5 have been suppressed in the original data. For AURIN's processing of the data the following replacements have been made: \n<ul>\n<li>'<5' - has been assigned a value of '3' within the data.</li>\n<li>'n.p.' (not provided) - has been set to null within the data.</li>\n</ul>","selectedAttributes":[{"name":"sa2_main11","type":"String","title":"SA2 Main Code 2011","description":"SA2 Main Code 2011.","stype":"nominal","isDimension":false},{"name":"abstudy_living_allowance","type":"Integer","title":"ABSTUDY (Living Allowance)","description":"ABSTUDY (Living Allowance) provides a living allowance and a range of supplementary benefits for Aboriginal and Torres Strait Islander students and apprentices.","stype":"ratio","isDimension":false},{"name":"abstudy_non_living_allowance","type":"Integer","title":"ABSTUDY (Non-Living Allowance)","description":"ABSTUDY supplementary payments include Schooling A Award, Part-time Award, Lawful Custody Award and the Testing Assessment Award. ","stype":"ratio","isDimension":false},{"name":"age_pension","type":"Integer","title":"Age Pension","description":"Age Pension is a support payment for people who have reached the qualifying age. From 1 July 2013, the qualifying age for both men and women is 65 years. From 1 July 2017 the Age Pension qualifying age will progressively increase from 65 years to 67 years, reaching 67 years in 2023.","stype":"ratio","isDimension":false},{"name":"austudy","type":"Integer","title":"Austudy","description":"Austudy is a means-tested payment made to full-time students and Australian apprentices who are aged 25 years and older. ","stype":"ratio","isDimension":false},{"name":"carer_allowance","type":"Integer","title":"Carer Allowance ","description":"A supplementary payment for carers who provide daily care and attention at home for a person with a disability, severe medical condition or who is frail and aged.","stype":"ratio","isDimension":false},{"name":"carer_allowance_child_health_care_card_only","type":"Integer","title":"Carer Allowance (Child Health Care Card Only)","description":"If a person does not qualify for Carer Allowance (Child) based on the level of care required, the child they are caring for may still qualify for a Health Care Card (HCC) if at least 14 hours a week of additional care and attention is provided.","stype":"ratio","isDimension":false},{"name":"carer_payment","type":"Integer","title":"Carer Payment","description":"Carer Payment provides income support for carers who, because of the demands of their caring role, are unable to support themselves through substantial paid employment. ","stype":"ratio","isDimension":false},{"name":"commonwealth_rent_assistance_income_units","type":"Integer","title":"Commonwealth Rent Assistance","description":"Generally, to qualify for Rent Assistance a person must be eligible for an income support payment, ABSTUDY, Family Tax Benefit Part A, or a Veteran's service pension or income support supplement. To receive Rent Assistance, a person must pay or be liable to pay private rent (excludes rent paid to specified state housing authorities) above the applicable rent threshold, for their usual home.","stype":"ratio","isDimension":false},{"name":"commonwealth_seniors_health_card","type":"Integer","title":"Commonwealth Seniors Health Card ","description":"The Commonwealth Seniors Health Card is claimed by people who have reached the qualifying age for the Age Pension but do not qualify for a pension.","stype":"ratio","isDimension":false},{"name":"disability_support_pension","type":"Integer","title":"Disability Support Pension","description":"DSP is an income support payment for people who are unable to work for 15 hours or more per week at or above the relevant minimum wage, independent of a Program of Support due to permanent physical, intellectual or psychiatric impairment.","stype":"ratio","isDimension":false},{"name":"family_tax_benefit_a","type":"Integer","title":"Family Tax Benefits Part A","description":"FTB Part A is the most common payment to help with the cost of raising children and is paid per child. It includes a supplement per child that becomes payable after the end of the financial year. FTB Part A is income tested on family income. ","stype":"ratio","isDimension":false},{"name":"family_tax_benefit_b","type":"Integer","title":"Family Tax Benefits Part B","description":"FTB Part B gives extra assistance to single-parent families and to couple families where one income is low. It is paid on a per family basis and includes a supplement that becomes payable after the end of the financial year.","stype":"ratio","isDimension":false},{"name":"health_care_card","type":"Integer","title":"Health Care Card (HCC)","description":"The Health Care Card (HCC) is issued to recipients of certain social security benefit or allowance payments.  Low-income earners may claim the HCC and HCC numbers will include those with a Low Income Health Care Card LIC.","stype":"ratio","isDimension":false},{"name":"low_income_card","type":"Integer","title":"Low Income Health Care Card ","description":"The Low Income Health Care Card (LIC) can be claimed by low income earners, HCC numbers will include those with a Low Income Health Care Card LIC.","stype":"ratio","isDimension":false},{"name":"newstart_allowance","type":"Integer","title":"Newstart Allowance","description":"Newstart Allowance is the major payment for unemployed people who are 22 and over, but under the qualifying age for the Age Pension. Recipients must satisfy the activity test by seeking work or participating in an activity designed to improve their employment prospects.","stype":"ratio","isDimension":false},{"name":"parenting_payment_partnered","type":"Integer","title":"Parenting Payment Partnered","description":"Parenting Payment provides income support for parents or guardians to help with the cost of raising children. Parenting Payment Partnered is an income support payment for partnered parents with a youngest child under six years of age. Parenting Payment Single is an income support payment for single parents with a child under eight years of age.","stype":"ratio","isDimension":false},{"name":"parenting_payment_single","type":"Integer","title":"Parenting Payment Single","description":"Parenting Payment provides income support for parents or guardians to help with the cost of raising children. Parenting Payment Partnered is an income support payment for partnered parents with a youngest child under six years of age. Parenting Payment Single is an income support payment for single parents with a child under eight years of age.","stype":"ratio","isDimension":false},{"name":"partner_allowance","type":"Integer","title":"Partner Allowance","description":"Partner Allowance provides income support for older partners of income support recipients who face barriers to finding employment because of their previous limited participation in the workforce. Partner Allowance has been closed to new entrants since 2003.","stype":"ratio","isDimension":false},{"name":"pensioner_concession_card","type":"Integer","title":"Pension Concession Card","description":"The Pension Concession Card is automatically issued to pensioners and eligible allowance recipients to provide access to health concessions.","stype":"ratio","isDimension":false},{"name":"sa2_code","type":"String","title":"SA2 5 digit Code 2011","description":"SA2 5 digit Code 2011.","stype":"nominal","isDimension":false},{"name":"sa2_name","type":"String","title":"SA2 Name 2011","description":"SA2 Name 2011.","stype":"nominal","isDimension":false},{"name":"sickness_allowance","type":"Integer","title":"Sickness Allowance","description":"Sickness Allowance is a payment made to people who are temporarily unfit, due to illness or injury, to perform their usual work or study, and have a job to return to or intend to resume studying when fit to do so.","stype":"ratio","isDimension":false},{"name":"special_benefit","type":"Integer","title":"Special Benefit ","description":"Special Benefit is an income support payment for people who are in severe financial hardship due to circumstances beyond their control and who are ineligible for any other income support payment.","stype":"ratio","isDimension":false},{"name":"widow_allowance","type":"Integer","title":"Widow Allowance","description":"Widow Allowance provides income support for older working age women who lose the support of a partner and face barriers to finding employment because of limited participation.","stype":"ratio","isDimension":false},{"name":"widow_b_pension","type":"Integer","title":"Widow B Pension ","description":"Widow B Pension is an income support payment for older widows who does not qualify for parenting payment, have limited needs, and have lost the financial support of their partner.","stype":"ratio","isDimension":false},{"name":"wife_pension_partner_on_age_pension","type":"Integer","title":"Wife Pension ??? Partner on Age Pension","description":"Wife Pensions are income support payments for the female partner of an Age or Disability Support Pensioner respectively. ","stype":"ratio","isDimension":false},{"name":"wife_pension_partner_on_disability_support_pension","type":"Integer","title":"Wife Pension ??? Partner on Disability Support Pension","description":"Wife Pensions are income support payments for the female partner of an Age or Disability Support Pensioner respectively. ","stype":"ratio","isDimension":false},{"name":"youth_allowance_other","type":"Integer","title":"Youth Allowance (other)","description":"Youth Allowance (other) is the primary income support payment for young people aged 16???21 years who are seeking or preparing for paid employment.","stype":"ratio","isDimension":false},{"name":"youth_allowance_student_and_apprentice","type":"Integer","title":"Youth Allowance (student and Apprentice)","description":"Youth Allowance (apprentice) is a means???tested payment for Australian apprentices and full-time students. ","stype":"ratio","isDimension":false}],"filter":{"filterType":"tabular","feature":{"key":"sa2_main11","geoLevel":"sa2","geoField":"ignored","year":"2006","featureBbox":[96.81676569599999,-43.740509603,159.109219008,-9.142175977],"featureType":"country","featureInstance":"au","featureName":"Australia","referenceSystemIdentifier":"urn:x-ogc:def:crs:EPSG:4283","prefix":"","keyTransform":null},"states":[]}}