{"type":"FeatureCollection","bbox":[0.0,0.0,-1.0,-1.0],"features":[{"type":"Feature","properties":{"omh_p_marg_hsed_cpark":143,"sa4_code16":"101","omh_p_oth_crwd_dwell":228,"omh_p_oth_impor_dwell":222,"hl_p_homeless_tot":656,"hl_p_temp_oth_hholds":260,"hl_p_oth_temp_lodgings":21,"sa4_name_2016":"Capital Region","hl_p_supp_accom":136,"hl_p_sever_crwd_dwell":131,"hl_p_improv_dwell_tent_so":93,"hl_p_boading_houses":16},"id":"sa4_estimating_homelessness_2016.101"},{"type":"Feature","properties":{"omh_p_marg_hsed_cpark":173,"sa4_code16":"102","omh_p_oth_crwd_dwell":465,"omh_p_oth_impor_dwell":47,"hl_p_homeless_tot":1031,"hl_p_temp_oth_hholds":332,"hl_p_oth_temp_lodgings":13,"sa4_name_2016":"Central Coast","hl_p_supp_accom":235,"hl_p_sever_crwd_dwell":137,"hl_p_improv_dwell_tent_so":197,"hl_p_boading_houses":124},"id":"sa4_estimating_homelessness_2016.102"},{"type":"Feature","properties":{"omh_p_marg_hsed_cpark":78,"sa4_code16":"103","omh_p_oth_crwd_dwell":225,"omh_p_oth_impor_dwell":72,"hl_p_homeless_tot":457,"hl_p_temp_oth_hholds":159,"hl_p_oth_temp_lodgings":3,"sa4_name_2016":"Central West","hl_p_supp_accom":118,"hl_p_sever_crwd_dwell":73,"hl_p_improv_dwell_tent_so":38,"hl_p_boading_houses":71},"id":"sa4_estimating_homelessness_2016.103"},{"type":"Feature","properties":{"omh_p_marg_hsed_cpark":242,"sa4_code16":"104","omh_p_oth_crwd_dwell":414,"omh_p_oth_impor_dwell":164,"hl_p_homeless_tot":615,"hl_p_temp_oth_hholds":182,"hl_p_oth_temp_lodgings":13,"sa4_name_2016":"Coffs Harbour - Grafton","hl_p_supp_accom":140,"hl_p_sever_crwd_dwell":169,"hl_p_improv_dwell_tent_so":91,"hl_p_boading_houses":25},"id":"sa4_estimating_homelessness_2016.104"},{"type":"Feature","properties":{"omh_p_marg_hsed_cpark":34,"sa4_code16":"105","omh_p_oth_crwd_dwell":339,"omh_p_oth_impor_dwell":212,"hl_p_homeless_tot":500,"hl_p_temp_oth_hholds":107,"hl_p_oth_temp_lodgings":4,"sa4_name_2016":"Far West and Orana","hl_p_supp_accom":74,"hl_p_sever_crwd_dwell":116,"hl_p_improv_dwell_tent_so":110,"hl_p_boading_houses":84},"id":"sa4_estimating_homelessness_2016.105"},{"type":"Feature","properties":{"omh_p_marg_hsed_cpark":266,"sa4_code16":"106","omh_p_oth_crwd_dwell":348,"omh_p_oth_impor_dwell":121,"hl_p_homeless_tot":539,"hl_p_temp_oth_hholds":232,"hl_p_oth_temp_lodgings":6,"sa4_name_2016":"Hunter Valley exc Newcastle","hl_p_supp_accom":91,"hl_p_sever_crwd_dwell":159,"hl_p_improv_dwell_tent_so":37,"hl_p_boading_houses":16},"id":"sa4_estimating_homelessness_2016.106"},{"type":"Feature","properties":{"omh_p_marg_hsed_cpark":207,"sa4_code16":"107","omh_p_oth_crwd_dwell":508,"omh_p_oth_impor_dwell":8,"hl_p_homeless_tot":1013,"hl_p_temp_oth_hholds":237,"hl_p_oth_temp_lodgings":11,"sa4_name_2016":"Illawarra","hl_p_supp_accom":235,"hl_p_sever_crwd_dwell":220,"hl_p_improv_dwell_tent_so":151,"hl_p_boading_houses":166},"id":"sa4_estimating_homelessness_2016.107"},{"type":"Feature","properties":{"omh_p_marg_hsed_cpark":371,"sa4_code16":"108","omh_p_oth_crwd_dwell":394,"omh_p_oth_impor_dwell":75,"hl_p_homeless_tot":683,"hl_p_temp_oth_hholds":280,"hl_p_oth_temp_lodgings":17,"sa4_name_2016":"Mid North Coast","hl_p_supp_accom":269,"hl_p_sever_crwd_dwell":66,"hl_p_improv_dwell_tent_so":58,"hl_p_boading_houses":3},"id":"sa4_estimating_homelessness_2016.108"},{"type":"Feature","properties":{"omh_p_marg_hsed_cpark":85,"sa4_code16":"109","omh_p_oth_crwd_dwell":104,"omh_p_oth_impor_dwell":26,"hl_p_homeless_tot":231,"hl_p_temp_oth_hholds":101,"hl_p_oth_temp_lodgings":6,"sa4_name_2016":"Murray","hl_p_supp_accom":39,"hl_p_sever_crwd_dwell":40,"hl_p_improv_dwell_tent_so":8,"hl_p_boading_houses":35},"id":"sa4_estimating_homelessness_2016.109"},{"type":"Feature","properties":{"omh_p_marg_hsed_cpark":110,"sa4_code16":"110","omh_p_oth_crwd_dwell":344,"omh_p_oth_impor_dwell":84,"hl_p_homeless_tot":775,"hl_p_temp_oth_hholds":186,"hl_p_oth_temp_lodgings":6,"sa4_name_2016":"New England and North West","hl_p_supp_accom":172,"hl_p_sever_crwd_dwell":237,"hl_p_improv_dwell_tent_so":22,"hl_p_boading_houses":149},"id":"sa4_estimating_homelessness_2016.110"},{"type":"Feature","properties":{"omh_p_marg_hsed_cpark":137,"sa4_code16":"111","omh_p_oth_crwd_dwell":588,"omh_p_oth_impor_dwell":39,"hl_p_homeless_tot":1208,"hl_p_temp_oth_hholds":252,"hl_p_oth_temp_lodgings":4,"sa4_name_2016":"Newcastle and Lake Macquarie","hl_p_supp_accom":270,"hl_p_sever_crwd_dwell":176,"hl_p_improv_dwell_tent_so":175,"hl_p_boading_houses":328},"id":"sa4_estimating_homelessness_2016.111"},{"type":"Feature","properties":{"omh_p_marg_hsed_cpark":558,"sa4_code16":"112","omh_p_oth_crwd_dwell":408,"omh_p_oth_impor_dwell":117,"hl_p_homeless_tot":1267,"hl_p_temp_oth_hholds":344,"hl_p_oth_temp_lodgings":26,"sa4_name_2016":"Richmond - Tweed","hl_p_supp_accom":187,"hl_p_sever_crwd_dwell":137,"hl_p_improv_dwell_tent_so":429,"hl_p_boading_houses":146},"id":"sa4_estimating_homelessness_2016.112"},{"type":"Feature","properties":{"omh_p_marg_hsed_cpark":66,"sa4_code16":"113","omh_p_oth_crwd_dwell":275,"omh_p_oth_impor_dwell":51,"hl_p_homeless_tot":389,"hl_p_temp_oth_hholds":125,"hl_p_oth_temp_lodgings":12,"sa4_name_2016":"Riverina","hl_p_supp_accom":48,"hl_p_sever_crwd_dwell":137,"hl_p_improv_dwell_tent_so":27,"hl_p_boading_houses":47},"id":"sa4_estimating_homelessness_2016.113"},{"type":"Feature","properties":{"omh_p_marg_hsed_cpark":172,"sa4_code16":"114","omh_p_oth_crwd_dwell":236,"omh_p_oth_impor_dwell":40,"hl_p_homeless_tot":363,"hl_p_temp_oth_hholds":162,"hl_p_oth_temp_lodgings":9,"sa4_name_2016":"Southern Highlands and Shoalhaven","hl_p_supp_accom":91,"hl_p_sever_crwd_dwell":56,"hl_p_improv_dwell_tent_so":33,"hl_p_boading_houses":13},"id":"sa4_estimating_homelessness_2016.114"},{"type":"Feature","properties":{"omh_p_marg_hsed_cpark":77,"sa4_code16":"115","omh_p_oth_crwd_dwell":428,"omh_p_oth_impor_dwell":69,"hl_p_homeless_tot":383,"hl_p_temp_oth_hholds":95,"hl_p_oth_temp_lodgings":0,"sa4_name_2016":"Sydney - Baulkham Hills and Hawkesbury","hl_p_supp_accom":18,"hl_p_sever_crwd_dwell":249,"hl_p_improv_dwell_tent_so":9,"hl_p_boading_houses":8},"id":"sa4_estimating_homelessness_2016.115"},{"type":"Feature","properties":{"omh_p_marg_hsed_cpark":68,"sa4_code16":"116","omh_p_oth_crwd_dwell":2278,"omh_p_oth_impor_dwell":83,"hl_p_homeless_tot":1554,"hl_p_temp_oth_hholds":196,"hl_p_oth_temp_lodgings":0,"sa4_name_2016":"Sydney - Blacktown","hl_p_supp_accom":217,"hl_p_sever_crwd_dwell":1028,"hl_p_improv_dwell_tent_so":77,"hl_p_boading_houses":39},"id":"sa4_estimating_homelessness_2016.116"},{"type":"Feature","properties":{"omh_p_marg_hsed_cpark":0,"sa4_code16":"117","omh_p_oth_crwd_dwell":3588,"omh_p_oth_impor_dwell":38,"hl_p_homeless_tot":6196,"hl_p_temp_oth_hholds":250,"hl_p_oth_temp_lodgings":20,"sa4_name_2016":"Sydney - City and Inner South","hl_p_supp_accom":624,"hl_p_sever_crwd_dwell":2268,"hl_p_improv_dwell_tent_so":638,"hl_p_boading_houses":2398},"id":"sa4_estimating_homelessness_2016.117"},{"type":"Feature","properties":{"omh_p_marg_hsed_cpark":0,"sa4_code16":"118","omh_p_oth_crwd_dwell":763,"omh_p_oth_impor_dwell":0,"hl_p_homeless_tot":1481,"hl_p_temp_oth_hholds":167,"hl_p_oth_temp_lodgings":8,"sa4_name_2016":"Sydney - Eastern Suburbs","hl_p_supp_accom":127,"hl_p_sever_crwd_dwell":374,"hl_p_improv_dwell_tent_so":23,"hl_p_boading_houses":794},"id":"sa4_estimating_homelessness_2016.118"},{"type":"Feature","properties":{"omh_p_marg_hsed_cpark":10,"sa4_code16":"119","omh_p_oth_crwd_dwell":5634,"omh_p_oth_impor_dwell":5,"hl_p_homeless_tot":3710,"hl_p_temp_oth_hholds":274,"hl_p_oth_temp_lodgings":8,"sa4_name_2016":"Sydney - Inner South West","hl_p_supp_accom":294,"hl_p_sever_crwd_dwell":2730,"hl_p_improv_dwell_tent_so":18,"hl_p_boading_houses":388},"id":"sa4_estimating_homelessness_2016.119"},{"type":"Feature","properties":{"omh_p_marg_hsed_cpark":0,"sa4_code16":"120","omh_p_oth_crwd_dwell":1784,"omh_p_oth_impor_dwell":0,"hl_p_homeless_tot":2572,"hl_p_temp_oth_hholds":155,"hl_p_oth_temp_lodgings":8,"sa4_name_2016":"Sydney - Inner West","hl_p_supp_accom":267,"hl_p_sever_crwd_dwell":1141,"hl_p_improv_dwell_tent_so":40,"hl_p_boading_houses":960},"id":"sa4_estimating_homelessness_2016.120"},{"type":"Feature","properties":{"omh_p_marg_hsed_cpark":0,"sa4_code16":"121","omh_p_oth_crwd_dwell":600,"omh_p_oth_impor_dwell":0,"hl_p_homeless_tot":1036,"hl_p_temp_oth_hholds":149,"hl_p_oth_temp_lodgings":3,"sa4_name_2016":"Sydney - North Sydney and Hornsby","hl_p_supp_accom":52,"hl_p_sever_crwd_dwell":339,"hl_p_improv_dwell_tent_so":23,"hl_p_boading_houses":472},"id":"sa4_estimating_homelessness_2016.121"},{"type":"Feature","properties":{"omh_p_marg_hsed_cpark":23,"sa4_code16":"122","omh_p_oth_crwd_dwell":430,"omh_p_oth_impor_dwell":22,"hl_p_homeless_tot":605,"hl_p_temp_oth_hholds":120,"hl_p_oth_temp_lodgings":0,"sa4_name_2016":"Sydney - Northern Beaches","hl_p_supp_accom":71,"hl_p_sever_crwd_dwell":232,"hl_p_improv_dwell_tent_so":85,"hl_p_boading_houses":93},"id":"sa4_estimating_homelessness_2016.122"},{"type":"Feature","properties":{"omh_p_marg_hsed_cpark":50,"sa4_code16":"123","omh_p_oth_crwd_dwell":930,"omh_p_oth_impor_dwell":51,"hl_p_homeless_tot":1045,"hl_p_temp_oth_hholds":198,"hl_p_oth_temp_lodgings":3,"sa4_name_2016":"Sydney - Outer South West","hl_p_supp_accom":373,"hl_p_sever_crwd_dwell":421,"hl_p_improv_dwell_tent_so":15,"hl_p_boading_houses":33},"id":"sa4_estimating_homelessness_2016.123"},{"type":"Feature","properties":{"omh_p_marg_hsed_cpark":26,"sa4_code16":"124","omh_p_oth_crwd_dwell":723,"omh_p_oth_impor_dwell":68,"hl_p_homeless_tot":1223,"hl_p_temp_oth_hholds":211,"hl_p_oth_temp_lodgings":8,"sa4_name_2016":"Sydney - Outer West and Blue Mountains","hl_p_supp_accom":473,"hl_p_sever_crwd_dwell":426,"hl_p_improv_dwell_tent_so":63,"hl_p_boading_houses":44},"id":"sa4_estimating_homelessness_2016.124"},{"type":"Feature","properties":{"omh_p_marg_hsed_cpark":4,"sa4_code16":"125","omh_p_oth_crwd_dwell":5474,"omh_p_oth_impor_dwell":44,"hl_p_homeless_tot":4347,"hl_p_temp_oth_hholds":225,"hl_p_oth_temp_lodgings":0,"sa4_name_2016":"Sydney - Parramatta","hl_p_supp_accom":441,"hl_p_sever_crwd_dwell":3299,"hl_p_improv_dwell_tent_so":72,"hl_p_boading_houses":299},"id":"sa4_estimating_homelessness_2016.125"},{"type":"Feature","properties":{"omh_p_marg_hsed_cpark":0,"sa4_code16":"126","omh_p_oth_crwd_dwell":496,"omh_p_oth_impor_dwell":7,"hl_p_homeless_tot":485,"hl_p_temp_oth_hholds":75,"hl_p_oth_temp_lodgings":0,"sa4_name_2016":"Sydney - Ryde","hl_p_supp_accom":37,"hl_p_sever_crwd_dwell":320,"hl_p_improv_dwell_tent_so":0,"hl_p_boading_houses":47},"id":"sa4_estimating_homelessness_2016.126"},{"type":"Feature","properties":{"omh_p_marg_hsed_cpark":29,"sa4_code16":"127","omh_p_oth_crwd_dwell":4283,"omh_p_oth_impor_dwell":94,"hl_p_homeless_tot":3071,"hl_p_temp_oth_hholds":210,"hl_p_oth_temp_lodgings":3,"sa4_name_2016":"Sydney - South West","hl_p_supp_accom":696,"hl_p_sever_crwd_dwell":2085,"hl_p_improv_dwell_tent_so":53,"hl_p_boading_houses":27},"id":"sa4_estimating_homelessness_2016.127"},{"type":"Feature","properties":{"omh_p_marg_hsed_cpark":76,"sa4_code16":"128","omh_p_oth_crwd_dwell":236,"omh_p_oth_impor_dwell":0,"hl_p_homeless_tot":266,"hl_p_temp_oth_hholds":95,"hl_p_oth_temp_lodgings":0,"sa4_name_2016":"Sydney - Sutherland","hl_p_supp_accom":58,"hl_p_sever_crwd_dwell":67,"hl_p_improv_dwell_tent_so":9,"hl_p_boading_houses":43},"id":"sa4_estimating_homelessness_2016.128"},{"type":"Feature","properties":{"omh_p_marg_hsed_cpark":37,"sa4_code16":"201","omh_p_oth_crwd_dwell":131,"omh_p_oth_impor_dwell":28,"hl_p_homeless_tot":529,"hl_p_temp_oth_hholds":89,"hl_p_oth_temp_lodgings":0,"sa4_name_2016":"Ballarat","hl_p_supp_accom":239,"hl_p_sever_crwd_dwell":70,"hl_p_improv_dwell_tent_so":22,"hl_p_boading_houses":105},"id":"sa4_estimating_homelessness_2016.201"},{"type":"Feature","properties":{"omh_p_marg_hsed_cpark":65,"sa4_code16":"202","omh_p_oth_crwd_dwell":206,"omh_p_oth_impor_dwell":30,"hl_p_homeless_tot":439,"hl_p_temp_oth_hholds":109,"hl_p_oth_temp_lodgings":3,"sa4_name_2016":"Bendigo","hl_p_supp_accom":171,"hl_p_sever_crwd_dwell":95,"hl_p_improv_dwell_tent_so":20,"hl_p_boading_houses":38},"id":"sa4_estimating_homelessness_2016.202"},{"type":"Feature","properties":{"omh_p_marg_hsed_cpark":118,"sa4_code16":"203","omh_p_oth_crwd_dwell":351,"omh_p_oth_impor_dwell":34,"hl_p_homeless_tot":815,"hl_p_temp_oth_hholds":186,"hl_p_oth_temp_lodgings":7,"sa4_name_2016":"Geelong","hl_p_supp_accom":250,"hl_p_sever_crwd_dwell":180,"hl_p_improv_dwell_tent_so":72,"hl_p_boading_houses":114},"id":"sa4_estimating_homelessness_2016.203"},{"type":"Feature","properties":{"omh_p_marg_hsed_cpark":156,"sa4_code16":"204","omh_p_oth_crwd_dwell":188,"omh_p_oth_impor_dwell":40,"hl_p_homeless_tot":507,"hl_p_temp_oth_hholds":139,"hl_p_oth_temp_lodgings":4,"sa4_name_2016":"Hume","hl_p_supp_accom":182,"hl_p_sever_crwd_dwell":104,"hl_p_improv_dwell_tent_so":51,"hl_p_boading_houses":20},"id":"sa4_estimating_homelessness_2016.204"},{"type":"Feature","properties":{"omh_p_marg_hsed_cpark":193,"sa4_code16":"205","omh_p_oth_crwd_dwell":257,"omh_p_oth_impor_dwell":60,"hl_p_homeless_tot":689,"hl_p_temp_oth_hholds":176,"hl_p_oth_temp_lodgings":5,"sa4_name_2016":"Latrobe - Gippsland","hl_p_supp_accom":284,"hl_p_sever_crwd_dwell":94,"hl_p_improv_dwell_tent_so":37,"hl_p_boading_houses":89},"id":"sa4_estimating_homelessness_2016.205"},{"type":"Feature","properties":{"omh_p_marg_hsed_cpark":0,"sa4_code16":"206","omh_p_oth_crwd_dwell":2372,"omh_p_oth_impor_dwell":10,"hl_p_homeless_tot":4843,"hl_p_temp_oth_hholds":411,"hl_p_oth_temp_lodgings":42,"sa4_name_2016":"Melbourne - Inner","hl_p_supp_accom":1192,"hl_p_sever_crwd_dwell":833,"hl_p_improv_dwell_tent_so":491,"hl_p_boading_houses":1876},"id":"sa4_estimating_homelessness_2016.206"},{"type":"Feature","properties":{"omh_p_marg_hsed_cpark":0,"sa4_code16":"207","omh_p_oth_crwd_dwell":746,"omh_p_oth_impor_dwell":7,"hl_p_homeless_tot":1175,"hl_p_temp_oth_hholds":113,"hl_p_oth_temp_lodgings":3,"sa4_name_2016":"Melbourne - Inner East","hl_p_supp_accom":245,"hl_p_sever_crwd_dwell":319,"hl_p_improv_dwell_tent_so":3,"hl_p_boading_houses":488},"id":"sa4_estimating_homelessness_2016.207"},{"type":"Feature","properties":{"omh_p_marg_hsed_cpark":59,"sa4_code16":"208","omh_p_oth_crwd_dwell":446,"omh_p_oth_impor_dwell":3,"hl_p_homeless_tot":1225,"hl_p_temp_oth_hholds":137,"hl_p_oth_temp_lodgings":6,"sa4_name_2016":"Melbourne - Inner South","hl_p_supp_accom":556,"hl_p_sever_crwd_dwell":273,"hl_p_improv_dwell_tent_so":13,"hl_p_boading_houses":243},"id":"sa4_estimating_homelessness_2016.208"},{"type":"Feature","properties":{"omh_p_marg_hsed_cpark":7,"sa4_code16":"209","omh_p_oth_crwd_dwell":1576,"omh_p_oth_impor_dwell":38,"hl_p_homeless_tot":1770,"hl_p_temp_oth_hholds":243,"hl_p_oth_temp_lodgings":9,"sa4_name_2016":"Melbourne - North East","hl_p_supp_accom":749,"hl_p_sever_crwd_dwell":618,"hl_p_improv_dwell_tent_so":18,"hl_p_boading_houses":131},"id":"sa4_estimating_homelessness_2016.209"},{"type":"Feature","properties":{"omh_p_marg_hsed_cpark":85,"sa4_code16":"210","omh_p_oth_crwd_dwell":2220,"omh_p_oth_impor_dwell":11,"hl_p_homeless_tot":1433,"hl_p_temp_oth_hholds":162,"hl_p_oth_temp_lodgings":8,"sa4_name_2016":"Melbourne - North West","hl_p_supp_accom":342,"hl_p_sever_crwd_dwell":880,"hl_p_improv_dwell_tent_so":18,"hl_p_boading_houses":29},"id":"sa4_estimating_homelessness_2016.210"},{"type":"Feature","properties":{"omh_p_marg_hsed_cpark":96,"sa4_code16":"211","omh_p_oth_crwd_dwell":859,"omh_p_oth_impor_dwell":38,"hl_p_homeless_tot":1267,"hl_p_temp_oth_hholds":237,"hl_p_oth_temp_lodgings":6,"sa4_name_2016":"Melbourne - Outer East","hl_p_supp_accom":527,"hl_p_sever_crwd_dwell":300,"hl_p_improv_dwell_tent_so":48,"hl_p_boading_houses":142},"id":"sa4_estimating_homelessness_2016.211"},{"type":"Feature","properties":{"omh_p_marg_hsed_cpark":254,"sa4_code16":"212","omh_p_oth_crwd_dwell":4840,"omh_p_oth_impor_dwell":36,"hl_p_homeless_tot":4364,"hl_p_temp_oth_hholds":292,"hl_p_oth_temp_lodgings":0,"sa4_name_2016":"Melbourne - South East","hl_p_supp_accom":768,"hl_p_sever_crwd_dwell":2610,"hl_p_improv_dwell_tent_so":42,"hl_p_boading_houses":654},"id":"sa4_estimating_homelessness_2016.212"},{"type":"Feature","properties":{"omh_p_marg_hsed_cpark":123,"sa4_code16":"213","omh_p_oth_crwd_dwell":4569,"omh_p_oth_impor_dwell":18,"hl_p_homeless_tot":3619,"hl_p_temp_oth_hholds":332,"hl_p_oth_temp_lodgings":7,"sa4_name_2016":"Melbourne - West","hl_p_supp_accom":880,"hl_p_sever_crwd_dwell":2123,"hl_p_improv_dwell_tent_so":45,"hl_p_boading_houses":235},"id":"sa4_estimating_homelessness_2016.213"},{"type":"Feature","properties":{"omh_p_marg_hsed_cpark":306,"sa4_code16":"214","omh_p_oth_crwd_dwell":312,"omh_p_oth_impor_dwell":18,"hl_p_homeless_tot":846,"hl_p_temp_oth_hholds":191,"hl_p_oth_temp_lodgings":7,"sa4_name_2016":"Mornington Peninsula","hl_p_supp_accom":299,"hl_p_sever_crwd_dwell":85,"hl_p_improv_dwell_tent_so":117,"hl_p_boading_houses":149},"id":"sa4_estimating_homelessness_2016.214"},{"type":"Feature","properties":{"omh_p_marg_hsed_cpark":126,"sa4_code16":"215","omh_p_oth_crwd_dwell":236,"omh_p_oth_impor_dwell":30,"hl_p_homeless_tot":443,"hl_p_temp_oth_hholds":81,"hl_p_oth_temp_lodgings":4,"sa4_name_2016":"North West","hl_p_supp_accom":170,"hl_p_sever_crwd_dwell":124,"hl_p_improv_dwell_tent_so":40,"hl_p_boading_houses":29},"id":"sa4_estimating_homelessness_2016.215"},{"type":"Feature","properties":{"omh_p_marg_hsed_cpark":184,"sa4_code16":"216","omh_p_oth_crwd_dwell":395,"omh_p_oth_impor_dwell":27,"hl_p_homeless_tot":539,"hl_p_temp_oth_hholds":112,"hl_p_oth_temp_lodgings":5,"sa4_name_2016":"Shepparton","hl_p_supp_accom":150,"hl_p_sever_crwd_dwell":182,"hl_p_improv_dwell_tent_so":57,"hl_p_boading_houses":40},"id":"sa4_estimating_homelessness_2016.216"},{"type":"Feature","properties":{"omh_p_marg_hsed_cpark":41,"sa4_code16":"217","omh_p_oth_crwd_dwell":90,"omh_p_oth_impor_dwell":23,"hl_p_homeless_tot":333,"hl_p_temp_oth_hholds":73,"hl_p_oth_temp_lodgings":0,"sa4_name_2016":"Warrnambool and South West","hl_p_supp_accom":171,"hl_p_sever_crwd_dwell":44,"hl_p_improv_dwell_tent_so":29,"hl_p_boading_houses":16},"id":"sa4_estimating_homelessness_2016.217"},{"type":"Feature","properties":{"omh_p_marg_hsed_cpark":51,"sa4_code16":"301","omh_p_oth_crwd_dwell":355,"omh_p_oth_impor_dwell":10,"hl_p_homeless_tot":440,"hl_p_temp_oth_hholds":147,"hl_p_oth_temp_lodgings":0,"sa4_name_2016":"Brisbane - East","hl_p_supp_accom":136,"hl_p_sever_crwd_dwell":99,"hl_p_improv_dwell_tent_so":33,"hl_p_boading_houses":20},"id":"sa4_estimating_homelessness_2016.301"},{"type":"Feature","properties":{"omh_p_marg_hsed_cpark":245,"sa4_code16":"302","omh_p_oth_crwd_dwell":408,"omh_p_oth_impor_dwell":10,"hl_p_homeless_tot":525,"hl_p_temp_oth_hholds":118,"hl_p_oth_temp_lodgings":0,"sa4_name_2016":"Brisbane - North","hl_p_supp_accom":197,"hl_p_sever_crwd_dwell":146,"hl_p_improv_dwell_tent_so":19,"hl_p_boading_houses":50},"id":"sa4_estimating_homelessness_2016.302"},{"type":"Feature","properties":{"omh_p_marg_hsed_cpark":294,"sa4_code16":"303","omh_p_oth_crwd_dwell":1080,"omh_p_oth_impor_dwell":13,"hl_p_homeless_tot":1524,"hl_p_temp_oth_hholds":214,"hl_p_oth_temp_lodgings":0,"sa4_name_2016":"Brisbane - South","hl_p_supp_accom":294,"hl_p_sever_crwd_dwell":672,"hl_p_improv_dwell_tent_so":0,"hl_p_boading_houses":342},"id":"sa4_estimating_homelessness_2016.303"},{"type":"Feature","properties":{"omh_p_marg_hsed_cpark":0,"sa4_code16":"304","omh_p_oth_crwd_dwell":200,"omh_p_oth_impor_dwell":4,"hl_p_homeless_tot":301,"hl_p_temp_oth_hholds":94,"hl_p_oth_temp_lodgings":0,"sa4_name_2016":"Brisbane - West","hl_p_supp_accom":13,"hl_p_sever_crwd_dwell":151,"hl_p_improv_dwell_tent_so":0,"hl_p_boading_houses":50},"id":"sa4_estimating_homelessness_2016.304"},{"type":"Feature","properties":{"omh_p_marg_hsed_cpark":9,"sa4_code16":"305","omh_p_oth_crwd_dwell":752,"omh_p_oth_impor_dwell":11,"hl_p_homeless_tot":2915,"hl_p_temp_oth_hholds":183,"hl_p_oth_temp_lodgings":23,"sa4_name_2016":"Brisbane Inner City","hl_p_supp_accom":703,"hl_p_sever_crwd_dwell":318,"hl_p_improv_dwell_tent_so":188,"hl_p_boading_houses":1505},"id":"sa4_estimating_homelessness_2016.305"},{"type":"Feature","properties":{"omh_p_marg_hsed_cpark":298,"sa4_code16":"306","omh_p_oth_crwd_dwell":1109,"omh_p_oth_impor_dwell":188,"hl_p_homeless_tot":2362,"hl_p_temp_oth_hholds":432,"hl_p_oth_temp_lodgings":28,"sa4_name_2016":"Cairns","hl_p_supp_accom":391,"hl_p_sever_crwd_dwell":883,"hl_p_improv_dwell_tent_so":238,"hl_p_boading_houses":388},"id":"sa4_estimating_homelessness_2016.306"},{"type":"Feature","properties":{"omh_p_marg_hsed_cpark":108,"sa4_code16":"307","omh_p_oth_crwd_dwell":213,"omh_p_oth_impor_dwell":94,"hl_p_homeless_tot":349,"hl_p_temp_oth_hholds":155,"hl_p_oth_temp_lodgings":9,"sa4_name_2016":"Darling Downs - Maranoa","hl_p_supp_accom":20,"hl_p_sever_crwd_dwell":114,"hl_p_improv_dwell_tent_so":46,"hl_p_boading_houses":8},"id":"sa4_estimating_homelessness_2016.307"},{"type":"Feature","properties":{"omh_p_marg_hsed_cpark":215,"sa4_code16":"308","omh_p_oth_crwd_dwell":424,"omh_p_oth_impor_dwell":224,"hl_p_homeless_tot":929,"hl_p_temp_oth_hholds":260,"hl_p_oth_temp_lodgings":3,"sa4_name_2016":"Central Queensland","hl_p_supp_accom":143,"hl_p_sever_crwd_dwell":195,"hl_p_improv_dwell_tent_so":131,"hl_p_boading_houses":195},"id":"sa4_estimating_homelessness_2016.308"},{"type":"Feature","properties":{"omh_p_marg_hsed_cpark":429,"sa4_code16":"309","omh_p_oth_crwd_dwell":1004,"omh_p_oth_impor_dwell":62,"hl_p_homeless_tot":1723,"hl_p_temp_oth_hholds":548,"hl_p_oth_temp_lodgings":61,"sa4_name_2016":"Gold Coast","hl_p_supp_accom":233,"hl_p_sever_crwd_dwell":392,"hl_p_improv_dwell_tent_so":228,"hl_p_boading_houses":263},"id":"sa4_estimating_homelessness_2016.309"},{"type":"Feature","properties":{"omh_p_marg_hsed_cpark":328,"sa4_code16":"310","omh_p_oth_crwd_dwell":1208,"omh_p_oth_impor_dwell":57,"hl_p_homeless_tot":1223,"hl_p_temp_oth_hholds":273,"hl_p_oth_temp_lodgings":0,"sa4_name_2016":"Ipswich","hl_p_supp_accom":189,"hl_p_sever_crwd_dwell":601,"hl_p_improv_dwell_tent_so":34,"hl_p_boading_houses":125},"id":"sa4_estimating_homelessness_2016.310"},{"type":"Feature","properties":{"omh_p_marg_hsed_cpark":208,"sa4_code16":"311","omh_p_oth_crwd_dwell":1593,"omh_p_oth_impor_dwell":41,"hl_p_homeless_tot":1229,"hl_p_temp_oth_hholds":304,"hl_p_oth_temp_lodgings":3,"sa4_name_2016":"Logan - Beaudesert","hl_p_supp_accom":159,"hl_p_sever_crwd_dwell":717,"hl_p_improv_dwell_tent_so":24,"hl_p_boading_houses":18},"id":"sa4_estimating_homelessness_2016.311"},{"type":"Feature","properties":{"omh_p_marg_hsed_cpark":188,"sa4_code16":"312","omh_p_oth_crwd_dwell":221,"omh_p_oth_impor_dwell":160,"hl_p_homeless_tot":695,"hl_p_temp_oth_hholds":233,"hl_p_oth_temp_lodgings":20,"sa4_name_2016":"Mackay - Isaac - Whitsunday","hl_p_supp_accom":125,"hl_p_sever_crwd_dwell":139,"hl_p_improv_dwell_tent_so":75,"hl_p_boading_houses":109},"id":"sa4_estimating_homelessness_2016.312"},{"type":"Feature","properties":{"omh_p_marg_hsed_cpark":220,"sa4_code16":"313","omh_p_oth_crwd_dwell":521,"omh_p_oth_impor_dwell":54,"hl_p_homeless_tot":894,"hl_p_temp_oth_hholds":301,"hl_p_oth_temp_lodgings":0,"sa4_name_2016":"Moreton Bay - North","hl_p_supp_accom":174,"hl_p_sever_crwd_dwell":337,"hl_p_improv_dwell_tent_so":40,"hl_p_boading_houses":47},"id":"sa4_estimating_homelessness_2016.313"},{"type":"Feature","properties":{"omh_p_marg_hsed_cpark":77,"sa4_code16":"314","omh_p_oth_crwd_dwell":301,"omh_p_oth_impor_dwell":31,"hl_p_homeless_tot":285,"hl_p_temp_oth_hholds":135,"hl_p_oth_temp_lodgings":0,"sa4_name_2016":"Moreton Bay - South","hl_p_supp_accom":39,"hl_p_sever_crwd_dwell":105,"hl_p_improv_dwell_tent_so":0,"hl_p_boading_houses":3},"id":"sa4_estimating_homelessness_2016.314"},{"type":"Feature","properties":{"omh_p_marg_hsed_cpark":110,"sa4_code16":"315","omh_p_oth_crwd_dwell":1305,"omh_p_oth_impor_dwell":153,"hl_p_homeless_tot":1892,"hl_p_temp_oth_hholds":201,"hl_p_oth_temp_lodgings":5,"sa4_name_2016":"Queensland - Outback","hl_p_supp_accom":108,"hl_p_sever_crwd_dwell":1310,"hl_p_improv_dwell_tent_so":236,"hl_p_boading_houses":34},"id":"sa4_estimating_homelessness_2016.315"},{"type":"Feature","properties":{"omh_p_marg_hsed_cpark":495,"sa4_code16":"316","omh_p_oth_crwd_dwell":451,"omh_p_oth_impor_dwell":123,"hl_p_homeless_tot":894,"hl_p_temp_oth_hholds":453,"hl_p_oth_temp_lodgings":30,"sa4_name_2016":"Sunshine Coast","hl_p_supp_accom":183,"hl_p_sever_crwd_dwell":121,"hl_p_improv_dwell_tent_so":61,"hl_p_boading_houses":53},"id":"sa4_estimating_homelessness_2016.316"},{"type":"Feature","properties":{"omh_p_marg_hsed_cpark":25,"sa4_code16":"317","omh_p_oth_crwd_dwell":297,"omh_p_oth_impor_dwell":32,"hl_p_homeless_tot":531,"hl_p_temp_oth_hholds":114,"hl_p_oth_temp_lodgings":3,"sa4_name_2016":"Toowoomba","hl_p_supp_accom":139,"hl_p_sever_crwd_dwell":162,"hl_p_improv_dwell_tent_so":23,"hl_p_boading_houses":96},"id":"sa4_estimating_homelessness_2016.317"},{"type":"Feature","properties":{"omh_p_marg_hsed_cpark":100,"sa4_code16":"318","omh_p_oth_crwd_dwell":568,"omh_p_oth_impor_dwell":99,"hl_p_homeless_tot":1483,"hl_p_temp_oth_hholds":215,"hl_p_oth_temp_lodgings":4,"sa4_name_2016":"Townsville","hl_p_supp_accom":230,"hl_p_sever_crwd_dwell":722,"hl_p_improv_dwell_tent_so":91,"hl_p_boading_houses":216},"id":"sa4_estimating_homelessness_2016.318"},{"type":"Feature","properties":{"omh_p_marg_hsed_cpark":542,"sa4_code16":"319","omh_p_oth_crwd_dwell":503,"omh_p_oth_impor_dwell":381,"hl_p_homeless_tot":1522,"hl_p_temp_oth_hholds":445,"hl_p_oth_temp_lodgings":7,"sa4_name_2016":"Wide Bay","hl_p_supp_accom":265,"hl_p_sever_crwd_dwell":432,"hl_p_improv_dwell_tent_so":270,"hl_p_boading_houses":102},"id":"sa4_estimating_homelessness_2016.319"},{"type":"Feature","properties":{"omh_p_marg_hsed_cpark":25,"sa4_code16":"401","omh_p_oth_crwd_dwell":397,"omh_p_oth_impor_dwell":15,"hl_p_homeless_tot":1078,"hl_p_temp_oth_hholds":153,"hl_p_oth_temp_lodgings":17,"sa4_name_2016":"Adelaide - Central and Hills","hl_p_supp_accom":237,"hl_p_sever_crwd_dwell":154,"hl_p_improv_dwell_tent_so":126,"hl_p_boading_houses":395},"id":"sa4_estimating_homelessness_2016.401"},{"type":"Feature","properties":{"omh_p_marg_hsed_cpark":73,"sa4_code16":"402","omh_p_oth_crwd_dwell":1584,"omh_p_oth_impor_dwell":31,"hl_p_homeless_tot":1618,"hl_p_temp_oth_hholds":367,"hl_p_oth_temp_lodgings":3,"sa4_name_2016":"Adelaide - North","hl_p_supp_accom":267,"hl_p_sever_crwd_dwell":896,"hl_p_improv_dwell_tent_so":10,"hl_p_boading_houses":78},"id":"sa4_estimating_homelessness_2016.402"},{"type":"Feature","properties":{"omh_p_marg_hsed_cpark":87,"sa4_code16":"403","omh_p_oth_crwd_dwell":393,"omh_p_oth_impor_dwell":19,"hl_p_homeless_tot":986,"hl_p_temp_oth_hholds":295,"hl_p_oth_temp_lodgings":4,"sa4_name_2016":"Adelaide - South","hl_p_supp_accom":315,"hl_p_sever_crwd_dwell":216,"hl_p_improv_dwell_tent_so":26,"hl_p_boading_houses":129},"id":"sa4_estimating_homelessness_2016.403"},{"type":"Feature","properties":{"omh_p_marg_hsed_cpark":7,"sa4_code16":"404","omh_p_oth_crwd_dwell":668,"omh_p_oth_impor_dwell":21,"hl_p_homeless_tot":945,"hl_p_temp_oth_hholds":141,"hl_p_oth_temp_lodgings":3,"sa4_name_2016":"Adelaide - West","hl_p_supp_accom":243,"hl_p_sever_crwd_dwell":328,"hl_p_improv_dwell_tent_so":24,"hl_p_boading_houses":220},"id":"sa4_estimating_homelessness_2016.404"},{"type":"Feature","properties":{"omh_p_marg_hsed_cpark":65,"sa4_code16":"405","omh_p_oth_crwd_dwell":92,"omh_p_oth_impor_dwell":36,"hl_p_homeless_tot":237,"hl_p_temp_oth_hholds":104,"hl_p_oth_temp_lodgings":4,"sa4_name_2016":"Barossa - Yorke - Mid North","hl_p_supp_accom":47,"hl_p_sever_crwd_dwell":21,"hl_p_improv_dwell_tent_so":20,"hl_p_boading_houses":37},"id":"sa4_estimating_homelessness_2016.405"},{"type":"Feature","properties":{"omh_p_marg_hsed_cpark":53,"sa4_code16":"406","omh_p_oth_crwd_dwell":372,"omh_p_oth_impor_dwell":70,"hl_p_homeless_tot":695,"hl_p_temp_oth_hholds":76,"hl_p_oth_temp_lodgings":0,"sa4_name_2016":"South Australia - Outback","hl_p_supp_accom":174,"hl_p_sever_crwd_dwell":350,"hl_p_improv_dwell_tent_so":89,"hl_p_boading_houses":0},"id":"sa4_estimating_homelessness_2016.406"},{"type":"Feature","properties":{"omh_p_marg_hsed_cpark":84,"sa4_code16":"407","omh_p_oth_crwd_dwell":305,"omh_p_oth_impor_dwell":65,"hl_p_homeless_tot":637,"hl_p_temp_oth_hholds":181,"hl_p_oth_temp_lodgings":10,"sa4_name_2016":"South Australia - South East","hl_p_supp_accom":144,"hl_p_sever_crwd_dwell":179,"hl_p_improv_dwell_tent_so":91,"hl_p_boading_houses":44},"id":"sa4_estimating_homelessness_2016.407"},{"type":"Feature","properties":{"omh_p_marg_hsed_cpark":186,"sa4_code16":"501","omh_p_oth_crwd_dwell":184,"omh_p_oth_impor_dwell":133,"hl_p_homeless_tot":443,"hl_p_temp_oth_hholds":201,"hl_p_oth_temp_lodgings":0,"sa4_name_2016":"Bunbury","hl_p_supp_accom":28,"hl_p_sever_crwd_dwell":110,"hl_p_improv_dwell_tent_so":80,"hl_p_boading_houses":26},"id":"sa4_estimating_homelessness_2016.501"},{"type":"Feature","properties":{"omh_p_marg_hsed_cpark":101,"sa4_code16":"502","omh_p_oth_crwd_dwell":79,"omh_p_oth_impor_dwell":37,"hl_p_homeless_tot":255,"hl_p_temp_oth_hholds":95,"hl_p_oth_temp_lodgings":0,"sa4_name_2016":"Mandurah","hl_p_supp_accom":21,"hl_p_sever_crwd_dwell":68,"hl_p_improv_dwell_tent_so":62,"hl_p_boading_houses":10},"id":"sa4_estimating_homelessness_2016.502"},{"type":"Feature","properties":{"omh_p_marg_hsed_cpark":0,"sa4_code16":"503","omh_p_oth_crwd_dwell":255,"omh_p_oth_impor_dwell":4,"hl_p_homeless_tot":943,"hl_p_temp_oth_hholds":84,"hl_p_oth_temp_lodgings":14,"sa4_name_2016":"Perth - Inner","hl_p_supp_accom":387,"hl_p_sever_crwd_dwell":108,"hl_p_improv_dwell_tent_so":278,"hl_p_boading_houses":73},"id":"sa4_estimating_homelessness_2016.503"},{"type":"Feature","properties":{"omh_p_marg_hsed_cpark":47,"sa4_code16":"504","omh_p_oth_crwd_dwell":587,"omh_p_oth_impor_dwell":79,"hl_p_homeless_tot":728,"hl_p_temp_oth_hholds":142,"hl_p_oth_temp_lodgings":0,"sa4_name_2016":"Perth - North East","hl_p_supp_accom":97,"hl_p_sever_crwd_dwell":341,"hl_p_improv_dwell_tent_so":58,"hl_p_boading_houses":88},"id":"sa4_estimating_homelessness_2016.504"},{"type":"Feature","properties":{"omh_p_marg_hsed_cpark":39,"sa4_code16":"505","omh_p_oth_crwd_dwell":1131,"omh_p_oth_impor_dwell":39,"hl_p_homeless_tot":954,"hl_p_temp_oth_hholds":280,"hl_p_oth_temp_lodgings":6,"sa4_name_2016":"Perth - North West","hl_p_supp_accom":74,"hl_p_sever_crwd_dwell":499,"hl_p_improv_dwell_tent_so":26,"hl_p_boading_houses":73},"id":"sa4_estimating_homelessness_2016.505"},{"type":"Feature","properties":{"omh_p_marg_hsed_cpark":104,"sa4_code16":"506","omh_p_oth_crwd_dwell":1415,"omh_p_oth_impor_dwell":44,"hl_p_homeless_tot":1446,"hl_p_temp_oth_hholds":296,"hl_p_oth_temp_lodgings":0,"sa4_name_2016":"Perth - South East","hl_p_supp_accom":90,"hl_p_sever_crwd_dwell":769,"hl_p_improv_dwell_tent_so":62,"hl_p_boading_houses":229},"id":"sa4_estimating_homelessness_2016.506"},{"type":"Feature","properties":{"omh_p_marg_hsed_cpark":83,"sa4_code16":"507","omh_p_oth_crwd_dwell":486,"omh_p_oth_impor_dwell":36,"hl_p_homeless_tot":976,"hl_p_temp_oth_hholds":260,"hl_p_oth_temp_lodgings":0,"sa4_name_2016":"Perth - South West","hl_p_supp_accom":124,"hl_p_sever_crwd_dwell":222,"hl_p_improv_dwell_tent_so":82,"hl_p_boading_houses":280},"id":"sa4_estimating_homelessness_2016.507"},{"type":"Feature","properties":{"omh_p_marg_hsed_cpark":93,"sa4_code16":"509","omh_p_oth_crwd_dwell":247,"omh_p_oth_impor_dwell":153,"hl_p_homeless_tot":426,"hl_p_temp_oth_hholds":149,"hl_p_oth_temp_lodgings":10,"sa4_name_2016":"Western Australia - Wheat Belt","hl_p_supp_accom":25,"hl_p_sever_crwd_dwell":139,"hl_p_improv_dwell_tent_so":75,"hl_p_boading_houses":23},"id":"sa4_estimating_homelessness_2016.509"},{"type":"Feature","properties":{"omh_p_marg_hsed_cpark":192,"sa4_code16":"510","omh_p_oth_crwd_dwell":1008,"omh_p_oth_impor_dwell":141,"hl_p_homeless_tot":1868,"hl_p_temp_oth_hholds":224,"hl_p_oth_temp_lodgings":10,"sa4_name_2016":"Western Australia - Outback (North)","hl_p_supp_accom":125,"hl_p_sever_crwd_dwell":1157,"hl_p_improv_dwell_tent_so":228,"hl_p_boading_houses":129},"id":"sa4_estimating_homelessness_2016.510"},{"type":"Feature","properties":{"omh_p_marg_hsed_cpark":179,"sa4_code16":"511","omh_p_oth_crwd_dwell":390,"omh_p_oth_impor_dwell":126,"hl_p_homeless_tot":980,"hl_p_temp_oth_hholds":217,"hl_p_oth_temp_lodgings":9,"sa4_name_2016":"Western Australia - Outback (South)","hl_p_supp_accom":88,"hl_p_sever_crwd_dwell":448,"hl_p_improv_dwell_tent_so":148,"hl_p_boading_houses":70},"id":"sa4_estimating_homelessness_2016.511"},{"type":"Feature","properties":{"omh_p_marg_hsed_cpark":28,"sa4_code16":"601","omh_p_oth_crwd_dwell":311,"omh_p_oth_impor_dwell":39,"hl_p_homeless_tot":848,"hl_p_temp_oth_hholds":241,"hl_p_oth_temp_lodgings":12,"sa4_name_2016":"Hobart","hl_p_supp_accom":292,"hl_p_sever_crwd_dwell":137,"hl_p_improv_dwell_tent_so":72,"hl_p_boading_houses":91},"id":"sa4_estimating_homelessness_2016.601"},{"type":"Feature","properties":{"omh_p_marg_hsed_cpark":19,"sa4_code16":"602","omh_p_oth_crwd_dwell":163,"omh_p_oth_impor_dwell":40,"hl_p_homeless_tot":376,"hl_p_temp_oth_hholds":124,"hl_p_oth_temp_lodgings":4,"sa4_name_2016":"Launceston and North East","hl_p_supp_accom":127,"hl_p_sever_crwd_dwell":68,"hl_p_improv_dwell_tent_so":18,"hl_p_boading_houses":38},"id":"sa4_estimating_homelessness_2016.602"},{"type":"Feature","properties":{"omh_p_marg_hsed_cpark":3,"sa4_code16":"603","omh_p_oth_crwd_dwell":84,"omh_p_oth_impor_dwell":33,"hl_p_homeless_tot":64,"hl_p_temp_oth_hholds":36,"hl_p_oth_temp_lodgings":0,"sa4_name_2016":"South East","hl_p_supp_accom":0,"hl_p_sever_crwd_dwell":11,"hl_p_improv_dwell_tent_so":12,"hl_p_boading_houses":0},"id":"sa4_estimating_homelessness_2016.603"},{"type":"Feature","properties":{"omh_p_marg_hsed_cpark":83,"sa4_code16":"604","omh_p_oth_crwd_dwell":112,"omh_p_oth_impor_dwell":19,"hl_p_homeless_tot":325,"hl_p_temp_oth_hholds":85,"hl_p_oth_temp_lodgings":9,"sa4_name_2016":"West and North West","hl_p_supp_accom":158,"hl_p_sever_crwd_dwell":43,"hl_p_improv_dwell_tent_so":27,"hl_p_boading_houses":5},"id":"sa4_estimating_homelessness_2016.604"},{"type":"Feature","properties":{"omh_p_marg_hsed_cpark":105,"sa4_code16":"701","omh_p_oth_crwd_dwell":796,"omh_p_oth_impor_dwell":119,"hl_p_homeless_tot":1762,"hl_p_temp_oth_hholds":254,"hl_p_oth_temp_lodgings":10,"sa4_name_2016":"Darwin","hl_p_supp_accom":317,"hl_p_sever_crwd_dwell":458,"hl_p_improv_dwell_tent_so":525,"hl_p_boading_houses":204},"id":"sa4_estimating_homelessness_2016.701"},{"type":"Feature","properties":{"omh_p_marg_hsed_cpark":166,"sa4_code16":"702","omh_p_oth_crwd_dwell":4318,"omh_p_oth_impor_dwell":164,"hl_p_homeless_tot":11963,"hl_p_temp_oth_hholds":165,"hl_p_oth_temp_lodgings":11,"sa4_name_2016":"Northern Territory - Outback","hl_p_supp_accom":321,"hl_p_sever_crwd_dwell":10604,"hl_p_improv_dwell_tent_so":576,"hl_p_boading_houses":285},"id":"sa4_estimating_homelessness_2016.702"},{"type":"Feature","properties":{"omh_p_marg_hsed_cpark":42,"sa4_code16":"801","omh_p_oth_crwd_dwell":704,"omh_p_oth_impor_dwell":0,"hl_p_homeless_tot":1599,"hl_p_temp_oth_hholds":271,"hl_p_oth_temp_lodgings":7,"sa4_name_2016":"Australian Capital Territory","hl_p_supp_accom":805,"hl_p_sever_crwd_dwell":370,"hl_p_improv_dwell_tent_so":54,"hl_p_boading_houses":97},"id":"sa4_estimating_homelessness_2016.801"},{"type":"Feature","properties":{"omh_p_marg_hsed_cpark":0,"sa4_code16":"901","omh_p_oth_crwd_dwell":30,"omh_p_oth_impor_dwell":0,"hl_p_homeless_tot":27,"hl_p_temp_oth_hholds":0,"hl_p_oth_temp_lodgings":0,"sa4_name_2016":"Other Territories","hl_p_supp_accom":0,"hl_p_sever_crwd_dwell":23,"hl_p_improv_dwell_tent_so":4,"hl_p_boading_houses":0},"id":"sa4_estimating_homelessness_2016.901"}]}