{"type":"FeatureCollection","bbox":[0.0,0.0,-1.0,-1.0],"features":[{"type":"Feature","properties":{"value_tot_resial_building_aud000":472295.0,"new_houses_num":1201,"value_tot_building_aud000":556554.0,"value_new_oth_resial_building_aud000":27160.9,"new_oth_resial_building_num":134,"value_new_houses_aud000":389016.0,"tot_dwl_num":1352,"sa4_name":"Capital Region","value_non_resial_building_aud000":84258.6,"sa4_code":"101","value_alterations_additions_conversions_resial_building_aud000":56118.3},"id":"abs_building_approvals_sa4_2016_17.101"},{"type":"Feature","properties":{"value_tot_resial_building_aud000":487130.0,"new_houses_num":922,"value_tot_building_aud000":814885.0,"value_new_oth_resial_building_aud000":144296.0,"new_oth_resial_building_num":643,"value_new_houses_aud000":249059.0,"tot_dwl_num":1590,"sa4_name":"Central Coast","value_non_resial_building_aud000":327754.0,"sa4_code":"102","value_alterations_additions_conversions_resial_building_aud000":93775.8},"id":"abs_building_approvals_sa4_2016_17.102"},{"type":"Feature","properties":{"value_tot_resial_building_aud000":330442.0,"new_houses_num":892,"value_tot_building_aud000":471409.0,"value_new_oth_resial_building_aud000":31191.6,"new_oth_resial_building_num":162,"value_new_houses_aud000":267362.0,"tot_dwl_num":1067,"sa4_name":"Central West","value_non_resial_building_aud000":140967.0,"sa4_code":"103","value_alterations_additions_conversions_resial_building_aud000":31888.5},"id":"abs_building_approvals_sa4_2016_17.103"},{"type":"Feature","properties":{"value_tot_resial_building_aud000":200444.0,"new_houses_num":505,"value_tot_building_aud000":262881.0,"value_new_oth_resial_building_aud000":30530.8,"new_oth_resial_building_num":147,"value_new_houses_aud000":145024.0,"tot_dwl_num":666,"sa4_name":"Coffs Harbour - Grafton","value_non_resial_building_aud000":62436.9,"sa4_code":"104","value_alterations_additions_conversions_resial_building_aud000":24889.0},"id":"abs_building_approvals_sa4_2016_17.104"},{"type":"Feature","properties":{"value_tot_resial_building_aud000":132211.0,"new_houses_num":340,"value_tot_building_aud000":406027.0,"value_new_oth_resial_building_aud000":21062.3,"new_oth_resial_building_num":97,"value_new_houses_aud000":96941.6,"tot_dwl_num":441,"sa4_name":"Far West and Orana","value_non_resial_building_aud000":273816.0,"sa4_code":"105","value_alterations_additions_conversions_resial_building_aud000":14207.2},"id":"abs_building_approvals_sa4_2016_17.105"},{"type":"Feature","properties":{"value_tot_resial_building_aud000":539248.0,"new_houses_num":1409,"value_tot_building_aud000":1169440.0,"value_new_oth_resial_building_aud000":52244.4,"new_oth_resial_building_num":271,"value_new_houses_aud000":441172.0,"tot_dwl_num":1684,"sa4_name":"Hunter Valley exc Newcastle","value_non_resial_building_aud000":630193.0,"sa4_code":"106","value_alterations_additions_conversions_resial_building_aud000":45831.6},"id":"abs_building_approvals_sa4_2016_17.106"},{"type":"Feature","properties":{"value_tot_resial_building_aud000":620904.0,"new_houses_num":1037,"value_tot_building_aud000":847363.0,"value_new_oth_resial_building_aud000":196838.0,"new_oth_resial_building_num":787,"value_new_houses_aud000":345111.0,"tot_dwl_num":1837,"sa4_name":"Illawarra","value_non_resial_building_aud000":226459.0,"sa4_code":"107","value_alterations_additions_conversions_resial_building_aud000":78954.5},"id":"abs_building_approvals_sa4_2016_17.107"},{"type":"Feature","properties":{"value_tot_resial_building_aud000":401754.0,"new_houses_num":999,"value_tot_building_aud000":570848.0,"value_new_oth_resial_building_aud000":69190.5,"new_oth_resial_building_num":260,"value_new_houses_aud000":287959.0,"tot_dwl_num":1264,"sa4_name":"Mid North Coast","value_non_resial_building_aud000":169093.0,"sa4_code":"108","value_alterations_additions_conversions_resial_building_aud000":44604.8},"id":"abs_building_approvals_sa4_2016_17.108"},{"type":"Feature","properties":{"value_tot_resial_building_aud000":245383.0,"new_houses_num":635,"value_tot_building_aud000":378132.0,"value_new_oth_resial_building_aud000":6089.5,"new_oth_resial_building_num":30,"value_new_houses_aud000":204723.0,"tot_dwl_num":668,"sa4_name":"Murray","value_non_resial_building_aud000":132748.0,"sa4_code":"109","value_alterations_additions_conversions_resial_building_aud000":34571.0},"id":"abs_building_approvals_sa4_2016_17.109"},{"type":"Feature","properties":{"value_tot_resial_building_aud000":207353.0,"new_houses_num":548,"value_tot_building_aud000":361418.0,"value_new_oth_resial_building_aud000":17685.2,"new_oth_resial_building_num":99,"value_new_houses_aud000":163357.0,"tot_dwl_num":661,"sa4_name":"New England and North West","value_non_resial_building_aud000":154065.0,"sa4_code":"110","value_alterations_additions_conversions_resial_building_aud000":26311.6},"id":"abs_building_approvals_sa4_2016_17.110"},{"type":"Feature","properties":{"value_tot_resial_building_aud000":788690.0,"new_houses_num":1306,"value_tot_building_aud000":1125790.0,"value_new_oth_resial_building_aud000":273533.0,"new_oth_resial_building_num":1158,"value_new_houses_aud000":396993.0,"tot_dwl_num":2518,"sa4_name":"Newcastle and Lake Macquarie","value_non_resial_building_aud000":337096.0,"sa4_code":"111","value_alterations_additions_conversions_resial_building_aud000":118164.0},"id":"abs_building_approvals_sa4_2016_17.111"},{"type":"Feature","properties":{"value_tot_resial_building_aud000":446299.0,"new_houses_num":937,"value_tot_building_aud000":693156.0,"value_new_oth_resial_building_aud000":99186.8,"new_oth_resial_building_num":507,"value_new_houses_aud000":294244.0,"tot_dwl_num":1471,"sa4_name":"Richmond - Tweed","value_non_resial_building_aud000":246858.0,"sa4_code":"112","value_alterations_additions_conversions_resial_building_aud000":52868.3},"id":"abs_building_approvals_sa4_2016_17.112"},{"type":"Feature","properties":{"value_tot_resial_building_aud000":215921.0,"new_houses_num":523,"value_tot_building_aud000":488442.0,"value_new_oth_resial_building_aud000":20592.1,"new_oth_resial_building_num":113,"value_new_houses_aud000":161616.0,"tot_dwl_num":641,"sa4_name":"Riverina","value_non_resial_building_aud000":272521.0,"sa4_code":"113","value_alterations_additions_conversions_resial_building_aud000":33712.9},"id":"abs_building_approvals_sa4_2016_17.113"},{"type":"Feature","properties":{"value_tot_resial_building_aud000":395737.0,"new_houses_num":938,"value_tot_building_aud000":670883.0,"value_new_oth_resial_building_aud000":39252.1,"new_oth_resial_building_num":193,"value_new_houses_aud000":288672.0,"tot_dwl_num":1146,"sa4_name":"Southern Highlands and Shoalhaven","value_non_resial_building_aud000":275146.0,"sa4_code":"114","value_alterations_additions_conversions_resial_building_aud000":67812.7},"id":"abs_building_approvals_sa4_2016_17.114"},{"type":"Feature","properties":{"value_tot_resial_building_aud000":1556480.0,"new_houses_num":1808,"value_tot_building_aud000":2593660.0,"value_new_oth_resial_building_aud000":704244.0,"new_oth_resial_building_num":2128,"value_new_houses_aud000":788733.0,"tot_dwl_num":3948,"sa4_name":"Sydney - Baulkham Hills and Hawkesbury","value_non_resial_building_aud000":1037180.0,"sa4_code":"115","value_alterations_additions_conversions_resial_building_aud000":63503.7},"id":"abs_building_approvals_sa4_2016_17.115"},{"type":"Feature","properties":{"value_tot_resial_building_aud000":1150920.0,"new_houses_num":3000,"value_tot_building_aud000":2018750.0,"value_new_oth_resial_building_aud000":347727.0,"new_oth_resial_building_num":1480,"value_new_houses_aud000":779902.0,"tot_dwl_num":4500,"sa4_name":"Sydney - Blacktown","value_non_resial_building_aud000":867830.0,"sa4_code":"116","value_alterations_additions_conversions_resial_building_aud000":23292.3},"id":"abs_building_approvals_sa4_2016_17.116"},{"type":"Feature","properties":{"value_tot_resial_building_aud000":2867570.0,"new_houses_num":127,"value_tot_building_aud000":6863330.0,"value_new_oth_resial_building_aud000":2551590.0,"new_oth_resial_building_num":6331,"value_new_houses_aud000":48529.4,"tot_dwl_num":6854,"sa4_name":"Sydney - City and Inner South","value_non_resial_building_aud000":3995750.0,"sa4_code":"117","value_alterations_additions_conversions_resial_building_aud000":267452.0},"id":"abs_building_approvals_sa4_2016_17.117"},{"type":"Feature","properties":{"value_tot_resial_building_aud000":989118.0,"new_houses_num":200,"value_tot_building_aud000":1646050.0,"value_new_oth_resial_building_aud000":442404.0,"new_oth_resial_building_num":1069,"value_new_houses_aud000":227568.0,"tot_dwl_num":1338,"sa4_name":"Sydney - Eastern Suburbs","value_non_resial_building_aud000":656928.0,"sa4_code":"118","value_alterations_additions_conversions_resial_building_aud000":319146.0},"id":"abs_building_approvals_sa4_2016_17.118"},{"type":"Feature","properties":{"value_tot_resial_building_aud000":1643640.0,"new_houses_num":1051,"value_tot_building_aud000":1926330.0,"value_new_oth_resial_building_aud000":1218200.0,"new_oth_resial_building_num":3984,"value_new_houses_aud000":328187.0,"tot_dwl_num":5117,"sa4_name":"Sydney - Inner South West","value_non_resial_building_aud000":282689.0,"sa4_code":"119","value_alterations_additions_conversions_resial_building_aud000":97252.0},"id":"abs_building_approvals_sa4_2016_17.119"},{"type":"Feature","properties":{"value_tot_resial_building_aud000":1221740.0,"new_houses_num":279,"value_tot_building_aud000":1480010.0,"value_new_oth_resial_building_aud000":899435.0,"new_oth_resial_building_num":2958,"value_new_houses_aud000":143089.0,"tot_dwl_num":3291,"sa4_name":"Sydney - Inner West","value_non_resial_building_aud000":258271.0,"sa4_code":"120","value_alterations_additions_conversions_resial_building_aud000":179214.0},"id":"abs_building_approvals_sa4_2016_17.120"},{"type":"Feature","properties":{"value_tot_resial_building_aud000":2141130.0,"new_houses_num":511,"value_tot_building_aud000":2932580.0,"value_new_oth_resial_building_aud000":1412310.0,"new_oth_resial_building_num":3753,"value_new_houses_aud000":315918.0,"tot_dwl_num":4439,"sa4_name":"Sydney - North Sydney and Hornsby","value_non_resial_building_aud000":791449.0,"sa4_code":"121","value_alterations_additions_conversions_resial_building_aud000":412904.0},"id":"abs_building_approvals_sa4_2016_17.121"},{"type":"Feature","properties":{"value_tot_resial_building_aud000":654799.0,"new_houses_num":457,"value_tot_building_aud000":933952.0,"value_new_oth_resial_building_aud000":195624.0,"new_oth_resial_building_num":665,"value_new_houses_aud000":227165.0,"tot_dwl_num":1157,"sa4_name":"Sydney - Northern Beaches","value_non_resial_building_aud000":279153.0,"sa4_code":"122","value_alterations_additions_conversions_resial_building_aud000":232010.0},"id":"abs_building_approvals_sa4_2016_17.122"},{"type":"Feature","properties":{"value_tot_resial_building_aud000":825846.0,"new_houses_num":2259,"value_tot_building_aud000":1045810.0,"value_new_oth_resial_building_aud000":122264.0,"new_oth_resial_building_num":555,"value_new_houses_aud000":659617.0,"tot_dwl_num":2829,"sa4_name":"Sydney - Outer South West","value_non_resial_building_aud000":219964.0,"sa4_code":"123","value_alterations_additions_conversions_resial_building_aud000":43965.3},"id":"abs_building_approvals_sa4_2016_17.123"},{"type":"Feature","properties":{"value_tot_resial_building_aud000":884125.0,"new_houses_num":1443,"value_tot_building_aud000":1234930.0,"value_new_oth_resial_building_aud000":398766.0,"new_oth_resial_building_num":1683,"value_new_houses_aud000":414783.0,"tot_dwl_num":3155,"sa4_name":"Sydney - Outer West and Blue Mountains","value_non_resial_building_aud000":350806.0,"sa4_code":"124","value_alterations_additions_conversions_resial_building_aud000":70576.5},"id":"abs_building_approvals_sa4_2016_17.124"},{"type":"Feature","properties":{"value_tot_resial_building_aud000":1642780.0,"new_houses_num":926,"value_tot_building_aud000":2535450.0,"value_new_oth_resial_building_aud000":1379770.0,"new_oth_resial_building_num":5046,"value_new_houses_aud000":222433.0,"tot_dwl_num":6003,"sa4_name":"Sydney - Parramatta","value_non_resial_building_aud000":892664.0,"sa4_code":"125","value_alterations_additions_conversions_resial_building_aud000":40576.2},"id":"abs_building_approvals_sa4_2016_17.125"},{"type":"Feature","properties":{"value_tot_resial_building_aud000":1110060.0,"new_houses_num":223,"value_tot_building_aud000":1238450.0,"value_new_oth_resial_building_aud000":953529.0,"new_oth_resial_building_num":2892,"value_new_houses_aud000":106768.0,"tot_dwl_num":3133,"sa4_name":"Sydney - Ryde","value_non_resial_building_aud000":128389.0,"sa4_code":"126","value_alterations_additions_conversions_resial_building_aud000":49764.2},"id":"abs_building_approvals_sa4_2016_17.126"},{"type":"Feature","properties":{"value_tot_resial_building_aud000":2116610.0,"new_houses_num":4239,"value_tot_building_aud000":3097640.0,"value_new_oth_resial_building_aud000":891206.0,"new_oth_resial_building_num":3267,"value_new_houses_aud000":1194530.0,"tot_dwl_num":7556,"sa4_name":"Sydney - South West","value_non_resial_building_aud000":981030.0,"sa4_code":"127","value_alterations_additions_conversions_resial_building_aud000":30870.2},"id":"abs_building_approvals_sa4_2016_17.127"},{"type":"Feature","properties":{"value_tot_resial_building_aud000":1027160.0,"new_houses_num":496,"value_tot_building_aud000":1277310.0,"value_new_oth_resial_building_aud000":721188.0,"new_oth_resial_building_num":2155,"value_new_houses_aud000":210308.0,"tot_dwl_num":2662,"sa4_name":"Sydney - Sutherland","value_non_resial_building_aud000":250153.0,"sa4_code":"128","value_alterations_additions_conversions_resial_building_aud000":95660.8},"id":"abs_building_approvals_sa4_2016_17.128"},{"type":"Feature","properties":{"value_tot_resial_building_aud000":366435.0,"new_houses_num":1048,"value_tot_building_aud000":574844.0,"value_new_oth_resial_building_aud000":18874.2,"new_oth_resial_building_num":117,"value_new_houses_aud000":292987.0,"tot_dwl_num":1172,"sa4_name":"Ballarat","value_non_resial_building_aud000":208409.0,"sa4_code":"201","value_alterations_additions_conversions_resial_building_aud000":54573.2},"id":"abs_building_approvals_sa4_2016_17.201"},{"type":"Feature","properties":{"value_tot_resial_building_aud000":333620.0,"new_houses_num":912,"value_tot_building_aud000":525618.0,"value_new_oth_resial_building_aud000":14384.6,"new_oth_resial_building_num":75,"value_new_houses_aud000":265269.0,"tot_dwl_num":991,"sa4_name":"Bendigo","value_non_resial_building_aud000":191998.0,"sa4_code":"202","value_alterations_additions_conversions_resial_building_aud000":53966.4},"id":"abs_building_approvals_sa4_2016_17.202"},{"type":"Feature","properties":{"value_tot_resial_building_aud000":1117260.0,"new_houses_num":2998,"value_tot_building_aud000":1776330.0,"value_new_oth_resial_building_aud000":55657.4,"new_oth_resial_building_num":216,"value_new_houses_aud000":923649.0,"tot_dwl_num":3222,"sa4_name":"Geelong","value_non_resial_building_aud000":659064.0,"sa4_code":"203","value_alterations_additions_conversions_resial_building_aud000":137956.0},"id":"abs_building_approvals_sa4_2016_17.203"},{"type":"Feature","properties":{"value_tot_resial_building_aud000":370826.0,"new_houses_num":1090,"value_tot_building_aud000":510373.0,"value_new_oth_resial_building_aud000":7340.8,"new_oth_resial_building_num":40,"value_new_houses_aud000":305473.0,"tot_dwl_num":1140,"sa4_name":"Hume","value_non_resial_building_aud000":139547.0,"sa4_code":"204","value_alterations_additions_conversions_resial_building_aud000":58011.3},"id":"abs_building_approvals_sa4_2016_17.204"},{"type":"Feature","properties":{"value_tot_resial_building_aud000":686688.0,"new_houses_num":1951,"value_tot_building_aud000":867481.0,"value_new_oth_resial_building_aud000":32167.9,"new_oth_resial_building_num":165,"value_new_houses_aud000":556793.0,"tot_dwl_num":2121,"sa4_name":"Latrobe - Gippsland","value_non_resial_building_aud000":180793.0,"sa4_code":"205","value_alterations_additions_conversions_resial_building_aud000":97726.6},"id":"abs_building_approvals_sa4_2016_17.205"},{"type":"Feature","properties":{"value_tot_resial_building_aud000":5033360.0,"new_houses_num":605,"value_tot_building_aud000":9422710.0,"value_new_oth_resial_building_aud000":3994860.0,"new_oth_resial_building_num":11241,"value_new_houses_aud000":395426.0,"tot_dwl_num":11974,"sa4_name":"Melbourne - Inner","value_non_resial_building_aud000":4389350.0,"sa4_code":"206","value_alterations_additions_conversions_resial_building_aud000":643072.0},"id":"abs_building_approvals_sa4_2016_17.206"},{"type":"Feature","properties":{"value_tot_resial_building_aud000":2138540.0,"new_houses_num":1059,"value_tot_building_aud000":2452760.0,"value_new_oth_resial_building_aud000":1132310.0,"new_oth_resial_building_num":3153,"value_new_houses_aud000":714637.0,"tot_dwl_num":4219,"sa4_name":"Melbourne - Inner East","value_non_resial_building_aud000":314223.0,"sa4_code":"207","value_alterations_additions_conversions_resial_building_aud000":291590.0},"id":"abs_building_approvals_sa4_2016_17.207"},{"type":"Feature","properties":{"value_tot_resial_building_aud000":2079040.0,"new_houses_num":1233,"value_tot_building_aud000":2870900.0,"value_new_oth_resial_building_aud000":1038310.0,"new_oth_resial_building_num":3280,"value_new_houses_aud000":694828.0,"tot_dwl_num":4599,"sa4_name":"Melbourne - Inner South","value_non_resial_building_aud000":791864.0,"sa4_code":"208","value_alterations_additions_conversions_resial_building_aud000":345898.0},"id":"abs_building_approvals_sa4_2016_17.208"},{"type":"Feature","properties":{"value_tot_resial_building_aud000":1424260.0,"new_houses_num":2949,"value_tot_building_aud000":2115430.0,"value_new_oth_resial_building_aud000":408750.0,"new_oth_resial_building_num":1782,"value_new_houses_aud000":863949.0,"tot_dwl_num":4744,"sa4_name":"Melbourne - North East","value_non_resial_building_aud000":691174.0,"sa4_code":"209","value_alterations_additions_conversions_resial_building_aud000":151557.0},"id":"abs_building_approvals_sa4_2016_17.209"},{"type":"Feature","properties":{"value_tot_resial_building_aud000":1450590.0,"new_houses_num":3607,"value_tot_building_aud000":1924860.0,"value_new_oth_resial_building_aud000":395892.0,"new_oth_resial_building_num":1861,"value_new_houses_aud000":991042.0,"tot_dwl_num":5475,"sa4_name":"Melbourne - North West","value_non_resial_building_aud000":474270.0,"sa4_code":"210","value_alterations_additions_conversions_resial_building_aud000":63651.2},"id":"abs_building_approvals_sa4_2016_17.210"},{"type":"Feature","properties":{"value_tot_resial_building_aud000":1005170.0,"new_houses_num":1666,"value_tot_building_aud000":1429800.0,"value_new_oth_resial_building_aud000":256122.0,"new_oth_resial_building_num":1014,"value_new_houses_aud000":584320.0,"tot_dwl_num":2691,"sa4_name":"Melbourne - Outer East","value_non_resial_building_aud000":424631.0,"sa4_code":"211","value_alterations_additions_conversions_resial_building_aud000":164732.0},"id":"abs_building_approvals_sa4_2016_17.211"},{"type":"Feature","properties":{"value_tot_resial_building_aud000":2732070.0,"new_houses_num":7121,"value_tot_building_aud000":4357940.0,"value_new_oth_resial_building_aud000":551170.0,"new_oth_resial_building_num":2275,"value_new_houses_aud000":2073050.0,"tot_dwl_num":9412,"sa4_name":"Melbourne - South East","value_non_resial_building_aud000":1625870.0,"sa4_code":"212","value_alterations_additions_conversions_resial_building_aud000":107849.0},"id":"abs_building_approvals_sa4_2016_17.212"},{"type":"Feature","properties":{"value_tot_resial_building_aud000":2653850.0,"new_houses_num":6930,"value_tot_building_aud000":4253040.0,"value_new_oth_resial_building_aud000":656160.0,"new_oth_resial_building_num":2840,"value_new_houses_aud000":1866730.0,"tot_dwl_num":9787,"sa4_name":"Melbourne - West","value_non_resial_building_aud000":1599190.0,"sa4_code":"213","value_alterations_additions_conversions_resial_building_aud000":130955.0},"id":"abs_building_approvals_sa4_2016_17.213"},{"type":"Feature","properties":{"value_tot_resial_building_aud000":994792.0,"new_houses_num":1238,"value_tot_building_aud000":1297460.0,"value_new_oth_resial_building_aud000":294016.0,"new_oth_resial_building_num":991,"value_new_houses_aud000":512982.0,"tot_dwl_num":2240,"sa4_name":"Mornington Peninsula","value_non_resial_building_aud000":302663.0,"sa4_code":"214","value_alterations_additions_conversions_resial_building_aud000":187794.0},"id":"abs_building_approvals_sa4_2016_17.214"},{"type":"Feature","properties":{"value_tot_resial_building_aud000":188123.0,"new_houses_num":508,"value_tot_building_aud000":387922.0,"value_new_oth_resial_building_aud000":3567.3,"new_oth_resial_building_num":15,"value_new_houses_aud000":147614.0,"tot_dwl_num":526,"sa4_name":"North West","value_non_resial_building_aud000":199799.0,"sa4_code":"215","value_alterations_additions_conversions_resial_building_aud000":36942.2},"id":"abs_building_approvals_sa4_2016_17.215"},{"type":"Feature","properties":{"value_tot_resial_building_aud000":201662.0,"new_houses_num":488,"value_tot_building_aud000":371382.0,"value_new_oth_resial_building_aud000":2390.8,"new_oth_resial_building_num":13,"value_new_houses_aud000":147850.0,"tot_dwl_num":504,"sa4_name":"Shepparton","value_non_resial_building_aud000":169719.0,"sa4_code":"216","value_alterations_additions_conversions_resial_building_aud000":51421.5},"id":"abs_building_approvals_sa4_2016_17.216"},{"type":"Feature","properties":{"value_tot_resial_building_aud000":213788.0,"new_houses_num":481,"value_tot_building_aud000":348627.0,"value_new_oth_resial_building_aud000":9191.4,"new_oth_resial_building_num":41,"value_new_houses_aud000":161810.0,"tot_dwl_num":526,"sa4_name":"Warrnambool and South West","value_non_resial_building_aud000":134839.0,"sa4_code":"217","value_alterations_additions_conversions_resial_building_aud000":42787.4},"id":"abs_building_approvals_sa4_2016_17.217"},{"type":"Feature","properties":{"value_tot_resial_building_aud000":571818.0,"new_houses_num":1262,"value_tot_building_aud000":709686.0,"value_new_oth_resial_building_aud000":166255.0,"new_oth_resial_building_num":653,"value_new_houses_aud000":354160.0,"tot_dwl_num":1921,"sa4_name":"Brisbane - East","value_non_resial_building_aud000":137868.0,"sa4_code":"301","value_alterations_additions_conversions_resial_building_aud000":51403.1},"id":"abs_building_approvals_sa4_2016_17.301"},{"type":"Feature","properties":{"value_tot_resial_building_aud000":654024.0,"new_houses_num":700,"value_tot_building_aud000":1115380.0,"value_new_oth_resial_building_aud000":354026.0,"new_oth_resial_building_num":1531,"value_new_houses_aud000":216867.0,"tot_dwl_num":2238,"sa4_name":"Brisbane - North","value_non_resial_building_aud000":461355.0,"sa4_code":"302","value_alterations_additions_conversions_resial_building_aud000":83130.8},"id":"abs_building_approvals_sa4_2016_17.302"},{"type":"Feature","properties":{"value_tot_resial_building_aud000":1055140.0,"new_houses_num":1234,"value_tot_building_aud000":1518970.0,"value_new_oth_resial_building_aud000":435060.0,"new_oth_resial_building_num":1707,"value_new_houses_aud000":488014.0,"tot_dwl_num":2946,"sa4_name":"Brisbane - South","value_non_resial_building_aud000":463828.0,"sa4_code":"303","value_alterations_additions_conversions_resial_building_aud000":132065.0},"id":"abs_building_approvals_sa4_2016_17.303"},{"type":"Feature","properties":{"value_tot_resial_building_aud000":527928.0,"new_houses_num":489,"value_tot_building_aud000":728884.0,"value_new_oth_resial_building_aud000":226593.0,"new_oth_resial_building_num":755,"value_new_houses_aud000":215114.0,"tot_dwl_num":1258,"sa4_name":"Brisbane - West","value_non_resial_building_aud000":200956.0,"sa4_code":"304","value_alterations_additions_conversions_resial_building_aud000":86221.6},"id":"abs_building_approvals_sa4_2016_17.304"},{"type":"Feature","properties":{"value_tot_resial_building_aud000":1830690.0,"new_houses_num":344,"value_tot_building_aud000":3528330.0,"value_new_oth_resial_building_aud000":1355300.0,"new_oth_resial_building_num":4106,"value_new_houses_aud000":202911.0,"tot_dwl_num":4495,"sa4_name":"Brisbane Inner City","value_non_resial_building_aud000":1697640.0,"sa4_code":"305","value_alterations_additions_conversions_resial_building_aud000":272476.0},"id":"abs_building_approvals_sa4_2016_17.305"},{"type":"Feature","properties":{"value_tot_resial_building_aud000":382014.0,"new_houses_num":976,"value_tot_building_aud000":764316.0,"value_new_oth_resial_building_aud000":29391.7,"new_oth_resial_building_num":119,"value_new_houses_aud000":295284.0,"tot_dwl_num":1105,"sa4_name":"Cairns","value_non_resial_building_aud000":382302.0,"sa4_code":"306","value_alterations_additions_conversions_resial_building_aud000":57338.5},"id":"abs_building_approvals_sa4_2016_17.306"},{"type":"Feature","properties":{"value_tot_resial_building_aud000":111913.0,"new_houses_num":326,"value_tot_building_aud000":340077.0,"value_new_oth_resial_building_aud000":4328.4,"new_oth_resial_building_num":18,"value_new_houses_aud000":87982.7,"tot_dwl_num":352,"sa4_name":"Darling Downs - Maranoa","value_non_resial_building_aud000":228164.0,"sa4_code":"307","value_alterations_additions_conversions_resial_building_aud000":19601.9},"id":"abs_building_approvals_sa4_2016_17.307"},{"type":"Feature","properties":{"value_tot_resial_building_aud000":198919.0,"new_houses_num":557,"value_tot_building_aud000":312012.0,"value_new_oth_resial_building_aud000":13120.9,"new_oth_resial_building_num":81,"value_new_houses_aud000":151684.0,"tot_dwl_num":642,"sa4_name":"Central Queensland","value_non_resial_building_aud000":113093.0,"sa4_code":"308","value_alterations_additions_conversions_resial_building_aud000":34114.2},"id":"abs_building_approvals_sa4_2016_17.308"},{"type":"Feature","properties":{"value_tot_resial_building_aud000":2932670.0,"new_houses_num":3632,"value_tot_building_aud000":4428370.0,"value_new_oth_resial_building_aud000":1620860.0,"new_oth_resial_building_num":3346,"value_new_houses_aud000":1151270.0,"tot_dwl_num":7031,"sa4_name":"Gold Coast","value_non_resial_building_aud000":1495700.0,"sa4_code":"309","value_alterations_additions_conversions_resial_building_aud000":160541.0},"id":"abs_building_approvals_sa4_2016_17.309"},{"type":"Feature","properties":{"value_tot_resial_building_aud000":1135510.0,"new_houses_num":3213,"value_tot_building_aud000":1604240.0,"value_new_oth_resial_building_aud000":303643.0,"new_oth_resial_building_num":1459,"value_new_houses_aud000":782791.0,"tot_dwl_num":4678,"sa4_name":"Ipswich","value_non_resial_building_aud000":468728.0,"sa4_code":"310","value_alterations_additions_conversions_resial_building_aud000":49073.3},"id":"abs_building_approvals_sa4_2016_17.310"},{"type":"Feature","properties":{"value_tot_resial_building_aud000":610677.0,"new_houses_num":1765,"value_tot_building_aud000":865343.0,"value_new_oth_resial_building_aud000":169204.0,"new_oth_resial_building_num":847,"value_new_houses_aud000":409907.0,"tot_dwl_num":2622,"sa4_name":"Logan - Beaudesert","value_non_resial_building_aud000":254666.0,"sa4_code":"311","value_alterations_additions_conversions_resial_building_aud000":31565.9},"id":"abs_building_approvals_sa4_2016_17.311"},{"type":"Feature","properties":{"value_tot_resial_building_aud000":110514.0,"new_houses_num":252,"value_tot_building_aud000":202045.0,"value_new_oth_resial_building_aud000":488.1,"new_oth_resial_building_num":2,"value_new_houses_aud000":88273.2,"tot_dwl_num":254,"sa4_name":"Mackay - Isaac - Whitsunday","value_non_resial_building_aud000":91530.4,"sa4_code":"312","value_alterations_additions_conversions_resial_building_aud000":21753.1},"id":"abs_building_approvals_sa4_2016_17.312"},{"type":"Feature","properties":{"value_tot_resial_building_aud000":608731.0,"new_houses_num":1790,"value_tot_building_aud000":901752.0,"value_new_oth_resial_building_aud000":143629.0,"new_oth_resial_building_num":693,"value_new_houses_aud000":426754.0,"tot_dwl_num":2489,"sa4_name":"Moreton Bay - North","value_non_resial_building_aud000":293020.0,"sa4_code":"313","value_alterations_additions_conversions_resial_building_aud000":38347.9},"id":"abs_building_approvals_sa4_2016_17.313"},{"type":"Feature","properties":{"value_tot_resial_building_aud000":564778.0,"new_houses_num":1410,"value_tot_building_aud000":739320.0,"value_new_oth_resial_building_aud000":155406.0,"new_oth_resial_building_num":718,"value_new_houses_aud000":376025.0,"tot_dwl_num":2136,"sa4_name":"Moreton Bay - South","value_non_resial_building_aud000":174542.0,"sa4_code":"314","value_alterations_additions_conversions_resial_building_aud000":33346.8},"id":"abs_building_approvals_sa4_2016_17.314"},{"type":"Feature","properties":{"value_tot_resial_building_aud000":113761.0,"new_houses_num":257,"value_tot_building_aud000":188131.0,"value_new_oth_resial_building_aud000":5382.3,"new_oth_resial_building_num":18,"value_new_houses_aud000":100355.0,"tot_dwl_num":277,"sa4_name":"Queensland - Outback","value_non_resial_building_aud000":74370.2,"sa4_code":"315","value_alterations_additions_conversions_resial_building_aud000":8023.2},"id":"abs_building_approvals_sa4_2016_17.315"},{"type":"Feature","properties":{"value_tot_resial_building_aud000":1517770.0,"new_houses_num":3323,"value_tot_building_aud000":2347660.0,"value_new_oth_resial_building_aud000":399271.0,"new_oth_resial_building_num":1560,"value_new_houses_aud000":976214.0,"tot_dwl_num":4916,"sa4_name":"Sunshine Coast","value_non_resial_building_aud000":829884.0,"sa4_code":"316","value_alterations_additions_conversions_resial_building_aud000":142287.0},"id":"abs_building_approvals_sa4_2016_17.316"},{"type":"Feature","properties":{"value_tot_resial_building_aud000":323614.0,"new_houses_num":736,"value_tot_building_aud000":556782.0,"value_new_oth_resial_building_aud000":84002.3,"new_oth_resial_building_num":447,"value_new_houses_aud000":194561.0,"tot_dwl_num":1187,"sa4_name":"Toowoomba","value_non_resial_building_aud000":233168.0,"sa4_code":"317","value_alterations_additions_conversions_resial_building_aud000":45050.5},"id":"abs_building_approvals_sa4_2016_17.317"},{"type":"Feature","properties":{"value_tot_resial_building_aud000":282649.0,"new_houses_num":776,"value_tot_building_aud000":677829.0,"value_new_oth_resial_building_aud000":22537.9,"new_oth_resial_building_num":116,"value_new_houses_aud000":206652.0,"tot_dwl_num":892,"sa4_name":"Townsville","value_non_resial_building_aud000":395180.0,"sa4_code":"318","value_alterations_additions_conversions_resial_building_aud000":53458.6},"id":"abs_building_approvals_sa4_2016_17.318"},{"type":"Feature","properties":{"value_tot_resial_building_aud000":472319.0,"new_houses_num":1567,"value_tot_building_aud000":623184.0,"value_new_oth_resial_building_aud000":24920.0,"new_oth_resial_building_num":136,"value_new_houses_aud000":394814.0,"tot_dwl_num":1710,"sa4_name":"Wide Bay","value_non_resial_building_aud000":150865.0,"sa4_code":"319","value_alterations_additions_conversions_resial_building_aud000":52585.2},"id":"abs_building_approvals_sa4_2016_17.319"},{"type":"Feature","properties":{"value_tot_resial_building_aud000":874614.0,"new_houses_num":1221,"value_tot_building_aud000":2113220.0,"value_new_oth_resial_building_aud000":348732.0,"new_oth_resial_building_num":1233,"value_new_houses_aud000":376534.0,"tot_dwl_num":2479,"sa4_name":"Adelaide - Central and Hills","value_non_resial_building_aud000":1238600.0,"sa4_code":"401","value_alterations_additions_conversions_resial_building_aud000":149347.0},"id":"abs_building_approvals_sa4_2016_17.401"},{"type":"Feature","properties":{"value_tot_resial_building_aud000":564099.0,"new_houses_num":2306,"value_tot_building_aud000":806397.0,"value_new_oth_resial_building_aud000":61256.8,"new_oth_resial_building_num":336,"value_new_houses_aud000":469865.0,"tot_dwl_num":2648,"sa4_name":"Adelaide - North","value_non_resial_building_aud000":242298.0,"sa4_code":"402","value_alterations_additions_conversions_resial_building_aud000":32977.2},"id":"abs_building_approvals_sa4_2016_17.402"},{"type":"Feature","properties":{"value_tot_resial_building_aud000":598717.0,"new_houses_num":1416,"value_tot_building_aud000":837633.0,"value_new_oth_resial_building_aud000":150965.0,"new_oth_resial_building_num":716,"value_new_houses_aud000":361572.0,"tot_dwl_num":2142,"sa4_name":"Adelaide - South","value_non_resial_building_aud000":238916.0,"sa4_code":"403","value_alterations_additions_conversions_resial_building_aud000":86180.5},"id":"abs_building_approvals_sa4_2016_17.403"},{"type":"Feature","properties":{"value_tot_resial_building_aud000":634860.0,"new_houses_num":1222,"value_tot_building_aud000":919940.0,"value_new_oth_resial_building_aud000":286674.0,"new_oth_resial_building_num":1317,"value_new_houses_aud000":295106.0,"tot_dwl_num":2548,"sa4_name":"Adelaide - West","value_non_resial_building_aud000":285080.0,"sa4_code":"404","value_alterations_additions_conversions_resial_building_aud000":53079.8},"id":"abs_building_approvals_sa4_2016_17.404"},{"type":"Feature","properties":{"value_tot_resial_building_aud000":139190.0,"new_houses_num":501,"value_tot_building_aud000":293080.0,"value_new_oth_resial_building_aud000":1180.0,"new_oth_resial_building_num":7,"value_new_houses_aud000":116459.0,"tot_dwl_num":513,"sa4_name":"Barossa - Yorke - Mid North","value_non_resial_building_aud000":153890.0,"sa4_code":"405","value_alterations_additions_conversions_resial_building_aud000":21551.1},"id":"abs_building_approvals_sa4_2016_17.405"},{"type":"Feature","properties":{"value_tot_resial_building_aud000":57668.2,"new_houses_num":166,"value_tot_building_aud000":214254.0,"value_new_oth_resial_building_aud000":975.0,"new_oth_resial_building_num":8,"value_new_houses_aud000":45726.8,"tot_dwl_num":174,"sa4_name":"South Australia - Outback","value_non_resial_building_aud000":156585.0,"sa4_code":"406","value_alterations_additions_conversions_resial_building_aud000":10966.3},"id":"abs_building_approvals_sa4_2016_17.406"},{"type":"Feature","properties":{"value_tot_resial_building_aud000":291161.0,"new_houses_num":1003,"value_tot_building_aud000":535036.0,"value_new_oth_resial_building_aud000":6644.0,"new_oth_resial_building_num":36,"value_new_houses_aud000":245993.0,"tot_dwl_num":1040,"sa4_name":"South Australia - South East","value_non_resial_building_aud000":243875.0,"sa4_code":"407","value_alterations_additions_conversions_resial_building_aud000":38524.2},"id":"abs_building_approvals_sa4_2016_17.407"},{"type":"Feature","properties":{"value_tot_resial_building_aud000":460404.0,"new_houses_num":1425,"value_tot_building_aud000":704231.0,"value_new_oth_resial_building_aud000":10397.9,"new_oth_resial_building_num":48,"value_new_houses_aud000":399334.0,"tot_dwl_num":1486,"sa4_name":"Bunbury","value_non_resial_building_aud000":243827.0,"sa4_code":"501","value_alterations_additions_conversions_resial_building_aud000":50672.9},"id":"abs_building_approvals_sa4_2016_17.501"},{"type":"Feature","properties":{"value_tot_resial_building_aud000":269567.0,"new_houses_num":924,"value_tot_building_aud000":345207.0,"value_new_oth_resial_building_aud000":12932.1,"new_oth_resial_building_num":71,"value_new_houses_aud000":247695.0,"tot_dwl_num":999,"sa4_name":"Mandurah","value_non_resial_building_aud000":75639.3,"sa4_code":"502","value_alterations_additions_conversions_resial_building_aud000":8940.1},"id":"abs_building_approvals_sa4_2016_17.502"},{"type":"Feature","properties":{"value_tot_resial_building_aud000":979840.0,"new_houses_num":459,"value_tot_building_aud000":2308280.0,"value_new_oth_resial_building_aud000":487883.0,"new_oth_resial_building_num":1416,"value_new_houses_aud000":378188.0,"tot_dwl_num":1878,"sa4_name":"Perth - Inner","value_non_resial_building_aud000":1328440.0,"sa4_code":"503","value_alterations_additions_conversions_resial_building_aud000":113770.0},"id":"abs_building_approvals_sa4_2016_17.503"},{"type":"Feature","properties":{"value_tot_resial_building_aud000":668428.0,"new_houses_num":2199,"value_tot_building_aud000":997891.0,"value_new_oth_resial_building_aud000":79680.2,"new_oth_resial_building_num":365,"value_new_houses_aud000":531782.0,"tot_dwl_num":2586,"sa4_name":"Perth - North East","value_non_resial_building_aud000":329463.0,"sa4_code":"504","value_alterations_additions_conversions_resial_building_aud000":56966.3},"id":"abs_building_approvals_sa4_2016_17.504"},{"type":"Feature","properties":{"value_tot_resial_building_aud000":1194600.0,"new_houses_num":3022,"value_tot_building_aud000":1753090.0,"value_new_oth_resial_building_aud000":244242.0,"new_oth_resial_building_num":1012,"value_new_houses_aud000":859016.0,"tot_dwl_num":4042,"sa4_name":"Perth - North West","value_non_resial_building_aud000":558484.0,"sa4_code":"505","value_alterations_additions_conversions_resial_building_aud000":91343.9},"id":"abs_building_approvals_sa4_2016_17.505"},{"type":"Feature","properties":{"value_tot_resial_building_aud000":1126300.0,"new_houses_num":2884,"value_tot_building_aud000":2156160.0,"value_new_oth_resial_building_aud000":334858.0,"new_oth_resial_building_num":1436,"value_new_houses_aud000":713996.0,"tot_dwl_num":4335,"sa4_name":"Perth - South East","value_non_resial_building_aud000":1029860.0,"sa4_code":"506","value_alterations_additions_conversions_resial_building_aud000":77445.7},"id":"abs_building_approvals_sa4_2016_17.506"},{"type":"Feature","properties":{"value_tot_resial_building_aud000":1115720.0,"new_houses_num":2907,"value_tot_building_aud000":1626000.0,"value_new_oth_resial_building_aud000":235782.0,"new_oth_resial_building_num":860,"value_new_houses_aud000":798369.0,"tot_dwl_num":3790,"sa4_name":"Perth - South West","value_non_resial_building_aud000":510286.0,"sa4_code":"507","value_alterations_additions_conversions_resial_building_aud000":81567.6},"id":"abs_building_approvals_sa4_2016_17.507"},{"type":"Feature","properties":{"value_tot_resial_building_aud000":245412.0,"new_houses_num":686,"value_tot_building_aud000":556003.0,"value_new_oth_resial_building_aud000":9952.0,"new_oth_resial_building_num":33,"value_new_houses_aud000":196298.0,"tot_dwl_num":724,"sa4_name":"Western Australia - Wheat Belt","value_non_resial_building_aud000":310591.0,"sa4_code":"509","value_alterations_additions_conversions_resial_building_aud000":39161.5},"id":"abs_building_approvals_sa4_2016_17.509"},{"type":"Feature","properties":{"value_tot_resial_building_aud000":75448.9,"new_houses_num":194,"value_tot_building_aud000":317281.0,"value_new_oth_resial_building_aud000":6847.6,"new_oth_resial_building_num":26,"value_new_houses_aud000":61185.0,"tot_dwl_num":224,"sa4_name":"Western Australia - Outback (North)","value_non_resial_building_aud000":241832.0,"sa4_code":"510","value_alterations_additions_conversions_resial_building_aud000":7416.3},"id":"abs_building_approvals_sa4_2016_17.510"},{"type":"Feature","properties":{"value_tot_resial_building_aud000":115054.0,"new_houses_num":275,"value_tot_building_aud000":272266.0,"value_new_oth_resial_building_aud000":5855.4,"new_oth_resial_building_num":24,"value_new_houses_aud000":84152.2,"tot_dwl_num":303,"sa4_name":"Western Australia - Outback (South)","value_non_resial_building_aud000":157212.0,"sa4_code":"511","value_alterations_additions_conversions_resial_building_aud000":25046.2},"id":"abs_building_approvals_sa4_2016_17.511"},{"type":"Feature","properties":{"value_tot_resial_building_aud000":321113.0,"new_houses_num":803,"value_tot_building_aud000":560818.0,"value_new_oth_resial_building_aud000":52154.3,"new_oth_resial_building_num":231,"value_new_houses_aud000":210250.0,"tot_dwl_num":1044,"sa4_name":"Hobart","value_non_resial_building_aud000":239704.0,"sa4_code":"601","value_alterations_additions_conversions_resial_building_aud000":58708.8},"id":"abs_building_approvals_sa4_2016_17.601"},{"type":"Feature","properties":{"value_tot_resial_building_aud000":158864.0,"new_houses_num":430,"value_tot_building_aud000":222406.0,"value_new_oth_resial_building_aud000":13465.2,"new_oth_resial_building_num":85,"value_new_houses_aud000":115696.0,"tot_dwl_num":522,"sa4_name":"Launceston and North East","value_non_resial_building_aud000":63542.5,"sa4_code":"602","value_alterations_additions_conversions_resial_building_aud000":29703.2},"id":"abs_building_approvals_sa4_2016_17.602"},{"type":"Feature","properties":{"value_tot_resial_building_aud000":66589.5,"new_houses_num":234,"value_tot_building_aud000":102291.0,"value_new_oth_resial_building_aud000":300.0,"new_oth_resial_building_num":2,"value_new_houses_aud000":55575.6,"tot_dwl_num":242,"sa4_name":"South East","value_non_resial_building_aud000":35701.4,"sa4_code":"603","value_alterations_additions_conversions_resial_building_aud000":10714.0},"id":"abs_building_approvals_sa4_2016_17.603"},{"type":"Feature","properties":{"value_tot_resial_building_aud000":133554.0,"new_houses_num":359,"value_tot_building_aud000":282713.0,"value_new_oth_resial_building_aud000":15518.8,"new_oth_resial_building_num":76,"value_new_houses_aud000":101544.0,"tot_dwl_num":440,"sa4_name":"West and North West","value_non_resial_building_aud000":149159.0,"sa4_code":"604","value_alterations_additions_conversions_resial_building_aud000":16491.2},"id":"abs_building_approvals_sa4_2016_17.604"},{"type":"Feature","properties":{"value_tot_resial_building_aud000":266819.0,"new_houses_num":520,"value_tot_building_aud000":null,"value_new_oth_resial_building_aud000":34418.6,"new_oth_resial_building_num":134,"value_new_houses_aud000":175243.0,"tot_dwl_num":668,"sa4_name":"Darwin","value_non_resial_building_aud000":null,"sa4_code":"701","value_alterations_additions_conversions_resial_building_aud000":57157.9},"id":"abs_building_approvals_sa4_2016_17.701"},{"type":"Feature","properties":{"value_tot_resial_building_aud000":142356.0,"new_houses_num":196,"value_tot_building_aud000":null,"value_new_oth_resial_building_aud000":14643.0,"new_oth_resial_building_num":44,"value_new_houses_aud000":83490.2,"tot_dwl_num":244,"sa4_name":"Northern Territory - Outback","value_non_resial_building_aud000":null,"sa4_code":"702","value_alterations_additions_conversions_resial_building_aud000":44222.3},"id":"abs_building_approvals_sa4_2016_17.702"},{"type":"Feature","properties":{"value_tot_resial_building_aud000":1622480.0,"new_houses_num":1054,"value_tot_building_aud000":2510910.0,"value_new_oth_resial_building_aud000":1134050.0,"new_oth_resial_building_num":4468,"value_new_houses_aud000":387368.0,"tot_dwl_num":5524,"sa4_name":"Australian Capital Territory","value_non_resial_building_aud000":888433.0,"sa4_code":"801","value_alterations_additions_conversions_resial_building_aud000":101055.0},"id":"abs_building_approvals_sa4_2016_17.801"}]}