{"organisation":"AU_Govt_ABS","name":"abs_data_by_region_economy_and_industry_asgs_sa4_2011_2018","title":"ABS - Data by Region - Economy & Industry (SA4) 2011-2018","legal":{"copyrightYear":"2019","attributionYear":"2019","attribution":"{datasource.organisationTitle}, ({dataset.attributionYear}): {dataset.title}; accessed from AURIN on {dateOfAccess}.","clickthrough":false,"licenceType":"Creative Commons Attribution 4.0 International (CC BY 4.0)","copyrightNotice":"&copy; {datasource.organisationTitle} {dataset.copyrightYear}"},"referenceSystemIdentifier":"urn:x-ogc:def:crs:EPSG:4283","geoLevel":"sa4_2016","key":"sa4_code16","keyRegex":null,"availability":"true","geomField":"wkb_geometry","keyword":"abs,economy,Australia,industry,sa4,aggregated,aus","theme":null,"temporalExtent":{"beginDate":"2011-01-01T00:00:00","endDate":"2018-12-31T00:00:00","selectTime":false},"type":"dataset","_id":"dataset-AU_Govt_ABS-abs_data_by_region_economy_and_industry_asgs_sa4_2011_2018-sa4_2016","bbox":null,"abstract":"This dataset presents data on economy and industry available from the ABS's Data by Region statistics. This dataset is based on the Statistical Area Level 4 2016 boundaries, and covers data for individual years between 2011 and 2018. The dataset includes information in the following specified areas of economy and industry: Business Entries and Exists, Buildings Approvals, Residential Property Prices, Mean Household Net Worth, Patent and Trademark Applications, Insolvencies, Motor Vehicle Census, Tourist Accommodation Establishments, Agricultural Commodities, Gross Value of Agricultural Production and Industry of Employment.<br/><br/>\n\nData by Region contains a standard set of data for each region type, depending on the availability of statistics for particular geographies. Data are sourced from a wide variety of collections, both ABS and non-ABS. When analysing these statistics, care needs to be taken as time periods, definitions, methodologies, scope and coverage can differ across collections. Where available, data have been presented as a time series - to enable users to assess changes over time. However, when looked at on a period to period basis, some series may sometimes appear volatile. When analysing the data, users are encouraged to consider the longer term behaviour of the series, where this extra information is available.<br/><br/>\n\nThis data is ABS data (catalogue number: 1410.0) used with permission from the Australian Bureau of Statistics.<br/><br/>\n\n\nFor more information please visit the <a href=\"https://www.abs.gov.au/AUSSTATS/abs@.nsf/Lookup/1410.0Explanatory%20Notes12013-18?OpenDocument#ECONOMY\" target=\"_blank\">Australian Bureau of Statistics</a>.<br/><br/>\n\nNotes: \n<ul>\n<li>AURIN has spatially enabled the <a href=\"https://www.abs.gov.au/AUSSTATS/abs@.nsf/DetailsPage/1410.02013-18?OpenDocument\" target=\"_blank\">original data</a>.</li>\n<li>Some data values in Data by Region have been randomly adjusted or suppressed to avoid the release of confidential details.</li>\n<li>Where data was not available, not available for publication, nil or rounded to zero in the original data, it has been set to null.</li>\n<li>Columns that did not contain any values for all years in the original data have been removed.</li>\n</ul>","selectedAttributes":[{"name":"yr","type":"String","title":"Year","description":"Year.","stype":"ordinal","categories":[{"key":"2011","label":"2011"},{"key":"2012","label":"2012"},{"key":"2013","label":"2013"},{"key":"2014","label":"2014"},{"key":"2015","label":"2015"},{"key":"2016","label":"2016"},{"key":"2017","label":"2017"},{"key":"2018","label":"2018"}],"filterValue":"2018","isDimension":true},{"name":"sa4_code16","type":"String","title":"SA4 Code 2016","description":"SA4 Code 2016.","stype":"nominal","isDimension":false},{"name":"bld_approvals_priv_sector_dwl_excluding_houses_num","type":"Integer","title":"Building Approvals Private Sector Dwellings Excluding Houses No.","description":"Building Approvals Private Sector Dwellings Excluding Houses No..","stype":"ratio","isDimension":false},{"name":"bld_approvals_priv_sector_houses_num","type":"Integer","title":"Building Approvals Private Sector Houses No.","description":"Building Approvals Private Sector Houses No..","stype":"ratio","isDimension":false},{"name":"bld_approvals_tot_dwl_units_num","type":"Integer","title":"Building Approvals Total Dwelling Units No.","description":"Building Approvals Total Dwelling Units No..","stype":"ratio","isDimension":false},{"name":"bld_approvals_tot_priv_sector_dwl_units_num","type":"Integer","title":"Building Approvals Total Private Sector Dwelling Units No.","description":"Building Approvals Total Private Sector Dwelling Units No..","stype":"ratio","isDimension":false},{"name":"bld_approvals_value_priv_sector_dwl_excluding_houses_audm","type":"Integer","title":"Building Approvals Value Of Private Sector Dwellings Excluding Houses $M","description":"Building Approvals Value Of Private Sector Dwellings Excluding Houses $M.","stype":"ratio","isDimension":false},{"name":"bld_approvals_value_priv_sector_houses_audm","type":"Integer","title":"Building Approvals Value Of Private Sector Houses $M","description":"Building Approvals Value Of Private Sector Houses $M.","stype":"ratio","isDimension":false},{"name":"bld_approvals_value_tot_bld_audm","type":"Integer","title":"Building Approvals Value Of Total Building $M","description":"Building Approvals Value Of Total Building $M.","stype":"ratio","isDimension":false},{"name":"bld_approvals_value_tot_non_resial_bld_audm","type":"Integer","title":"Building Approvals Value Of Total Non Residential Building $M","description":"Building Approvals Value Of Total Non Residential Building $M.","stype":"ratio","isDimension":false},{"name":"bld_approvals_value_tot_priv_sectors_dwl_units_audm","type":"Integer","title":"Building Approvals Value Of Total Private Sectors Dwelling Units $M","description":"Building Approvals Value Of Total Private Sectors Dwelling Units $M.","stype":"ratio","isDimension":false},{"name":"bld_approvals_value_tot_resial_bld_audm","type":"Integer","title":"Building Approvals Value Of Total Residential Building $M","description":"Building Approvals Value Of Total Residential Building $M.","stype":"ratio","isDimension":false},{"name":"bsns_entries_1_4_emplys_num","type":"Integer","title":"Business Entries 1-4 Employees No.","description":"Business Entries 1-4 Employees No..","stype":"ratio","isDimension":false},{"name":"bsns_entries_20_pls_emplys_num","type":"Integer","title":"Business Entries 20 Or More Employees No.","description":"Business Entries 20 Or More Employees No..","stype":"ratio","isDimension":false},{"name":"bsns_entries_5_19_emplys_num","type":"Integer","title":"Business Entries 5-19 Employees No.","description":"Business Entries 5-19 Employees No..","stype":"ratio","isDimension":false},{"name":"bsns_entries_num_non_emply_bsns_entries_num","type":"Integer","title":"Business Entries Number Of Non-Employing Business Entries  No.","description":"Business Entries Number Of Non-Employing Business Entries  No..","stype":"ratio","isDimension":false},{"name":"bsns_entries_tot_num_bsns_entries_num","type":"Integer","title":"Business Entries Total Number Of Business Entries No.","description":"Business Entries Total Number Of Business Entries No..","stype":"ratio","isDimension":false},{"name":"bsns_exits_1_4_emplys_num","type":"Integer","title":"Business Exits 1-4 Employees No.","description":"Business Exits 1-4 Employees No..","stype":"ratio","isDimension":false},{"name":"bsns_exits_20_pls_emplys_num","type":"Integer","title":"Business Exits 20 Or More Employees No.","description":"Business Exits 20 Or More Employees No..","stype":"ratio","isDimension":false},{"name":"bsns_exits_5_19_emplys_num","type":"Integer","title":"Business Exits 5-19 Employees No.","description":"Business Exits 5-19 Employees No..","stype":"ratio","isDimension":false},{"name":"bsns_exits_num_non_emply_bsns_exits_num","type":"Integer","title":"Business Exits Number Of Non-Employing Business Exits No.","description":"Business Exits Number Of Non-Employing Business Exits No..","stype":"ratio","isDimension":false},{"name":"bsns_exits_tot_num_bsns_exits_num","type":"Integer","title":"Business Exits Total Number Of Business Exits  No.","description":"Business Exits Total Number Of Business Exits  No..","stype":"ratio","isDimension":false},{"name":"slct_caus_p_inslv_non_bsns_rel_inslv_caus_unemp_loss_inc_num","type":"Integer","title":"Selected Causes Of Personal Insolvencies Non-Business Related Insolvencies Caused By Unemployment Or Loss Of Income No.","description":"Selected Causes Of Personal Insolvencies Non-Business Related Insolvencies Caused By Unemployment Or Loss Of Income No..","stype":"ratio","isDimension":false},{"name":"slct_caus_p_inslv_non_bsns_rel_inslv_caus_exc_use_credit_num","type":"Integer","title":"Selected Causes Of Personal Insolvencies Non-Business Related Insolvencies Caused By Excessive Use Of Credit No.","description":"Selected Causes Of Personal Insolvencies Non-Business Related Insolvencies Caused By Excessive Use Of Credit No..","stype":"ratio","isDimension":false},{"name":"slct_caus_p_inslv_bsns_rel_inslv_caus_economic_cond_num","type":"Integer","title":"Selected Causes Of Personal Insolvencies Business Related Insolvencies Caused By Economic Conditions No.","description":"Selected Causes Of Personal Insolvencies Business Related Insolvencies Caused By Economic Conditions No..","stype":"ratio","isDimension":false},{"name":"sa4_name16","type":"String","title":"SA4 Name 2016","description":"SA4 Name 2016.","stype":"nominal","isDimension":false},{"name":"regd_mtr_vhcls_yr_manu_tot_regd_mtr_vhcls_num","type":"Integer","title":"Registered Motor Vehicles - Year Of Manufacture Total Registered Motor Vehicles No. ","description":"Registered Motor Vehicles - Year Of Manufacture Total Registered Motor Vehicles No. .","stype":"ratio","isDimension":false},{"name":"regd_mtr_vhcls_yr_manu_ov_10_yrs_num","type":"Integer","title":"Registered Motor Vehicles - Year Of Manufacture Over 10 Years No. ","description":"Registered Motor Vehicles - Year Of Manufacture Over 10 Years No. .","stype":"ratio","isDimension":false},{"name":"regd_mtr_vhcls_yr_manu_less_5_yrs_num","type":"Integer","title":"Registered Motor Vehicles - Year Of Manufacture Less Than 5 Years No. ","description":"Registered Motor Vehicles - Year Of Manufacture Less Than 5 Years No. .","stype":"ratio","isDimension":false},{"name":"regd_mtr_vhcls_yr_manu_5_10_yrs_num","type":"Integer","title":"Registered Motor Vehicles - Year Of Manufacture 5 To 10 Years No. ","description":"Registered Motor Vehicles - Year Of Manufacture 5 To 10 Years No. .","stype":"ratio","isDimension":false},{"name":"regd_mtr_vhcls_num_by_type_vehicle_pax_vehicles_num","type":"Integer","title":"Registered Motor Vehicles - Number By Type Of Vehicle Passenger Vehicles No. ","description":"Registered Motor Vehicles - Number By Type Of Vehicle Passenger Vehicles No. .","stype":"ratio","isDimension":false},{"name":"regd_mtr_vhcls_num_by_type_vehicle_buses_num","type":"Integer","title":"Registered Motor Vehicles - Number By Type Of Vehicle Buses No. ","description":"Registered Motor Vehicles - Number By Type Of Vehicle Buses No. .","stype":"ratio","isDimension":false},{"name":"regd_mtr_vhcls_num_by_type_vehicle_campervans_num","type":"Integer","title":"Registered Motor Vehicles - Number By Type Of Vehicle Campervans No. ","description":"Registered Motor Vehicles - Number By Type Of Vehicle Campervans No. .","stype":"ratio","isDimension":false},{"name":"regd_mtr_vhcls_num_by_type_vehicle_heavy_rigid_trucks_num","type":"Integer","title":"Registered Motor Vehicles - Number By Type Of Vehicle Heavy Rigid Trucks No. ","description":"Registered Motor Vehicles - Number By Type Of Vehicle Heavy Rigid Trucks No. .","stype":"ratio","isDimension":false},{"name":"regd_mtr_vhcls_num_by_type_vehicle_light_comc_vehicles_num","type":"Integer","title":"Registered Motor Vehicles - Number By Type Of Vehicle Light Commercial Vehicles No. ","description":"Registered Motor Vehicles - Number By Type Of Vehicle Light Commercial Vehicles No. .","stype":"ratio","isDimension":false},{"name":"regd_mtr_vhcls_num_by_type_vehicle_light_rigid_trucks_num","type":"Integer","title":"Registered Motor Vehicles - Number By Type Of Vehicle Light Rigid Trucks No. ","description":"Registered Motor Vehicles - Number By Type Of Vehicle Light Rigid Trucks No. .","stype":"ratio","isDimension":false},{"name":"regd_mtr_vhcls_num_by_type_vehicle_motorcycles_num","type":"Integer","title":"Registered Motor Vehicles - Number By Type Of Vehicle Motorcycles No. ","description":"Registered Motor Vehicles - Number By Type Of Vehicle Motorcycles No. .","stype":"ratio","isDimension":false},{"name":"regd_mtr_vhcls_num_by_type_vehicle_nfc_trucks_num","type":"Integer","title":"Registered Motor Vehicles - Number By Type Of Vehicle Non-Freight Carrying Trucks No. ","description":"Registered Motor Vehicles - Number By Type Of Vehicle Non-Freight Carrying Trucks No. .","stype":"ratio","isDimension":false},{"name":"regd_mtr_vhcls_num_by_type_vehicle_articulated_trucks_num","type":"Integer","title":"Registered Motor Vehicles - Number By Type Of Vehicle Articulated Trucks No. ","description":"Registered Motor Vehicles - Number By Type Of Vehicle Articulated Trucks No. .","stype":"ratio","isDimension":false},{"name":"regd_mtr_vhcls_num_by_type_fuel_petrol_num","type":"Integer","title":"Registered Motor Vehicles - Number By Type Of Fuel Petrol No. ","description":"Registered Motor Vehicles - Number By Type Of Fuel Petrol No. .","stype":"ratio","isDimension":false},{"name":"regd_mtr_vhcls_num_by_type_fuel_lpg_dual_oth_num","type":"Integer","title":"Registered Motor Vehicles - Number By Type Of Fuel Lpg/Dual/Other No. ","description":"Registered Motor Vehicles - Number By Type Of Fuel Lpg/Dual/Other No. .","stype":"ratio","isDimension":false},{"name":"regd_mtr_vhcls_num_by_type_fuel_electric_num","type":"Integer","title":"Registered Motor Vehicles - Number By Type Of Fuel Electric No. ","description":"Registered Motor Vehicles - Number By Type Of Fuel Electric No. .","stype":"ratio","isDimension":false},{"name":"regd_mtr_vhcls_num_by_type_fuel_diesel_num","type":"Integer","title":"Registered Motor Vehicles - Number By Type Of Fuel Diesel No. ","description":"Registered Motor Vehicles - Number By Type Of Fuel Diesel No. .","stype":"ratio","isDimension":false},{"name":"p_inslv_tot_debt_ent_p_inslv_num","type":"Integer","title":"Personal Insolvencies Total Debtors Entering Personal Insolvencies No.","description":"Personal Insolvencies Total Debtors Entering Personal Insolvencies No..","stype":"ratio","isDimension":false},{"name":"p_inslv_tot_debt_ent_non_bsns_rel_p_inslv_num","type":"Integer","title":"Personal Insolvencies Total Debtors Entering Non-Business Related Personal Insolvencies No.","description":"Personal Insolvencies Total Debtors Entering Non-Business Related Personal Insolvencies No..","stype":"ratio","isDimension":false},{"name":"p_inslv_tot_debt_ent_bsns_rel_p_inslv_num","type":"Integer","title":"Personal Insolvencies Total Debtors Entering Business Related Personal Insolvencies No.","description":"Personal Insolvencies Total Debtors Entering Business Related Personal Insolvencies No..","stype":"ratio","isDimension":false},{"name":"ogc_fid","type":"Integer","title":"Unique Identifier","description":"Unique Identifier.","stype":"nominal","isDimension":false},{"name":"occ_debt_ent_bsns_non_bsns_rel_p_inslv_tech_trades_wrkers_num","type":"Integer","title":"Occupations Of Debtors Entering Business Or Non-Business Related Personal Insolvencies Technicians And Trades Workers  No.","description":"Occupations Of Debtors Entering Business Or Non-Business Related Personal Insolvencies Technicians And Trades Workers  No..","stype":"ratio","isDimension":false},{"name":"occ_debt_ent_bsns_non_bsns_rel_p_inslv_sales_wrkers_num","type":"Integer","title":"Occupations Of Debtors Entering Business Or Non-Business Related Personal Insolvencies Sales Workers  No.","description":"Occupations Of Debtors Entering Business Or Non-Business Related Personal Insolvencies Sales Workers  No..","stype":"ratio","isDimension":false},{"name":"occ_debt_ent_bsns_non_bsns_rel_p_inslv_pros_num","type":"Integer","title":"Occupations Of Debtors Entering Business Or Non-Business Related Personal Insolvencies Professionals  No.","description":"Occupations Of Debtors Entering Business Or Non-Business Related Personal Insolvencies Professionals  No..","stype":"ratio","isDimension":false},{"name":"occ_debt_ent_bsns_non_bsns_rel_p_inslv_managers_num","type":"Integer","title":"Occupations Of Debtors Entering Business Or Non-Business Related Personal Insolvencies Managers No.","description":"Occupations Of Debtors Entering Business Or Non-Business Related Personal Insolvencies Managers No..","stype":"ratio","isDimension":false},{"name":"occ_debt_ent_bsns_non_bsns_rel_p_inslv_mach_ops_drivers_num","type":"Integer","title":"Occupations Of Debtors Entering Business Or Non-Business Related Personal Insolvencies Machinery Operators And Drivers  No.","description":"Occupations Of Debtors Entering Business Or Non-Business Related Personal Insolvencies Machinery Operators And Drivers  No..","stype":"ratio","isDimension":false},{"name":"occ_debt_ent_bsns_non_bsns_rel_p_inslv_labourers_num","type":"Integer","title":"Occupations Of Debtors Entering Business Or Non-Business Related Personal Insolvencies Labourers  No.","description":"Occupations Of Debtors Entering Business Or Non-Business Related Personal Insolvencies Labourers  No..","stype":"ratio","isDimension":false},{"name":"num_bsns_1_4_emplys_num","type":"Integer","title":"Number Of Businesses 1-4 Employees No.","description":"Number Of Businesses 1-4 Employees No..","stype":"ratio","isDimension":false},{"name":"num_bsns_20_pls_emplys_num","type":"Integer","title":"Number Of Businesses 20 Or More Employees No.","description":"Number Of Businesses 20 Or More Employees No..","stype":"ratio","isDimension":false},{"name":"num_bsns_5_19_emplys_num","type":"Integer","title":"Number Of Businesses 5-19 Employees No.","description":"Number Of Businesses 5-19 Employees No..","stype":"ratio","isDimension":false},{"name":"num_bsns_by_industry_accom_food_num","type":"Integer","title":"Number Of Businesses By Industry Accommodation & Food Services No.","description":"Number Of Businesses By Industry Accommodation & Food Services No..","stype":"ratio","isDimension":false},{"name":"num_bsns_by_industry_admt_supp_num","type":"Integer","title":"Number Of Businesses By Industry Administrative & Support Services No.","description":"Number Of Businesses By Industry Administrative & Support Services No..","stype":"ratio","isDimension":false},{"name":"num_bsns_by_industry_agri_frsty_fish_num","type":"Integer","title":"Number Of Businesses By Industry Agriculture, Forestry And Fishing No.","description":"Number Of Businesses By Industry Agriculture, Forestry And Fishing No..","stype":"ratio","isDimension":false},{"name":"num_bsns_by_industry_arts_rec_num","type":"Integer","title":"Number Of Businesses By Industry Arts & Recreation Services No.","description":"Number Of Businesses By Industry Arts & Recreation Services No..","stype":"ratio","isDimension":false},{"name":"num_bsns_by_industry_cons_num","type":"Integer","title":"Number Of Businesses By Industry Construction No.","description":"Number Of Businesses By Industry Construction No..","stype":"ratio","isDimension":false},{"name":"num_bsns_by_industry_currly_unk_num","type":"Integer","title":"Number Of Businesses By Industry Currently Unknown No.","description":"Number Of Businesses By Industry Currently Unknown No..","stype":"ratio","isDimension":false},{"name":"num_bsns_by_industry_edu_training_num","type":"Integer","title":"Number Of Businesses By Industry Education & Training No.","description":"Number Of Businesses By Industry Education & Training No..","stype":"ratio","isDimension":false},{"name":"num_bsns_by_industry_elec_gas_water_wst_num","type":"Integer","title":"Number Of Businesses By Industry Electricity, Gas, Water & Waste Services No.","description":"Number Of Businesses By Industry Electricity, Gas, Water & Waste Services No..","stype":"ratio","isDimension":false},{"name":"num_bsns_by_industry_fin_insur_num","type":"Integer","title":"Number Of Businesses By Industry Financial & Insurance Services No.","description":"Number Of Businesses By Industry Financial & Insurance Services No..","stype":"ratio","isDimension":false},{"name":"num_bsns_by_industry_hlth_care_soc_asst_num","type":"Integer","title":"Number Of Businesses By Industry Health Care & Social Assistance No.","description":"Number Of Businesses By Industry Health Care & Social Assistance No..","stype":"ratio","isDimension":false},{"name":"num_bsns_by_industry_info_med_coms_num","type":"Integer","title":"Number Of Businesses By Industry Information Media & Telecommunications No.","description":"Number Of Businesses By Industry Information Media & Telecommunications No..","stype":"ratio","isDimension":false},{"name":"num_bsns_by_industry_manu_num","type":"Integer","title":"Number Of Businesses By Industry Manufacturing No.","description":"Number Of Businesses By Industry Manufacturing No..","stype":"ratio","isDimension":false},{"name":"num_bsns_by_industry_mining_num","type":"Integer","title":"Number Of Businesses By Industry Mining No.","description":"Number Of Businesses By Industry Mining No..","stype":"ratio","isDimension":false},{"name":"num_bsns_by_industry_oth_num","type":"Integer","title":"Number Of Businesses By Industry Other Services No.","description":"Number Of Businesses By Industry Other Services No..","stype":"ratio","isDimension":false},{"name":"num_bsns_by_industry_pro_sci_tech_num","type":"Integer","title":"Number Of Businesses By Industry Professional Scientific & Technical Services No.","description":"Number Of Businesses By Industry Professional Scientific & Technical Services No..","stype":"ratio","isDimension":false},{"name":"num_bsns_by_industry_pub_admt_safety_num","type":"Integer","title":"Number Of Businesses By Industry Public Administration & Safety No.","description":"Number Of Businesses By Industry Public Administration & Safety No..","stype":"ratio","isDimension":false},{"name":"num_bsns_by_industry_rent_hiring_rlst_num","type":"Integer","title":"Number Of Businesses By Industry Rental, Hiring, & Real Estate Services No.","description":"Number Of Businesses By Industry Rental, Hiring, & Real Estate Services No..","stype":"ratio","isDimension":false},{"name":"num_bsns_by_industry_rtl_trade_num","type":"Integer","title":"Number Of Businesses By Industry Retail Trade No.","description":"Number Of Businesses By Industry Retail Trade No..","stype":"ratio","isDimension":false},{"name":"num_bsns_by_industry_tot_num","type":"Integer","title":"Number Of Businesses By Industry Total No.","description":"Number Of Businesses By Industry Total No..","stype":"ratio","isDimension":false},{"name":"num_bsns_by_industry_trns_pstl_whse_num","type":"Integer","title":"Number Of Businesses By Industry Transport, Postal And Warehousing No.","description":"Number Of Businesses By Industry Transport, Postal And Warehousing No..","stype":"ratio","isDimension":false},{"name":"num_bsns_by_industry_whsl_trade_num","type":"Integer","title":"Number Of Businesses By Industry Wholesale Trade No.","description":"Number Of Businesses By Industry Wholesale Trade No..","stype":"ratio","isDimension":false},{"name":"num_bsns_num_non_emply_bsns_num","type":"Integer","title":"Number Of Businesses Number Of Non-Employing Businesses No.","description":"Number Of Businesses Number Of Non-Employing Businesses No..","stype":"ratio","isDimension":false},{"name":"num_bsns_tot_num_bsns_num","type":"Integer","title":"Number Of Businesses Total Number Of Businesses No.","description":"Number Of Businesses Total Number Of Businesses No..","stype":"ratio","isDimension":false},{"name":"occ_debt_ent_bsns_non_bsns_rel_p_inslv_clrc_admt_wrkers_num","type":"Integer","title":"Occupations Of Debtors Entering Business Or Non-Business Related Personal Insolvencies Clerical And Administrative Workers No.","description":"Occupations Of Debtors Entering Business Or Non-Business Related Personal Insolvencies Clerical And Administrative Workers No..","stype":"ratio","isDimension":false},{"name":"occ_debt_ent_bsns_non_bsns_rel_p_inslv_cmty_p_wrkers_num","type":"Integer","title":"Occupations Of Debtors Entering Business Or Non-Business Related Personal Insolvencies Community And Personal Service Workers No.","description":"Occupations Of Debtors Entering Business Or Non-Business Related Personal Insolvencies Community And Personal Service Workers No..","stype":"ratio","isDimension":false},{"name":"occ_debt_ent_bsns_non_bsns_rel_p_inslv_debt_oth_unk_occ_num","type":"Integer","title":"Occupations Of Debtors Entering Business Or Non-Business Related Personal Insolvencies Debtors With Other Or Unknown Occupations  No.","description":"Occupations Of Debtors Entering Business Or Non-Business Related Personal Insolvencies Debtors With Other Or Unknown Occupations  No..","stype":"ratio","isDimension":false}],"filter":{"filterType":"tabular","where":"(yr IN ('2018'))","feature":{"key":"sa4_code16","geoLevel":"sa4_2016","geoField":"ignored","year":"2006","featureBbox":[96.81676569599999,-43.740509603,159.109219008,-9.142175977],"featureType":"country","featureInstance":"au","featureName":"Australia","referenceSystemIdentifier":"urn:x-ogc:def:crs:EPSG:4283","prefix":"","keyTransform":null},"states":[]}}