{"type":"FeatureCollection","bbox":[0.0,0.0,-1.0,-1.0],"features":[{"type":"Feature","properties":{"_2013_std_death_rate":6.0,"sa4_code_2011":101,"_2015_deaths":1984,"_2013_est_res_population":219217,"_2013_deaths":1821,"_2012_std_death_rate":6.1,"_2011_deaths":1829,"_2012_est_res_population":217674,"_2014_deaths":1830,"_2015_est_res_population":221767,"_2011_std_death_rate":6.3,"_2012_deaths":1709,"_2015_std_death_rate":5.9,"_2014_std_death_rate":5.8,"_2010_std_death_rate":6.5,"_2010_deaths":1701,"sa4_name_2011":"Capital Region","_2010_est_res_population":213926,"_2011_est_res_population":215828,"_2014_est_res_population":220808},"id":"abs_sa4_deaths_2010_2015.fid--4956c171_17221745285_-5e1c"},{"type":"Feature","properties":{"_2013_std_death_rate":6.1,"sa4_code_2011":102,"_2015_deaths":3237,"_2013_est_res_population":327965,"_2013_deaths":3073,"_2012_std_death_rate":6.1,"_2011_deaths":3062,"_2012_est_res_population":325418,"_2014_deaths":3321,"_2015_est_res_population":333119,"_2011_std_death_rate":6.3,"_2012_deaths":3045,"_2015_std_death_rate":6.1,"_2014_std_death_rate":6.1,"_2010_std_death_rate":6.4,"_2010_deaths":2952,"sa4_name_2011":"Central Coast","_2010_est_res_population":320361,"_2011_est_res_population":322657,"_2014_est_res_population":330803},"id":"abs_sa4_deaths_2010_2015.fid--4956c171_17221745285_-5e1b"},{"type":"Feature","properties":{"_2013_std_death_rate":6.8,"sa4_code_2011":103,"_2015_deaths":1850,"_2013_est_res_population":207716,"_2013_deaths":1734,"_2012_std_death_rate":6.9,"_2011_deaths":1911,"_2012_est_res_population":205853,"_2014_deaths":1737,"_2015_est_res_population":211129,"_2011_std_death_rate":6.8,"_2012_deaths":1802,"_2015_std_death_rate":6.2,"_2014_std_death_rate":6.4,"_2010_std_death_rate":6.9,"_2010_deaths":1646,"sa4_name_2011":"Central West","_2010_est_res_population":201388,"_2011_est_res_population":203399,"_2014_est_res_population":209669},"id":"abs_sa4_deaths_2010_2015.fid--4956c171_17221745285_-5e1a"},{"type":"Feature","properties":{"_2013_std_death_rate":6.1,"sa4_code_2011":104,"_2015_deaths":1289,"_2013_est_res_population":135635,"_2013_deaths":1269,"_2012_std_death_rate":6.0,"_2011_deaths":1255,"_2012_est_res_population":135276,"_2014_deaths":1286,"_2015_est_res_population":137022,"_2011_std_death_rate":6.1,"_2012_deaths":1231,"_2015_std_death_rate":6.0,"_2014_std_death_rate":6.1,"_2010_std_death_rate":6.3,"_2010_deaths":1136,"sa4_name_2011":"Coffs Harbour - Grafton","_2010_est_res_population":134257,"_2011_est_res_population":135182,"_2014_est_res_population":136236},"id":"abs_sa4_deaths_2010_2015.fid--4956c171_17221745285_-5e19"},{"type":"Feature","properties":{"_2013_std_death_rate":7.0,"sa4_code_2011":105,"_2015_deaths":1064,"_2013_est_res_population":118831,"_2013_deaths":1095,"_2012_std_death_rate":7.1,"_2011_deaths":1058,"_2012_est_res_population":118427,"_2014_deaths":1122,"_2015_est_res_population":119391,"_2011_std_death_rate":7.1,"_2012_deaths":1021,"_2015_std_death_rate":6.9,"_2014_std_death_rate":6.9,"_2010_std_death_rate":7.2,"_2010_deaths":1031,"sa4_name_2011":"Far West and Orana","_2010_est_res_population":118218,"_2011_est_res_population":117991,"_2014_est_res_population":119511},"id":"abs_sa4_deaths_2010_2015.fid--4956c171_17221745285_-5e18"},{"type":"Feature","properties":{"_2013_std_death_rate":6.1,"sa4_code_2011":106,"_2015_deaths":2042,"_2013_est_res_population":260328,"_2013_deaths":1772,"_2012_std_death_rate":6.3,"_2011_deaths":1817,"_2012_est_res_population":256601,"_2014_deaths":1970,"_2015_est_res_population":267314,"_2011_std_death_rate":6.4,"_2012_deaths":1847,"_2015_std_death_rate":6.0,"_2014_std_death_rate":6.0,"_2010_std_death_rate":6.6,"_2010_deaths":1814,"sa4_name_2011":"Hunter Valley exc Newcastle","_2010_est_res_population":247804,"_2011_est_res_population":251805,"_2014_est_res_population":263920},"id":"abs_sa4_deaths_2010_2015.fid--4956c171_17221745285_-5e17"},{"type":"Feature","properties":{"_2013_std_death_rate":5.6,"sa4_code_2011":107,"_2015_deaths":2344,"_2013_est_res_population":293957,"_2013_deaths":2137,"_2012_std_death_rate":5.7,"_2011_deaths":2128,"_2012_est_res_population":290889,"_2014_deaths":2243,"_2015_est_res_population":300067,"_2011_std_death_rate":5.8,"_2012_deaths":2112,"_2015_std_death_rate":5.6,"_2014_std_death_rate":5.5,"_2010_std_death_rate":5.9,"_2010_deaths":2051,"sa4_name_2011":"Illawarra","_2010_est_res_population":286526,"_2011_est_res_population":289027,"_2014_est_res_population":296658},"id":"abs_sa4_deaths_2010_2015.fid--4956c171_17221745285_-5e16"},{"type":"Feature","properties":{"_2013_std_death_rate":6.0,"sa4_code_2011":108,"_2015_deaths":2552,"_2013_est_res_population":211014,"_2013_deaths":2359,"_2012_std_death_rate":6.1,"_2011_deaths":2342,"_2012_est_res_population":209678,"_2014_deaths":2513,"_2015_est_res_population":213903,"_2011_std_death_rate":6.2,"_2012_deaths":2286,"_2015_std_death_rate":6.1,"_2014_std_death_rate":6.1,"_2010_std_death_rate":6.2,"_2010_deaths":2208,"sa4_name_2011":"Mid North Coast","_2010_est_res_population":206306,"_2011_est_res_population":208090,"_2014_est_res_population":212655},"id":"abs_sa4_deaths_2010_2015.fid--4956c171_17221745285_-5e15"},{"type":"Feature","properties":{"_2013_std_death_rate":6.3,"sa4_code_2011":109,"_2015_deaths":1120,"_2013_est_res_population":114837,"_2013_deaths":1078,"_2012_std_death_rate":6.3,"_2011_deaths":999,"_2012_est_res_population":114271,"_2014_deaths":1006,"_2015_est_res_population":117080,"_2011_std_death_rate":6.3,"_2012_deaths":1030,"_2015_std_death_rate":6.1,"_2014_std_death_rate":6.1,"_2010_std_death_rate":6.3,"_2010_deaths":992,"sa4_name_2011":"Murray","_2010_est_res_population":113796,"_2011_est_res_population":113795,"_2014_est_res_population":116058},"id":"abs_sa4_deaths_2010_2015.fid--4956c171_17221745285_-5e14"},{"type":"Feature","properties":{"_2013_std_death_rate":6.8,"sa4_code_2011":110,"_2015_deaths":1643,"_2013_est_res_population":185131,"_2013_deaths":1623,"_2012_std_death_rate":6.8,"_2011_deaths":1673,"_2012_est_res_population":183939,"_2014_deaths":1636,"_2015_est_res_population":186812,"_2011_std_death_rate":6.8,"_2012_deaths":1561,"_2015_std_death_rate":6.5,"_2014_std_death_rate":6.5,"_2010_std_death_rate":6.8,"_2010_deaths":1491,"sa4_name_2011":"New England and North West","_2010_est_res_population":181428,"_2011_est_res_population":182559,"_2014_est_res_population":186152},"id":"abs_sa4_deaths_2010_2015.fid--4956c171_17221745285_-5e13"},{"type":"Feature","properties":{"_2013_std_death_rate":6.1,"sa4_code_2011":111,"_2015_deaths":3422,"_2013_est_res_population":364508,"_2013_deaths":3238,"_2012_std_death_rate":6.2,"_2011_deaths":3112,"_2012_est_res_population":361210,"_2014_deaths":3393,"_2015_est_res_population":370945,"_2011_std_death_rate":6.2,"_2012_deaths":3072,"_2015_std_death_rate":6.3,"_2014_std_death_rate":6.2,"_2010_std_death_rate":6.3,"_2010_deaths":3036,"sa4_name_2011":"Newcastle and Lake Macquarie","_2010_est_res_population":353800,"_2011_est_res_population":357562,"_2014_est_res_population":367907},"id":"abs_sa4_deaths_2010_2015.fid--4956c171_17221745285_-5e12"},{"type":"Feature","properties":{"_2013_std_death_rate":6.0,"sa4_code_2011":112,"_2015_deaths":2368,"_2013_est_res_population":239879,"_2013_deaths":2187,"_2012_std_death_rate":6.1,"_2011_deaths":2353,"_2012_est_res_population":237764,"_2014_deaths":2369,"_2015_est_res_population":244470,"_2011_std_death_rate":6.1,"_2012_deaths":2285,"_2015_std_death_rate":5.8,"_2014_std_death_rate":5.9,"_2010_std_death_rate":6.0,"_2010_deaths":2096,"sa4_name_2011":"Richmond - Tweed","_2010_est_res_population":235288,"_2011_est_res_population":236498,"_2014_est_res_population":241887},"id":"abs_sa4_deaths_2010_2015.fid--4956c171_17221745285_-5e11"},{"type":"Feature","properties":{"_2013_std_death_rate":5.9,"sa4_code_2011":113,"_2015_deaths":1292,"_2013_est_res_population":156582,"_2013_deaths":1180,"_2012_std_death_rate":6.1,"_2011_deaths":1229,"_2012_est_res_population":156176,"_2014_deaths":1230,"_2015_est_res_population":158854,"_2011_std_death_rate":6.2,"_2012_deaths":1134,"_2015_std_death_rate":5.9,"_2014_std_death_rate":5.8,"_2010_std_death_rate":6.2,"_2010_deaths":1167,"sa4_name_2011":"Riverina","_2010_est_res_population":155383,"_2011_est_res_population":155720,"_2014_est_res_population":157997},"id":"abs_sa4_deaths_2010_2015.fid--4956c171_17221745285_-5e10"},{"type":"Feature","properties":{"_2013_std_death_rate":6.0,"sa4_code_2011":114,"_2015_deaths":1600,"_2013_est_res_population":144399,"_2013_deaths":1435,"_2012_std_death_rate":6.0,"_2011_deaths":1446,"_2012_est_res_population":143307,"_2014_deaths":1587,"_2015_est_res_population":147960,"_2011_std_death_rate":6.1,"_2012_deaths":1518,"_2015_std_death_rate":6.0,"_2014_std_death_rate":6.0,"_2010_std_death_rate":6.1,"_2010_deaths":1278,"sa4_name_2011":"Southern Highlands and Shoalhaven","_2010_est_res_population":140656,"_2011_est_res_population":142124,"_2014_est_res_population":146299},"id":"abs_sa4_deaths_2010_2015.fid--4956c171_17221745285_-5e0f"},{"type":"Feature","properties":{"_2013_std_death_rate":4.8,"sa4_code_2011":115,"_2015_deaths":1163,"_2013_est_res_population":224885,"_2013_deaths":1054,"_2012_std_death_rate":4.9,"_2011_deaths":1072,"_2012_est_res_population":221621,"_2014_deaths":1110,"_2015_est_res_population":233153,"_2011_std_death_rate":5.0,"_2012_deaths":1014,"_2015_std_death_rate":4.7,"_2014_std_death_rate":4.6,"_2010_std_death_rate":5.1,"_2010_deaths":1001,"sa4_name_2011":"Sydney - Baulkham Hills and Hawkesbury","_2010_est_res_population":216873,"_2011_est_res_population":218866,"_2014_est_res_population":228804},"id":"abs_sa4_deaths_2010_2015.fid--4956c171_17221745285_-5e0e"},{"type":"Feature","properties":{"_2013_std_death_rate":6.2,"sa4_code_2011":116,"_2015_deaths":1580,"_2013_est_res_population":327652,"_2013_deaths":1455,"_2012_std_death_rate":6.5,"_2011_deaths":1508,"_2012_est_res_population":320579,"_2014_deaths":1511,"_2015_est_res_population":342015,"_2011_std_death_rate":6.6,"_2012_deaths":1449,"_2015_std_death_rate":5.8,"_2014_std_death_rate":5.9,"_2010_std_death_rate":6.6,"_2010_deaths":1452,"sa4_name_2011":"Sydney - Blacktown","_2010_est_res_population":309200,"_2011_est_res_population":314875,"_2014_est_res_population":334880},"id":"abs_sa4_deaths_2010_2015.fid--4956c171_17221745285_-5e0d"},{"type":"Feature","properties":{"_2013_std_death_rate":5.7,"sa4_code_2011":117,"_2015_deaths":1286,"_2013_est_res_population":295210,"_2013_deaths":1263,"_2012_std_death_rate":5.8,"_2011_deaths":1370,"_2012_est_res_population":289441,"_2014_deaths":1334,"_2015_est_res_population":313467,"_2011_std_death_rate":5.9,"_2012_deaths":1231,"_2015_std_death_rate":5.3,"_2014_std_death_rate":5.4,"_2010_std_death_rate":5.9,"_2010_deaths":1197,"sa4_name_2011":"Sydney - City and Inner South","_2010_est_res_population":280249,"_2011_est_res_population":283784,"_2014_est_res_population":303711},"id":"abs_sa4_deaths_2010_2015.fid--4956c171_17221745285_-5e0c"},{"type":"Feature","properties":{"_2013_std_death_rate":4.6,"sa4_code_2011":118,"_2015_deaths":1657,"_2013_est_res_population":276102,"_2013_deaths":1465,"_2012_std_death_rate":4.7,"_2011_deaths":1559,"_2012_est_res_population":271534,"_2014_deaths":1527,"_2015_est_res_population":283470,"_2011_std_death_rate":4.8,"_2012_deaths":1488,"_2015_std_death_rate":4.6,"_2014_std_death_rate":4.5,"_2010_std_death_rate":4.9,"_2010_deaths":1442,"sa4_name_2011":"Sydney - Eastern Suburbs","_2010_est_res_population":264827,"_2011_est_res_population":268144,"_2014_est_res_population":279580},"id":"abs_sa4_deaths_2010_2015.fid--4956c171_17221745285_-5e0b"},{"type":"Feature","properties":{"_2013_std_death_rate":5.1,"sa4_code_2011":119,"_2015_deaths":3753,"_2013_est_res_population":567176,"_2013_deaths":3602,"_2012_std_death_rate":5.1,"_2011_deaths":3563,"_2012_est_res_population":559232,"_2014_deaths":3574,"_2015_est_res_population":581741,"_2011_std_death_rate":5.2,"_2012_deaths":3366,"_2015_std_death_rate":5.0,"_2014_std_death_rate":5.0,"_2010_std_death_rate":5.3,"_2010_deaths":3398,"sa4_name_2011":"Sydney - Inner South West","_2010_est_res_population":546240,"_2011_est_res_population":551692,"_2014_est_res_population":575102},"id":"abs_sa4_deaths_2010_2015.fid--4956c171_17221745285_-5e0a"},{"type":"Feature","properties":{"_2013_std_death_rate":5.1,"sa4_code_2011":120,"_2015_deaths":1686,"_2013_est_res_population":288431,"_2013_deaths":1593,"_2012_std_death_rate":5.3,"_2011_deaths":1673,"_2012_est_res_population":283149,"_2014_deaths":1677,"_2015_est_res_population":297317,"_2011_std_death_rate":5.3,"_2012_deaths":1641,"_2015_std_death_rate":4.9,"_2014_std_death_rate":5.0,"_2010_std_death_rate":5.6,"_2010_deaths":1638,"sa4_name_2011":"Sydney - Inner West","_2010_est_res_population":274515,"_2011_est_res_population":278878,"_2014_est_res_population":294133},"id":"abs_sa4_deaths_2010_2015.fid--4956c171_17221745285_-5e09"},{"type":"Feature","properties":{"_2013_std_death_rate":4.3,"sa4_code_2011":121,"_2015_deaths":2240,"_2013_est_res_population":406875,"_2013_deaths":2232,"_2012_std_death_rate":4.4,"_2011_deaths":2322,"_2012_est_res_population":400498,"_2014_deaths":2256,"_2015_est_res_population":421882,"_2011_std_death_rate":4.5,"_2012_deaths":2243,"_2015_std_death_rate":4.1,"_2014_std_death_rate":4.2,"_2010_std_death_rate":4.6,"_2010_deaths":2245,"sa4_name_2011":"Sydney - North Sydney and Hornsby","_2010_est_res_population":390163,"_2011_est_res_population":395154,"_2014_est_res_population":413735},"id":"abs_sa4_deaths_2010_2015.fid--4956c171_17221745285_-5e08"},{"type":"Feature","properties":{"_2013_std_death_rate":4.8,"sa4_code_2011":122,"_2015_deaths":1760,"_2013_est_res_population":258828,"_2013_deaths":1692,"_2012_std_death_rate":4.9,"_2011_deaths":1712,"_2012_est_res_population":255026,"_2014_deaths":1761,"_2015_est_res_population":266247,"_2011_std_death_rate":5.0,"_2012_deaths":1689,"_2015_std_death_rate":4.7,"_2014_std_death_rate":4.8,"_2010_std_death_rate":5.1,"_2010_deaths":1712,"sa4_name_2011":"Sydney - Northern Beaches","_2010_est_res_population":248250,"_2011_est_res_population":251696,"_2014_est_res_population":263250},"id":"abs_sa4_deaths_2010_2015.fid--4956c171_17221745285_-5e07"},{"type":"Feature","properties":{"_2013_std_death_rate":6.3,"sa4_code_2011":123,"_2015_deaths":1337,"_2013_est_res_population":252051,"_2013_deaths":1269,"_2012_std_death_rate":6.4,"_2011_deaths":1239,"_2012_est_res_population":247542,"_2014_deaths":1236,"_2015_est_res_population":263101,"_2011_std_death_rate":6.6,"_2012_deaths":1205,"_2015_std_death_rate":5.8,"_2014_std_death_rate":5.9,"_2010_std_death_rate":6.6,"_2010_deaths":1183,"sa4_name_2011":"Sydney - Outer South West","_2010_est_res_population":240988,"_2011_est_res_population":243751,"_2014_est_res_population":257077},"id":"abs_sa4_deaths_2010_2015.fid--4956c171_17221745285_-5e06"},{"type":"Feature","properties":{"_2013_std_death_rate":6.0,"sa4_code_2011":124,"_2015_deaths":1913,"_2013_est_res_population":304910,"_2013_deaths":1736,"_2012_std_death_rate":6.1,"_2011_deaths":1680,"_2012_est_res_population":300909,"_2014_deaths":1806,"_2015_est_res_population":313756,"_2011_std_death_rate":6.2,"_2012_deaths":1700,"_2015_std_death_rate":6.0,"_2014_std_death_rate":6.0,"_2010_std_death_rate":6.3,"_2010_deaths":1629,"sa4_name_2011":"Sydney - Outer West and Blue Mountains","_2010_est_res_population":296099,"_2011_est_res_population":297997,"_2014_est_res_population":309313},"id":"abs_sa4_deaths_2010_2015.fid--4956c171_17221745285_-5e05"},{"type":"Feature","properties":{"_2013_std_death_rate":5.6,"sa4_code_2011":125,"_2015_deaths":2563,"_2013_est_res_population":435987,"_2013_deaths":2427,"_2012_std_death_rate":5.6,"_2011_deaths":2320,"_2012_est_res_population":423945,"_2014_deaths":2412,"_2015_est_res_population":456989,"_2011_std_death_rate":5.8,"_2012_deaths":2311,"_2015_std_death_rate":5.4,"_2014_std_death_rate":5.4,"_2010_std_death_rate":6.0,"_2010_deaths":2277,"sa4_name_2011":"Sydney - Parramatta","_2010_est_res_population":406628,"_2011_est_res_population":413886,"_2014_est_res_population":446290},"id":"abs_sa4_deaths_2010_2015.fid--4956c171_17221745285_-5e04"},{"type":"Feature","properties":{"_2013_std_death_rate":4.6,"sa4_code_2011":126,"_2015_deaths":1139,"_2013_est_res_population":176928,"_2013_deaths":1070,"_2012_std_death_rate":4.7,"_2011_deaths":1134,"_2012_est_res_population":174283,"_2014_deaths":1164,"_2015_est_res_population":183399,"_2011_std_death_rate":4.7,"_2012_deaths":1109,"_2015_std_death_rate":4.5,"_2014_std_death_rate":4.6,"_2010_std_death_rate":4.9,"_2010_deaths":1082,"sa4_name_2011":"Sydney - Ryde","_2010_est_res_population":169329,"_2011_est_res_population":171350,"_2014_est_res_population":179643},"id":"abs_sa4_deaths_2010_2015.fid--4956c171_17221745285_-5e03"},{"type":"Feature","properties":{"_2013_std_death_rate":5.5,"sa4_code_2011":127,"_2015_deaths":2029,"_2013_est_res_population":389529,"_2013_deaths":1866,"_2012_std_death_rate":5.5,"_2011_deaths":1812,"_2012_est_res_population":382256,"_2014_deaths":1947,"_2015_est_res_population":405686,"_2011_std_death_rate":5.7,"_2012_deaths":1729,"_2015_std_death_rate":5.4,"_2014_std_death_rate":5.4,"_2010_std_death_rate":5.8,"_2010_deaths":1664,"sa4_name_2011":"Sydney - South West","_2010_est_res_population":372326,"_2011_est_res_population":376582,"_2014_est_res_population":397004},"id":"abs_sa4_deaths_2010_2015.fid--4956c171_17221745285_-5e02"},{"type":"Feature","properties":{"_2013_std_death_rate":4.9,"sa4_code_2011":128,"_2015_deaths":1541,"_2013_est_res_population":222500,"_2013_deaths":1512,"_2012_std_death_rate":4.8,"_2011_deaths":1349,"_2012_est_res_population":220685,"_2014_deaths":1602,"_2015_est_res_population":225628,"_2011_std_death_rate":4.9,"_2012_deaths":1375,"_2015_std_death_rate":5.1,"_2014_std_death_rate":5.1,"_2010_std_death_rate":5.0,"_2010_deaths":1262,"sa4_name_2011":"Sydney - Sutherland","_2010_est_res_population":219468,"_2011_est_res_population":219637,"_2014_est_res_population":224336},"id":"abs_sa4_deaths_2010_2015.fid--4956c171_17221745285_-5e01"},{"type":"Feature","properties":{"_2013_std_death_rate":6.3,"sa4_code_2011":201,"_2015_deaths":1365,"_2013_est_res_population":152653,"_2013_deaths":1232,"_2012_std_death_rate":6.5,"_2011_deaths":1265,"_2012_est_res_population":150716,"_2014_deaths":1304,"_2015_est_res_population":155920,"_2011_std_death_rate":6.9,"_2012_deaths":1192,"_2015_std_death_rate":6.3,"_2014_std_death_rate":6.2,"_2010_std_death_rate":7.1,"_2010_deaths":1255,"sa4_name_2011":"Ballarat","_2010_est_res_population":146577,"_2011_est_res_population":148656,"_2014_est_res_population":154564},"id":"abs_sa4_deaths_2010_2015.fid--4956c171_17221745285_-5e00"},{"type":"Feature","properties":{"_2013_std_death_rate":6.1,"sa4_code_2011":202,"_2015_deaths":1362,"_2013_est_res_population":146276,"_2013_deaths":1164,"_2012_std_death_rate":6.2,"_2011_deaths":1201,"_2012_est_res_population":144436,"_2014_deaths":1252,"_2015_est_res_population":149919,"_2011_std_death_rate":6.1,"_2012_deaths":1282,"_2015_std_death_rate":6.0,"_2014_std_death_rate":6.0,"_2010_std_death_rate":6.1,"_2010_deaths":1137,"sa4_name_2011":"Bendigo","_2010_est_res_population":140967,"_2011_est_res_population":142693,"_2014_est_res_population":148417},"id":"abs_sa4_deaths_2010_2015.fid--4956c171_17221745285_-5dff"},{"type":"Feature","properties":{"_2013_std_death_rate":5.7,"sa4_code_2011":203,"_2015_deaths":2242,"_2013_est_res_population":264605,"_2013_deaths":2020,"_2012_std_death_rate":5.9,"_2011_deaths":2097,"_2012_est_res_population":260117,"_2014_deaths":2282,"_2015_est_res_population":273951,"_2011_std_death_rate":6.0,"_2012_deaths":2001,"_2015_std_death_rate":5.7,"_2014_std_death_rate":5.7,"_2010_std_death_rate":6.1,"_2010_deaths":2018,"sa4_name_2011":"Geelong","_2010_est_res_population":252091,"_2011_est_res_population":256580,"_2014_est_res_population":268727},"id":"abs_sa4_deaths_2010_2015.fid--4956c171_17221745285_-5dfe"},{"type":"Feature","properties":{"_2013_std_death_rate":6.0,"sa4_code_2011":204,"_2015_deaths":1494,"_2013_est_res_population":163402,"_2013_deaths":1401,"_2012_std_death_rate":6.1,"_2011_deaths":1411,"_2012_est_res_population":162386,"_2014_deaths":1458,"_2015_est_res_population":164900,"_2011_std_death_rate":6.3,"_2012_deaths":1308,"_2015_std_death_rate":6.0,"_2014_std_death_rate":5.9,"_2010_std_death_rate":6.4,"_2010_deaths":1334,"sa4_name_2011":"Hume","_2010_est_res_population":160178,"_2011_est_res_population":161335,"_2014_est_res_population":164497},"id":"abs_sa4_deaths_2010_2015.fid--4956c171_17221745285_-5dfd"},{"type":"Feature","properties":{"_2013_std_death_rate":6.0,"sa4_code_2011":205,"_2015_deaths":2547,"_2013_est_res_population":263594,"_2013_deaths":2233,"_2012_std_death_rate":6.2,"_2011_deaths":2282,"_2012_est_res_population":262259,"_2014_deaths":2394,"_2015_est_res_population":266020,"_2011_std_death_rate":6.6,"_2012_deaths":2258,"_2015_std_death_rate":6.1,"_2014_std_death_rate":5.9,"_2010_std_death_rate":6.8,"_2010_deaths":2258,"sa4_name_2011":"Latrobe - Gippsland","_2010_est_res_population":256142,"_2011_est_res_population":259952,"_2014_est_res_population":264966},"id":"abs_sa4_deaths_2010_2015.fid--4956c171_17221745285_-5dfc"},{"type":"Feature","properties":{"_2013_std_death_rate":5.0,"sa4_code_2011":206,"_2015_deaths":2824,"_2013_est_res_population":567777,"_2013_deaths":2561,"_2012_std_death_rate":5.2,"_2011_deaths":2557,"_2012_est_res_population":547177,"_2014_deaths":2706,"_2015_est_res_population":602309,"_2011_std_death_rate":5.4,"_2012_deaths":2563,"_2015_std_death_rate":4.9,"_2014_std_death_rate":4.9,"_2010_std_death_rate":5.6,"_2010_deaths":2652,"sa4_name_2011":"Melbourne - Inner","_2010_est_res_population":526230,"_2011_est_res_population":532351,"_2014_est_res_population":584924},"id":"abs_sa4_deaths_2010_2015.fid--4956c171_17221745285_-5dfb"},{"type":"Feature","properties":{"_2013_std_death_rate":4.5,"sa4_code_2011":207,"_2015_deaths":2577,"_2013_est_res_population":362701,"_2013_deaths":2437,"_2012_std_death_rate":4.5,"_2011_deaths":2446,"_2012_est_res_population":358970,"_2014_deaths":2525,"_2015_est_res_population":371794,"_2011_std_death_rate":4.6,"_2012_deaths":2466,"_2015_std_death_rate":4.4,"_2014_std_death_rate":4.4,"_2010_std_death_rate":4.7,"_2010_deaths":2389,"sa4_name_2011":"Melbourne - Inner East","_2010_est_res_population":354957,"_2011_est_res_population":356245,"_2014_est_res_population":367290},"id":"abs_sa4_deaths_2010_2015.fid--4956c171_17221745285_-5dfa"},{"type":"Feature","properties":{"_2013_std_death_rate":4.8,"sa4_code_2011":208,"_2015_deaths":2949,"_2013_est_res_population":405527,"_2013_deaths":2852,"_2012_std_death_rate":4.9,"_2011_deaths":2913,"_2012_est_res_population":400223,"_2014_deaths":2860,"_2015_est_res_population":417540,"_2011_std_death_rate":5.1,"_2012_deaths":2829,"_2015_std_death_rate":4.7,"_2014_std_death_rate":4.7,"_2010_std_death_rate":5.2,"_2010_deaths":2925,"sa4_name_2011":"Melbourne - Inner South","_2010_est_res_population":393350,"_2011_est_res_population":395206,"_2014_est_res_population":411771},"id":"abs_sa4_deaths_2010_2015.fid--4956c171_17221745285_-5df9"},{"type":"Feature","properties":{"_2013_std_death_rate":5.3,"sa4_code_2011":209,"_2015_deaths":2883,"_2013_est_res_population":477848,"_2013_deaths":2551,"_2012_std_death_rate":5.4,"_2011_deaths":2699,"_2012_est_res_population":466133,"_2014_deaths":2783,"_2015_est_res_population":500007,"_2011_std_death_rate":5.7,"_2012_deaths":2590,"_2015_std_death_rate":5.1,"_2014_std_death_rate":5.1,"_2010_std_death_rate":5.7,"_2010_deaths":2439,"sa4_name_2011":"Melbourne - North East","_2010_est_res_population":444623,"_2011_est_res_population":454330,"_2014_est_res_population":488856},"id":"abs_sa4_deaths_2010_2015.fid--4956c171_17221745285_-5df8"},{"type":"Feature","properties":{"_2013_std_death_rate":5.3,"sa4_code_2011":210,"_2015_deaths":2123,"_2013_est_res_population":344447,"_2013_deaths":1874,"_2012_std_death_rate":5.5,"_2011_deaths":1864,"_2012_est_res_population":337095,"_2014_deaths":1980,"_2015_est_res_population":361965,"_2011_std_death_rate":5.6,"_2012_deaths":1893,"_2015_std_death_rate":5.2,"_2014_std_death_rate":5.2,"_2010_std_death_rate":5.8,"_2010_deaths":1885,"sa4_name_2011":"Melbourne - North West","_2010_est_res_population":326252,"_2011_est_res_population":331282,"_2014_est_res_population":353367},"id":"abs_sa4_deaths_2010_2015.fid--4956c171_17221745285_-5df7"},{"type":"Feature","properties":{"_2013_std_death_rate":5.3,"sa4_code_2011":211,"_2015_deaths":3270,"_2013_est_res_population":499875,"_2013_deaths":3013,"_2012_std_death_rate":5.4,"_2011_deaths":3005,"_2012_est_res_population":497427,"_2014_deaths":3209,"_2015_est_res_population":506234,"_2011_std_death_rate":5.5,"_2012_deaths":2985,"_2015_std_death_rate":5.2,"_2014_std_death_rate":5.2,"_2010_std_death_rate":5.7,"_2010_deaths":2967,"sa4_name_2011":"Melbourne - Outer East","_2010_est_res_population":494454,"_2011_est_res_population":495565,"_2014_est_res_population":503485},"id":"abs_sa4_deaths_2010_2015.fid--4956c171_17221745285_-5df6"},{"type":"Feature","properties":{"_2013_std_death_rate":5.2,"sa4_code_2011":212,"_2015_deaths":4278,"_2013_est_res_population":715721,"_2013_deaths":3751,"_2012_std_death_rate":5.4,"_2011_deaths":3768,"_2012_est_res_population":700043,"_2014_deaths":4056,"_2015_est_res_population":751032,"_2011_std_death_rate":5.6,"_2012_deaths":3754,"_2015_std_death_rate":5.1,"_2014_std_death_rate":5.1,"_2010_std_death_rate":5.8,"_2010_deaths":3640,"sa4_name_2011":"Melbourne - South East","_2010_est_res_population":669823,"_2011_est_res_population":684430,"_2014_est_res_population":732830},"id":"abs_sa4_deaths_2010_2015.fid--4956c171_17221745285_-5df5"},{"type":"Feature","properties":{"_2013_std_death_rate":5.7,"sa4_code_2011":213,"_2015_deaths":3424,"_2013_est_res_population":684141,"_2013_deaths":2984,"_2012_std_death_rate":5.9,"_2011_deaths":2981,"_2012_est_res_population":662806,"_2014_deaths":3151,"_2015_est_res_population":727629,"_2011_std_death_rate":6.0,"_2012_deaths":2992,"_2015_std_death_rate":5.6,"_2014_std_death_rate":5.6,"_2010_std_death_rate":6.2,"_2010_deaths":2837,"sa4_name_2011":"Melbourne - West","_2010_est_res_population":618574,"_2011_est_res_population":640336,"_2014_est_res_population":706732},"id":"abs_sa4_deaths_2010_2015.fid--4956c171_17221745285_-5df4"},{"type":"Feature","properties":{"_2013_std_death_rate":5.3,"sa4_code_2011":214,"_2015_deaths":2451,"_2013_est_res_population":285531,"_2013_deaths":2136,"_2012_std_death_rate":5.5,"_2011_deaths":2268,"_2012_est_res_population":282584,"_2014_deaths":2290,"_2015_est_res_population":290986,"_2011_std_death_rate":5.8,"_2012_deaths":2075,"_2015_std_death_rate":5.4,"_2014_std_death_rate":5.2,"_2010_std_death_rate":5.8,"_2010_deaths":2139,"sa4_name_2011":"Mornington Peninsula","_2010_est_res_population":277594,"_2011_est_res_population":279621,"_2014_est_res_population":288648},"id":"abs_sa4_deaths_2010_2015.fid--4956c171_17221745285_-5df3"},{"type":"Feature","properties":{"_2013_std_death_rate":6.2,"sa4_code_2011":215,"_2015_deaths":1476,"_2013_est_res_population":149273,"_2013_deaths":1445,"_2012_std_death_rate":6.3,"_2011_deaths":1470,"_2012_est_res_population":149668,"_2014_deaths":1462,"_2015_est_res_population":147653,"_2011_std_death_rate":6.6,"_2012_deaths":1361,"_2015_std_death_rate":6.1,"_2014_std_death_rate":6.1,"_2010_std_death_rate":6.6,"_2010_deaths":1471,"sa4_name_2011":"North West","_2010_est_res_population":150219,"_2011_est_res_population":149634,"_2014_est_res_population":148683},"id":"abs_sa4_deaths_2010_2015.fid--4956c171_17221745285_-5df2"},{"type":"Feature","properties":{"_2013_std_death_rate":6.0,"sa4_code_2011":216,"_2015_deaths":1310,"_2013_est_res_population":128220,"_2013_deaths":1042,"_2012_std_death_rate":6.1,"_2011_deaths":1138,"_2012_est_res_population":127959,"_2014_deaths":1154,"_2015_est_res_population":128904,"_2011_std_death_rate":6.4,"_2012_deaths":1056,"_2015_std_death_rate":6.1,"_2014_std_death_rate":5.8,"_2010_std_death_rate":6.3,"_2010_deaths":1044,"sa4_name_2011":"Shepparton","_2010_est_res_population":126533,"_2011_est_res_population":127002,"_2014_est_res_population":128813},"id":"abs_sa4_deaths_2010_2015.fid--4956c171_17221745285_-5df1"},{"type":"Feature","properties":{"_2013_std_death_rate":6.2,"sa4_code_2011":217,"_2015_deaths":1249,"_2013_est_res_population":121954,"_2013_deaths":1146,"_2012_std_death_rate":6.4,"_2011_deaths":1117,"_2012_est_res_population":122522,"_2014_deaths":1091,"_2015_est_res_population":120718,"_2011_std_death_rate":6.5,"_2012_deaths":1084,"_2015_std_death_rate":6.2,"_2014_std_death_rate":6.1,"_2010_std_death_rate":6.6,"_2010_deaths":1130,"sa4_name_2011":"Warrnambool and South West","_2010_est_res_population":122537,"_2011_est_res_population":122599,"_2014_est_res_population":121540},"id":"abs_sa4_deaths_2010_2015.fid--4956c171_17221745285_-5df0"},{"type":"Feature","properties":{"_2013_std_death_rate":5.5,"sa4_code_2011":301,"_2015_deaths":1469,"_2013_est_res_population":225412,"_2013_deaths":1423,"_2012_std_death_rate":5.6,"_2011_deaths":1343,"_2012_est_res_population":222509,"_2014_deaths":1453,"_2015_est_res_population":229796,"_2011_std_death_rate":5.7,"_2012_deaths":1428,"_2015_std_death_rate":5.3,"_2014_std_death_rate":5.4,"_2010_std_death_rate":5.9,"_2010_deaths":1404,"sa4_name_2011":"Brisbane - East","_2010_est_res_population":215444,"_2011_est_res_population":219039,"_2014_est_res_population":227982},"id":"abs_sa4_deaths_2010_2015.fid--4956c171_17221745285_-5def"},{"type":"Feature","properties":{"_2013_std_death_rate":5.5,"sa4_code_2011":302,"_2015_deaths":1431,"_2013_est_res_population":205623,"_2013_deaths":1420,"_2012_std_death_rate":5.6,"_2011_deaths":1420,"_2012_est_res_population":201891,"_2014_deaths":1441,"_2015_est_res_population":211589,"_2011_std_death_rate":5.7,"_2012_deaths":1420,"_2015_std_death_rate":5.4,"_2014_std_death_rate":5.5,"_2010_std_death_rate":6.0,"_2010_deaths":1410,"sa4_name_2011":"Brisbane - North","_2010_est_res_population":195271,"_2011_est_res_population":198482,"_2014_est_res_population":208595},"id":"abs_sa4_deaths_2010_2015.fid--4956c171_17221745285_-5dee"},{"type":"Feature","properties":{"_2013_std_death_rate":5.5,"sa4_code_2011":303,"_2015_deaths":1947,"_2013_est_res_population":339960,"_2013_deaths":1880,"_2012_std_death_rate":5.6,"_2011_deaths":1787,"_2012_est_res_population":334836,"_2014_deaths":1884,"_2015_est_res_population":348656,"_2011_std_death_rate":5.6,"_2012_deaths":1886,"_2015_std_death_rate":5.5,"_2014_std_death_rate":5.5,"_2010_std_death_rate":5.8,"_2010_deaths":1777,"sa4_name_2011":"Brisbane - South","_2010_est_res_population":323375,"_2011_est_res_population":328772,"_2014_est_res_population":344223},"id":"abs_sa4_deaths_2010_2015.fid--4956c171_17221745285_-5ded"},{"type":"Feature","properties":{"_2013_std_death_rate":5.1,"sa4_code_2011":304,"_2015_deaths":1036,"_2013_est_res_population":182931,"_2013_deaths":1011,"_2012_std_death_rate":5.2,"_2011_deaths":976,"_2012_est_res_population":180910,"_2014_deaths":987,"_2015_est_res_population":186113,"_2011_std_death_rate":5.2,"_2012_deaths":1023,"_2015_std_death_rate":5.0,"_2014_std_death_rate":5.1,"_2010_std_death_rate":5.4,"_2010_deaths":954,"sa4_name_2011":"Brisbane - West","_2010_est_res_population":176976,"_2011_est_res_population":178105,"_2014_est_res_population":184753},"id":"abs_sa4_deaths_2010_2015.fid--4956c171_17221745285_-5dec"},{"type":"Feature","properties":{"_2013_std_death_rate":5.3,"sa4_code_2011":305,"_2015_deaths":1070,"_2013_est_res_population":246355,"_2013_deaths":1007,"_2012_std_death_rate":5.5,"_2011_deaths":1048,"_2012_est_res_population":241320,"_2014_deaths":1064,"_2015_est_res_population":255659,"_2011_std_death_rate":5.4,"_2012_deaths":1078,"_2015_std_death_rate":5.0,"_2014_std_death_rate":5.2,"_2010_std_death_rate":5.7,"_2010_deaths":1076,"sa4_name_2011":"Brisbane Inner City","_2010_est_res_population":232555,"_2011_est_res_population":236750,"_2014_est_res_population":251183},"id":"abs_sa4_deaths_2010_2015.fid--4956c171_17221745285_-5deb"},{"type":"Feature","properties":{"_2013_std_death_rate":6.3,"sa4_code_2011":306,"_2015_deaths":1518,"_2013_est_res_population":239904,"_2013_deaths":1405,"_2012_std_death_rate":6.5,"_2011_deaths":1489,"_2012_est_res_population":236516,"_2014_deaths":1499,"_2015_est_res_population":244052,"_2011_std_death_rate":6.8,"_2012_deaths":1407,"_2015_std_death_rate":5.9,"_2014_std_death_rate":6.0,"_2010_std_death_rate":6.8,"_2010_deaths":1385,"sa4_name_2011":"Cairns","_2010_est_res_population":230368,"_2011_est_res_population":232781,"_2014_est_res_population":242315},"id":"abs_sa4_deaths_2010_2015.fid--4956c171_17221745285_-5dea"},{"type":"Feature","properties":{"_2013_std_death_rate":6.4,"sa4_code_2011":307,"_2015_deaths":1139,"_2013_est_res_population":128173,"_2013_deaths":993,"_2012_std_death_rate":6.4,"_2011_deaths":995,"_2012_est_res_population":126578,"_2014_deaths":962,"_2015_est_res_population":129084,"_2011_std_death_rate":6.4,"_2012_deaths":995,"_2015_std_death_rate":6.3,"_2014_std_death_rate":6.2,"_2010_std_death_rate":6.4,"_2010_deaths":922,"sa4_name_2011":"Darling Downs - Maranoa","_2010_est_res_population":123568,"_2011_est_res_population":125260,"_2014_est_res_population":129004},"id":"abs_sa4_deaths_2010_2015.fid--4956c171_17221745285_-5de9"},{"type":"Feature","properties":{"_2013_std_death_rate":6.3,"sa4_code_2011":308,"_2015_deaths":1290,"_2013_est_res_population":229217,"_2013_deaths":1329,"_2012_std_death_rate":6.5,"_2011_deaths":1248,"_2012_est_res_population":223333,"_2014_deaths":1197,"_2015_est_res_population":235784,"_2011_std_death_rate":6.7,"_2012_deaths":1294,"_2015_std_death_rate":5.8,"_2014_std_death_rate":6.0,"_2010_std_death_rate":6.8,"_2010_deaths":1292,"sa4_name_2011":"Fitzroy","_2010_est_res_population":213690,"_2011_est_res_population":217123,"_2014_est_res_population":233655},"id":"abs_sa4_deaths_2010_2015.fid--4956c171_17221745285_-5de8"},{"type":"Feature","properties":{"_2013_std_death_rate":5.2,"sa4_code_2011":309,"_2015_deaths":3558,"_2013_est_res_population":551060,"_2013_deaths":3312,"_2012_std_death_rate":5.3,"_2011_deaths":3151,"_2012_est_res_population":540527,"_2014_deaths":3521,"_2015_est_res_population":569951,"_2011_std_death_rate":5.3,"_2012_deaths":3303,"_2015_std_death_rate":5.2,"_2014_std_death_rate":5.3,"_2010_std_death_rate":5.5,"_2010_deaths":3136,"sa4_name_2011":"Gold Coast","_2010_est_res_population":519630,"_2011_est_res_population":528766,"_2014_est_res_population":560044},"id":"abs_sa4_deaths_2010_2015.fid--4956c171_17221745285_-5de7"},{"type":"Feature","properties":{"_2013_std_death_rate":6.2,"sa4_code_2011":310,"_2015_deaths":1745,"_2013_est_res_population":308205,"_2013_deaths":1611,"_2012_std_death_rate":6.4,"_2011_deaths":1615,"_2012_est_res_population":299477,"_2014_deaths":1639,"_2015_est_res_population":323559,"_2011_std_death_rate":6.4,"_2012_deaths":1603,"_2015_std_death_rate":5.9,"_2014_std_death_rate":5.9,"_2010_std_death_rate":6.5,"_2010_deaths":1542,"sa4_name_2011":"Ipswich","_2010_est_res_population":283784,"_2011_est_res_population":291052,"_2014_est_res_population":316130},"id":"abs_sa4_deaths_2010_2015.fid--4956c171_17221745285_-5de6"},{"type":"Feature","properties":{"_2013_std_death_rate":6.4,"sa4_code_2011":311,"_2015_deaths":1606,"_2013_est_res_population":313473,"_2013_deaths":1516,"_2012_std_death_rate":6.6,"_2011_deaths":1506,"_2012_est_res_population":306977,"_2014_deaths":1619,"_2015_est_res_population":322416,"_2011_std_death_rate":6.6,"_2012_deaths":1551,"_2015_std_death_rate":6.0,"_2014_std_death_rate":6.3,"_2010_std_death_rate":6.8,"_2010_deaths":1424,"sa4_name_2011":"Logan - Beaudesert","_2010_est_res_population":294701,"_2011_est_res_population":300179,"_2014_est_res_population":318277},"id":"abs_sa4_deaths_2010_2015.fid--4956c171_17221745285_-5de5"},{"type":"Feature","properties":{"_2013_std_death_rate":6.1,"sa4_code_2011":312,"_2015_deaths":900,"_2013_est_res_population":179994,"_2013_deaths":870,"_2012_std_death_rate":6.5,"_2011_deaths":888,"_2012_est_res_population":176249,"_2014_deaths":861,"_2015_est_res_population":182303,"_2011_std_death_rate":6.9,"_2012_deaths":853,"_2015_std_death_rate":5.6,"_2014_std_death_rate":5.7,"_2010_std_death_rate":7.0,"_2010_deaths":926,"sa4_name_2011":"Mackay","_2010_est_res_population":168467,"_2011_est_res_population":171564,"_2014_est_res_population":181977},"id":"abs_sa4_deaths_2010_2015.fid--4956c171_17221745285_-5de4"},{"type":"Feature","properties":{"_2013_std_death_rate":6.3,"sa4_code_2011":313,"_2015_deaths":1893,"_2013_est_res_population":230736,"_2013_deaths":1828,"_2012_std_death_rate":6.2,"_2011_deaths":1674,"_2012_est_res_population":226958,"_2014_deaths":1791,"_2015_est_res_population":237163,"_2011_std_death_rate":6.2,"_2012_deaths":1753,"_2015_std_death_rate":6.3,"_2014_std_death_rate":6.3,"_2010_std_death_rate":6.3,"_2010_deaths":1533,"sa4_name_2011":"Moreton Bay - North","_2010_est_res_population":217994,"_2011_est_res_population":222270,"_2014_est_res_population":234240},"id":"abs_sa4_deaths_2010_2015.fid--4956c171_17221745285_-5de3"},{"type":"Feature","properties":{"_2013_std_death_rate":5.3,"sa4_code_2011":314,"_2015_deaths":784,"_2013_est_res_population":183079,"_2013_deaths":713,"_2012_std_death_rate":5.4,"_2011_deaths":676,"_2012_est_res_population":178438,"_2014_deaths":719,"_2015_est_res_population":193769,"_2011_std_death_rate":5.5,"_2012_deaths":684,"_2015_std_death_rate":5.1,"_2014_std_death_rate":5.1,"_2010_std_death_rate":5.6,"_2010_deaths":656,"sa4_name_2011":"Moreton Bay - South","_2010_est_res_population":168248,"_2011_est_res_population":172787,"_2014_est_res_population":188091},"id":"abs_sa4_deaths_2010_2015.fid--4956c171_17221745285_-5de2"},{"type":"Feature","properties":{"_2013_std_death_rate":7.4,"sa4_code_2011":315,"_2015_deaths":469,"_2013_est_res_population":88195,"_2013_deaths":516,"_2012_std_death_rate":8.5,"_2011_deaths":465,"_2012_est_res_population":87422,"_2014_deaths":477,"_2015_est_res_population":88232,"_2011_std_death_rate":8.9,"_2012_deaths":460,"_2015_std_death_rate":7.0,"_2014_std_death_rate":7.2,"_2010_std_death_rate":9.5,"_2010_deaths":703,"sa4_name_2011":"Queensland - Outback","_2010_est_res_population":85575,"_2011_est_res_population":86631,"_2014_est_res_population":88372},"id":"abs_sa4_deaths_2010_2015.fid--4956c171_17221745285_-5de1"},{"type":"Feature","properties":{"_2013_std_death_rate":5.1,"sa4_code_2011":316,"_2015_deaths":2619,"_2013_est_res_population":330114,"_2013_deaths":2237,"_2012_std_death_rate":5.2,"_2011_deaths":2332,"_2012_est_res_population":324394,"_2014_deaths":2540,"_2015_est_res_population":341054,"_2011_std_death_rate":5.3,"_2012_deaths":2381,"_2015_std_death_rate":5.0,"_2014_std_death_rate":5.1,"_2010_std_death_rate":5.4,"_2010_deaths":2203,"sa4_name_2011":"Sunshine Coast","_2010_est_res_population":313823,"_2011_est_res_population":318279,"_2014_est_res_population":335735},"id":"abs_sa4_deaths_2010_2015.fid--4956c171_17221745285_-5de0"},{"type":"Feature","properties":{"_2013_std_death_rate":5.9,"sa4_code_2011":317,"_2015_deaths":1103,"_2013_est_res_population":148927,"_2013_deaths":985,"_2012_std_death_rate":6.1,"_2011_deaths":1010,"_2012_est_res_population":146643,"_2014_deaths":975,"_2015_est_res_population":152245,"_2011_std_death_rate":6.2,"_2012_deaths":1035,"_2015_std_death_rate":5.6,"_2014_std_death_rate":5.6,"_2010_std_death_rate":6.5,"_2010_deaths":996,"sa4_name_2011":"Toowoomba","_2010_est_res_population":142902,"_2011_est_res_population":144258,"_2014_est_res_population":150687},"id":"abs_sa4_deaths_2010_2015.fid--4956c171_17221745285_-5ddf"},{"type":"Feature","properties":{"_2013_std_death_rate":6.3,"sa4_code_2011":318,"_2015_deaths":1439,"_2013_est_res_population":233632,"_2013_deaths":1290,"_2012_std_death_rate":6.6,"_2011_deaths":1339,"_2012_est_res_population":229302,"_2014_deaths":1340,"_2015_est_res_population":238233,"_2011_std_death_rate":6.7,"_2012_deaths":1363,"_2015_std_death_rate":5.9,"_2014_std_death_rate":6.1,"_2010_std_death_rate":6.9,"_2010_deaths":1304,"sa4_name_2011":"Townsville","_2010_est_res_population":220868,"_2011_est_res_population":224678,"_2014_est_res_population":236532},"id":"abs_sa4_deaths_2010_2015.fid--4956c171_17221745285_-5dde"},{"type":"Feature","properties":{"_2013_std_death_rate":6.0,"sa4_code_2011":319,"_2015_deaths":2637,"_2013_est_res_population":286369,"_2013_deaths":2408,"_2012_std_death_rate":6.2,"_2011_deaths":2322,"_2012_est_res_population":283925,"_2014_deaths":2619,"_2015_est_res_population":289196,"_2011_std_death_rate":6.2,"_2012_deaths":2500,"_2015_std_death_rate":6.0,"_2014_std_death_rate":6.1,"_2010_std_death_rate":6.4,"_2010_deaths":2361,"sa4_name_2011":"Wide Bay","_2010_est_res_population":277505,"_2011_est_res_population":280002,"_2014_est_res_population":288130},"id":"abs_sa4_deaths_2010_2015.fid--4956c171_17221745285_-5ddd"},{"type":"Feature","properties":{"_2013_std_death_rate":5.3,"sa4_code_2011":401,"_2015_deaths":2289,"_2013_est_res_population":292772,"_2013_deaths":2165,"_2012_std_death_rate":5.5,"_2011_deaths":2306,"_2012_est_res_population":290581,"_2014_deaths":2347,"_2015_est_res_population":298444,"_2011_std_death_rate":5.6,"_2012_deaths":2329,"_2015_std_death_rate":5.1,"_2014_std_death_rate":5.2,"_2010_std_death_rate":5.7,"_2010_deaths":2343,"sa4_name_2011":"Adelaide - Central and Hills","_2010_est_res_population":286293,"_2011_est_res_population":287515,"_2014_est_res_population":295309},"id":"abs_sa4_deaths_2010_2015.fid--4956c171_17221745285_-5ddc"},{"type":"Feature","properties":{"_2013_std_death_rate":6.2,"sa4_code_2011":402,"_2015_deaths":2982,"_2013_est_res_population":413179,"_2013_deaths":2755,"_2012_std_death_rate":6.3,"_2011_deaths":2641,"_2012_est_res_population":407674,"_2014_deaths":2872,"_2015_est_res_population":423588,"_2011_std_death_rate":6.3,"_2012_deaths":2783,"_2015_std_death_rate":6.2,"_2014_std_death_rate":6.2,"_2010_std_death_rate":6.4,"_2010_deaths":2660,"sa4_name_2011":"Adelaide - North","_2010_est_res_population":397651,"_2011_est_res_population":402307,"_2014_est_res_population":418859},"id":"abs_sa4_deaths_2010_2015.fid--4956c171_17221745285_-5ddb"},{"type":"Feature","properties":{"_2013_std_death_rate":5.2,"sa4_code_2011":403,"_2015_deaths":2662,"_2013_est_res_population":356117,"_2013_deaths":2543,"_2012_std_death_rate":5.3,"_2011_deaths":2537,"_2012_est_res_population":353535,"_2014_deaths":2714,"_2015_est_res_population":361178,"_2011_std_death_rate":5.4,"_2012_deaths":2625,"_2015_std_death_rate":5.1,"_2014_std_death_rate":5.2,"_2010_std_death_rate":5.6,"_2010_deaths":2638,"sa4_name_2011":"Adelaide - South","_2010_est_res_population":347303,"_2011_est_res_population":350017,"_2014_est_res_population":358897},"id":"abs_sa4_deaths_2010_2015.fid--4956c171_17221745285_-5dda"},{"type":"Feature","properties":{"_2013_std_death_rate":5.9,"sa4_code_2011":404,"_2015_deaths":2157,"_2013_est_res_population":229138,"_2013_deaths":2018,"_2012_std_death_rate":5.9,"_2011_deaths":2005,"_2012_est_res_population":226810,"_2014_deaths":2001,"_2015_est_res_population":233569,"_2011_std_death_rate":6.0,"_2012_deaths":2051,"_2015_std_death_rate":5.8,"_2014_std_death_rate":5.8,"_2010_std_death_rate":6.1,"_2010_deaths":1997,"sa4_name_2011":"Adelaide - West","_2010_est_res_population":221850,"_2011_est_res_population":224252,"_2014_est_res_population":231572},"id":"abs_sa4_deaths_2010_2015.fid--4956c171_17221745285_-5dd9"},{"type":"Feature","properties":{"_2013_std_death_rate":6.3,"sa4_code_2011":405,"_2015_deaths":1160,"_2013_est_res_population":109157,"_2013_deaths":1058,"_2012_std_death_rate":6.6,"_2011_deaths":1035,"_2012_est_res_population":108709,"_2014_deaths":1030,"_2015_est_res_population":109991,"_2011_std_death_rate":6.6,"_2012_deaths":1122,"_2015_std_death_rate":6.0,"_2014_std_death_rate":6.1,"_2010_std_death_rate":6.8,"_2010_deaths":1121,"sa4_name_2011":"Barossa - Yorke - Mid North","_2010_est_res_population":107733,"_2011_est_res_population":108115,"_2014_est_res_population":109767},"id":"abs_sa4_deaths_2010_2015.fid--4956c171_17221745285_-5dd8"},{"type":"Feature","properties":{"_2013_std_death_rate":6.5,"sa4_code_2011":406,"_2015_deaths":694,"_2013_est_res_population":87731,"_2013_deaths":612,"_2012_std_death_rate":6.9,"_2011_deaths":604,"_2012_est_res_population":87345,"_2014_deaths":658,"_2015_est_res_population":88107,"_2011_std_death_rate":6.9,"_2012_deaths":679,"_2015_std_death_rate":6.3,"_2014_std_death_rate":6.5,"_2010_std_death_rate":7.1,"_2010_deaths":659,"sa4_name_2011":"South Australia - Outback","_2010_est_res_population":86578,"_2011_est_res_population":86876,"_2014_est_res_population":87978},"id":"abs_sa4_deaths_2010_2015.fid--4956c171_17221745285_-5dd7"},{"type":"Feature","properties":{"_2013_std_death_rate":5.7,"sa4_code_2011":407,"_2015_deaths":1686,"_2013_est_res_population":182180,"_2013_deaths":1630,"_2012_std_death_rate":5.7,"_2011_deaths":1522,"_2012_est_res_population":181381,"_2014_deaths":1608,"_2015_est_res_population":183783,"_2011_std_death_rate":5.7,"_2012_deaths":1563,"_2015_std_death_rate":5.6,"_2014_std_death_rate":5.6,"_2010_std_death_rate":5.8,"_2010_deaths":1502,"sa4_name_2011":"South Australia - South East","_2010_est_res_population":179914,"_2011_est_res_population":180532,"_2014_est_res_population":183168},"id":"abs_sa4_deaths_2010_2015.fid--4956c171_17221745285_-5dd6"},{"type":"Feature","properties":{"_2013_std_death_rate":5.5,"sa4_code_2011":501,"_2015_deaths":1145,"_2013_est_res_population":173274,"_2013_deaths":969,"_2012_std_death_rate":5.7,"_2011_deaths":1008,"_2012_est_res_population":168524,"_2014_deaths":1119,"_2015_est_res_population":180004,"_2011_std_death_rate":5.8,"_2012_deaths":1025,"_2015_std_death_rate":5.4,"_2014_std_death_rate":5.4,"_2010_std_death_rate":5.8,"_2010_deaths":907,"sa4_name_2011":"Bunbury","_2010_est_res_population":159873,"_2011_est_res_population":163450,"_2014_est_res_population":177075},"id":"abs_sa4_deaths_2010_2015.fid--4956c171_17221745285_-5dd5"},{"type":"Feature","properties":{"_2013_std_death_rate":5.5,"sa4_code_2011":502,"_2015_deaths":803,"_2013_est_res_population":96019,"_2013_deaths":730,"_2012_std_death_rate":5.7,"_2011_deaths":699,"_2012_est_res_population":91753,"_2014_deaths":811,"_2015_est_res_population":100327,"_2011_std_death_rate":5.8,"_2012_deaths":719,"_2015_std_death_rate":5.5,"_2014_std_death_rate":5.5,"_2010_std_death_rate":6.0,"_2010_deaths":668,"sa4_name_2011":"Mandurah","_2010_est_res_population":83762,"_2011_est_res_population":87424,"_2014_est_res_population":98103},"id":"abs_sa4_deaths_2010_2015.fid--4956c171_17221745285_-5dd4"},{"type":"Feature","properties":{"_2013_std_death_rate":5.1,"sa4_code_2011":503,"_2015_deaths":1180,"_2013_est_res_population":177523,"_2013_deaths":1029,"_2012_std_death_rate":5.2,"_2011_deaths":1032,"_2012_est_res_population":172851,"_2014_deaths":1087,"_2015_est_res_population":181062,"_2011_std_death_rate":5.3,"_2012_deaths":1044,"_2015_std_death_rate":5.3,"_2014_std_death_rate":5.1,"_2010_std_death_rate":5.4,"_2010_deaths":1059,"sa4_name_2011":"Perth - Inner","_2010_est_res_population":164706,"_2011_est_res_population":167974,"_2014_est_res_population":179569},"id":"abs_sa4_deaths_2010_2015.fid--4956c171_17221745285_-5dd3"},{"type":"Feature","properties":{"_2013_std_death_rate":5.6,"sa4_code_2011":504,"_2015_deaths":1384,"_2013_est_res_population":248957,"_2013_deaths":1359,"_2012_std_death_rate":5.6,"_2011_deaths":1175,"_2012_est_res_population":241060,"_2014_deaths":1290,"_2015_est_res_population":259045,"_2011_std_death_rate":5.7,"_2012_deaths":1292,"_2015_std_death_rate":5.5,"_2014_std_death_rate":5.5,"_2010_std_death_rate":6.0,"_2010_deaths":1233,"sa4_name_2011":"Perth - North East","_2010_est_res_population":226995,"_2011_est_res_population":232384,"_2014_est_res_population":254780},"id":"abs_sa4_deaths_2010_2015.fid--4956c171_17221745285_-5dd2"},{"type":"Feature","properties":{"_2013_std_death_rate":4.9,"sa4_code_2011":505,"_2015_deaths":2735,"_2013_est_res_population":549374,"_2013_deaths":2625,"_2012_std_death_rate":5.1,"_2011_deaths":2475,"_2012_est_res_population":532568,"_2014_deaths":2636,"_2015_est_res_population":564841,"_2011_std_death_rate":5.1,"_2012_deaths":2543,"_2015_std_death_rate":4.9,"_2014_std_death_rate":4.9,"_2010_std_death_rate":5.2,"_2010_deaths":2485,"sa4_name_2011":"Perth - North West","_2010_est_res_population":498623,"_2011_est_res_population":513107,"_2014_est_res_population":558633},"id":"abs_sa4_deaths_2010_2015.fid--4956c171_17221745285_-5dd1"},{"type":"Feature","properties":{"_2013_std_death_rate":5.5,"sa4_code_2011":506,"_2015_deaths":2711,"_2013_est_res_population":494973,"_2013_deaths":2532,"_2012_std_death_rate":5.6,"_2011_deaths":2434,"_2012_est_res_population":477604,"_2014_deaths":2613,"_2015_est_res_population":514171,"_2011_std_death_rate":5.8,"_2012_deaths":2600,"_2015_std_death_rate":5.3,"_2014_std_death_rate":5.4,"_2010_std_death_rate":6.0,"_2010_deaths":2437,"sa4_name_2011":"Perth - South East","_2010_est_res_population":444822,"_2011_est_res_population":458751,"_2014_est_res_population":504905},"id":"abs_sa4_deaths_2010_2015.fid--4956c171_17221745285_-5dd0"},{"type":"Feature","properties":{"_2013_std_death_rate":5.1,"sa4_code_2011":507,"_2015_deaths":2315,"_2013_est_res_population":403159,"_2013_deaths":2165,"_2012_std_death_rate":5.3,"_2011_deaths":1996,"_2012_est_res_population":389022,"_2014_deaths":2136,"_2015_est_res_population":419747,"_2011_std_death_rate":5.4,"_2012_deaths":2091,"_2015_std_death_rate":5.0,"_2014_std_death_rate":5.1,"_2010_std_death_rate":5.7,"_2010_deaths":2091,"sa4_name_2011":"Perth - South West","_2010_est_res_population":362224,"_2011_est_res_population":373927,"_2014_est_res_population":412071},"id":"abs_sa4_deaths_2010_2015.fid--4956c171_17221745285_-5dcf"},{"type":"Feature","properties":{"_2013_std_death_rate":6.5,"sa4_code_2011":508,"_2015_deaths":1041,"_2013_est_res_population":235034,"_2013_deaths":985,"_2012_std_death_rate":6.6,"_2011_deaths":940,"_2012_est_res_population":229387,"_2014_deaths":1021,"_2015_est_res_population":233074,"_2011_std_death_rate":6.8,"_2012_deaths":985,"_2015_std_death_rate":6.2,"_2014_std_death_rate":6.3,"_2010_std_death_rate":6.9,"_2010_deaths":922,"sa4_name_2011":"Western Australia - Outback","_2010_est_res_population":217589,"_2011_est_res_population":222978,"_2014_est_res_population":234207},"id":"abs_sa4_deaths_2010_2015.fid--4956c171_17221745285_-5dce"},{"type":"Feature","properties":{"_2013_std_death_rate":5.5,"sa4_code_2011":509,"_2015_deaths":1052,"_2013_est_res_population":137074,"_2013_deaths":923,"_2012_std_death_rate":5.6,"_2011_deaths":845,"_2012_est_res_population":135225,"_2014_deaths":987,"_2015_est_res_population":137988,"_2011_std_death_rate":5.7,"_2012_deaths":959,"_2015_std_death_rate":5.5,"_2014_std_death_rate":5.6,"_2010_std_death_rate":6.0,"_2010_deaths":859,"sa4_name_2011":"Western Australia - Wheat Belt","_2010_est_res_population":132251,"_2011_est_res_population":133414,"_2014_est_res_population":137703},"id":"abs_sa4_deaths_2010_2015.fid--4956c171_17221745285_-5dcd"},{"type":"Feature","properties":{"_2013_std_death_rate":6.5,"sa4_code_2011":601,"_2015_deaths":1860,"_2013_est_res_population":217977,"_2013_deaths":1787,"_2012_std_death_rate":6.7,"_2011_deaths":1715,"_2012_est_res_population":216921,"_2014_deaths":1869,"_2015_est_res_population":220953,"_2011_std_death_rate":6.6,"_2012_deaths":1911,"_2015_std_death_rate":6.4,"_2014_std_death_rate":6.6,"_2010_std_death_rate":6.8,"_2010_deaths":1804,"sa4_name_2011":"Hobart","_2010_est_res_population":214669,"_2011_est_res_population":216273,"_2014_est_res_population":219240},"id":"abs_sa4_deaths_2010_2015.fid--4956c171_17221745285_-5dcc"},{"type":"Feature","properties":{"_2013_std_death_rate":6.5,"sa4_code_2011":602,"_2015_deaths":1341,"_2013_est_res_population":143591,"_2013_deaths":1263,"_2012_std_death_rate":6.5,"_2011_deaths":1246,"_2012_est_res_population":143469,"_2014_deaths":1280,"_2015_est_res_population":143874,"_2011_std_death_rate":6.6,"_2012_deaths":1258,"_2015_std_death_rate":6.4,"_2014_std_death_rate":6.4,"_2010_std_death_rate":6.7,"_2010_deaths":1194,"sa4_name_2011":"Launceston and North East","_2010_est_res_population":143108,"_2011_est_res_population":143631,"_2014_est_res_population":143765},"id":"abs_sa4_deaths_2010_2015.fid--4956c171_17221745285_-5dcb"},{"type":"Feature","properties":{"_2013_std_death_rate":6.4,"sa4_code_2011":603,"_2015_deaths":276,"_2013_est_res_population":37636,"_2013_deaths":311,"_2012_std_death_rate":6.1,"_2011_deaths":248,"_2012_est_res_population":37595,"_2014_deaths":329,"_2015_est_res_population":37925,"_2011_std_death_rate":6.0,"_2012_deaths":299,"_2015_std_death_rate":6.4,"_2014_std_death_rate":6.8,"_2010_std_death_rate":6.2,"_2010_deaths":249,"sa4_name_2011":"South East","_2010_est_res_population":37173,"_2011_est_res_population":37495,"_2014_est_res_population":37800},"id":"abs_sa4_deaths_2010_2015.fid--4956c171_17221745285_-5dca"},{"type":"Feature","properties":{"_2013_std_death_rate":6.7,"sa4_code_2011":604,"_2015_deaths":1148,"_2013_est_res_population":113863,"_2013_deaths":1065,"_2012_std_death_rate":6.6,"_2011_deaths":1016,"_2012_est_res_population":114121,"_2014_deaths":985,"_2015_est_res_population":113834,"_2011_std_death_rate":6.9,"_2012_deaths":965,"_2015_std_death_rate":6.7,"_2014_std_death_rate":6.5,"_2010_std_death_rate":7.0,"_2010_deaths":971,"sa4_name_2011":"West and North West","_2010_est_res_population":113897,"_2011_est_res_population":114084,"_2014_est_res_population":113921},"id":"abs_sa4_deaths_2010_2015.fid--4956c171_17221745285_-5dc9"},{"type":"Feature","properties":{"_2013_std_death_rate":6.8,"sa4_code_2011":701,"_2015_deaths":573,"_2013_est_res_population":137370,"_2013_deaths":550,"_2012_std_death_rate":6.5,"_2011_deaths":418,"_2012_est_res_population":132321,"_2014_deaths":532,"_2015_est_res_population":142258,"_2011_std_death_rate":7.0,"_2012_deaths":453,"_2015_std_death_rate":7.0,"_2014_std_death_rate":6.8,"_2010_std_death_rate":7.6,"_2010_deaths":438,"sa4_name_2011":"Darwin","_2010_est_res_population":127829,"_2011_est_res_population":129106,"_2014_est_res_population":139621},"id":"abs_sa4_deaths_2010_2015.fid--4956c171_17221745285_-5dc8"},{"type":"Feature","properties":{"_2013_std_death_rate":9.1,"sa4_code_2011":702,"_2015_deaths":560,"_2013_est_res_population":105199,"_2013_deaths":493,"_2012_std_death_rate":9.4,"_2011_deaths":514,"_2012_est_res_population":103560,"_2014_deaths":577,"_2015_est_res_population":102049,"_2011_std_death_rate":9.4,"_2012_deaths":547,"_2015_std_death_rate":9.2,"_2014_std_death_rate":9.2,"_2010_std_death_rate":9.7,"_2010_deaths":485,"sa4_name_2011":"Northern Territory - Outback","_2010_est_res_population":101949,"_2011_est_res_population":102186,"_2014_est_res_population":103747},"id":"abs_sa4_deaths_2010_2015.fid--4956c171_17221745285_-5dc7"},{"type":"Feature","properties":{"_2013_std_death_rate":5.0,"sa4_code_2011":801,"_2015_deaths":1859,"_2013_est_res_population":380914,"_2013_deaths":1700,"_2012_std_death_rate":5.2,"_2011_deaths":1700,"_2012_est_res_population":375183,"_2014_deaths":1813,"_2015_est_res_population":390706,"_2011_std_death_rate":5.4,"_2012_deaths":1706,"_2015_std_death_rate":4.9,"_2014_std_death_rate":4.9,"_2010_std_death_rate":5.6,"_2010_deaths":1679,"sa4_name_2011":"Australian Capital Territory","_2010_est_res_population":361766,"_2011_est_res_population":367985,"_2014_est_res_population":385346},"id":"abs_sa4_deaths_2010_2015.fid--4956c171_17221745285_-5dc6"}]}