{"organisation":"AU_Govt_AIHW","name":"aihw_hospital_statistics_2012_2013","title":"AIHW - National Hospital Statistics (Point) 2012-2013 ","legal":{"copyrightYear":"2017","attributionYear":"2017","attribution":"{datasource.organisationTitle}, ({dataset.attributionYear}): {dataset.title}; accessed from AURIN on {dateOfAccess}.","clickthrough":false,"licenceType":"Creative Commons Attribution 3.0 Australia (CC BY 3.0 AU)","copyrightNotice":"&copy; {datasource.organisationTitle} {dataset.copyrightYear}"},"referenceSystemIdentifier":"urn:x-ogc:def:crs:EPSG:4283","geoLevel":"NA","key":"ogc_fid","keyRegex":null,"availability":"true","geomField":"wkb_geometry","keyword":"hospital,statistics,national,health,population","theme":null,"temporalExtent":{"beginDate":"2012-01-01T00:00:00","endDate":"2013-12-31T00:00:00","selectTime":false},"type":"dataset","_id":"dataset-AU_Govt_AIHW-aihw_hospital_statistics_2012_2013-NA","bbox":null,"abstract":"This dataset presents the location and detailed overview of Australia's public and private hospitals. In 2012???13, there were about 9.4 million separations from hospitals, including: 5.2 million same-day acute separations; 3.7 million overnight acute separations; about 450,000 sub-acute and non-acute separations. There were also 7.9 million non-admitted patient emergency services and more than 46 million outpatient services provided by public hospitals.<br/><br/>\n\nFor further information about this dataset, visit the data source:\n<a href=\"https://www.aihw.gov.au/reports/hospitals/australian-hospital-statistics-2012-13/data\" target=\"_blank\">Australian Institute of Health and Welfare</a>.","selectedAttributes":[{"name":"ogc_fid","type":"Integer","title":"Unique Identifier","description":"Unique Identifier.","stype":"nominal","isDimension":false},{"name":"_2011_12_peer_group_code","type":"String","title":"2011-2012 Peer Group code","description":"2011-2012 Peer Group code.","stype":"nominal","isDimension":false},{"name":"_2011_12_peer_group_name","type":"String","title":"2011-2012 Peer Group name","description":"2011-2012 Peer Group name.","stype":"nominal","isDimension":false},{"name":"_2012_13_peer_group_code","type":"String","title":"2012-2013 Peer Group code","description":"2012-2013 Peer Group code.","stype":"nominal","isDimension":false},{"name":"_2012_13_peer_group_name","type":"String","title":"2012-2013 Peer Group name","description":"2012-2013 Peer Group name.","stype":"nominal","isDimension":false},{"name":"address_line_1","type":"String","title":"Address line 1","description":"Address line 1.","stype":"nominal","isDimension":false},{"name":"address_line_2","type":"String","title":"Address line 2","description":"Address line 2.","stype":"nominal","isDimension":false},{"name":"admissions_reported","type":"String","title":"Admissions reported","description":"Admissions reported.","stype":"ratio","isDimension":false},{"name":"elective_surgery_reported","type":"String","title":"Elective Surgery reported","description":"Elective Surgery reported.","stype":"ratio","isDimension":false},{"name":"emergency_department","type":"String","title":"Emergency Department","description":"Emergency Department.","stype":"nominal","isDimension":false},{"name":"establishment_id","type":"String","title":"Establishment ID","description":"Establishment ID.","stype":"nominal","isDimension":false},{"name":"geocode_quality","type":"String","title":"Geocode Quality","description":"Geocode Quality.","stype":"nominal","isDimension":false},{"name":"geocode_type","type":"String","title":"Geocode Type","description":"Geocode Type.","stype":"nominal","isDimension":false},{"name":"hospname","type":"String","title":"Hospital Name","description":"Hospital Name.","stype":"nominal","isDimension":false},{"name":"latitude","type":"Double","title":"Latitude","description":"Latitude.","stype":"nominal","isDimension":false},{"name":"longitude","type":"Double","title":"Longitude","description":"Longitude.","stype":"nominal","isDimension":false},{"name":"medicare_prov_number","type":"String","title":"Medicare Provider Number","description":"Medicare Provider Number.","stype":"nominal","isDimension":false},{"name":"number_of_available_beds","type":"Double","title":"Number of Available Beds","description":"Number of Available Beds.","stype":"ratio","isDimension":false},{"name":"outpatient_clinics","type":"String","title":"Outpatient Clinics","description":"Outpatient Clinics.","stype":"ratio","isDimension":false},{"name":"parent_id","type":"String","title":"Parent ID","description":"Parent ID.","stype":"nominal","isDimension":false},{"name":"remoteness_area","type":"String","title":"Remoteness Area","description":"Remoteness Area.","stype":"nominal","isDimension":false},{"name":"remoteness_area_code","type":"Integer","title":"Remoteness Area code","description":"Remoteness Area code.","stype":"nominal","isDimension":false},{"name":"state","type":"String","title":"State","description":"State.","stype":"nominal","isDimension":false},{"name":"unit","type":"String","title":"Unit","description":"Unit.","stype":"nominal","isDimension":false},{"name":"wkb_geometry","type":"Geometry","title":"Geometry field","description":"Geometry field.","stype":"nominal","isDimension":false}],"filter":{"filterType":"tabular","spatial":{"bbox":[96.816765696,-43.740509603,159.109219008,-9.142175977]},"states":[]}}