{"type":"FeatureCollection","bbox":[0.0,0.0,-1.0,-1.0],"features":[{"type":"Feature","properties":{"sa4_code16":"101","num_jobs_000_persons":170.426,"median_income_per_job_aud_persons":22352,"median_income_per_job_aud_females":19526,"sa4_name16":"Capital Region","median_income_per_job_aud_males":25942,"num_jobs_000_males":87.842,"num_jobs_000_females":82.578},"id":"abs_aus_jobs_all_employment_and_income_sa4_2015_16.101"},{"type":"Feature","properties":{"sa4_code16":"102","num_jobs_000_persons":233.212,"median_income_per_job_aud_persons":26265,"median_income_per_job_aud_females":21215,"sa4_name16":"Central Coast","median_income_per_job_aud_males":32804,"num_jobs_000_males":120.075,"num_jobs_000_females":113.135},"id":"abs_aus_jobs_all_employment_and_income_sa4_2015_16.102"},{"type":"Feature","properties":{"sa4_code16":"103","num_jobs_000_persons":151.128,"median_income_per_job_aud_persons":21487,"median_income_per_job_aud_females":18233,"sa4_name16":"Central West","median_income_per_job_aud_males":25881,"num_jobs_000_males":79.982,"num_jobs_000_females":71.146},"id":"abs_aus_jobs_all_employment_and_income_sa4_2015_16.103"},{"type":"Feature","properties":{"sa4_code16":"104","num_jobs_000_persons":95.851,"median_income_per_job_aud_persons":19025,"median_income_per_job_aud_females":16342,"sa4_name16":"Coffs Harbour - Grafton","median_income_per_job_aud_males":22036,"num_jobs_000_males":48.981,"num_jobs_000_females":46.875},"id":"abs_aus_jobs_all_employment_and_income_sa4_2015_16.104"},{"type":"Feature","properties":{"sa4_code16":"105","num_jobs_000_persons":85.399,"median_income_per_job_aud_persons":20220,"median_income_per_job_aud_females":17973,"sa4_name16":"Far West and Orana","median_income_per_job_aud_males":23150,"num_jobs_000_males":44.683,"num_jobs_000_females":40.711},"id":"abs_aus_jobs_all_employment_and_income_sa4_2015_16.105"},{"type":"Feature","properties":{"sa4_code16":"106","num_jobs_000_persons":186.945,"median_income_per_job_aud_persons":25811,"median_income_per_job_aud_females":19494,"sa4_name16":"Hunter Valley exc Newcastle","median_income_per_job_aud_males":35589,"num_jobs_000_males":99.818,"num_jobs_000_females":87.12},"id":"abs_aus_jobs_all_employment_and_income_sa4_2015_16.106"},{"type":"Feature","properties":{"sa4_code16":"107","num_jobs_000_persons":205.528,"median_income_per_job_aud_persons":28286,"median_income_per_job_aud_females":22774,"sa4_name16":"Illawarra","median_income_per_job_aud_males":35926,"num_jobs_000_males":107.474,"num_jobs_000_females":98.05},"id":"abs_aus_jobs_all_employment_and_income_sa4_2015_16.107"},{"type":"Feature","properties":{"sa4_code16":"108","num_jobs_000_persons":129.885,"median_income_per_job_aud_persons":20971,"median_income_per_job_aud_females":18363,"sa4_name16":"Mid North Coast","median_income_per_job_aud_males":24031,"num_jobs_000_males":66.383,"num_jobs_000_females":63.5},"id":"abs_aus_jobs_all_employment_and_income_sa4_2015_16.108"},{"type":"Feature","properties":{"sa4_code16":"109","num_jobs_000_persons":87.806,"median_income_per_job_aud_persons":20198,"median_income_per_job_aud_females":17170,"sa4_name16":"Murray","median_income_per_job_aud_males":24032,"num_jobs_000_males":45.57,"num_jobs_000_females":42.234},"id":"abs_aus_jobs_all_employment_and_income_sa4_2015_16.109"},{"type":"Feature","properties":{"sa4_code16":"110","num_jobs_000_persons":134.819,"median_income_per_job_aud_persons":19500,"median_income_per_job_aud_females":17003,"sa4_name16":"New England and North West","median_income_per_job_aud_males":22341,"num_jobs_000_males":71.041,"num_jobs_000_females":63.776},"id":"abs_aus_jobs_all_employment_and_income_sa4_2015_16.110"},{"type":"Feature","properties":{"sa4_code16":"111","num_jobs_000_persons":267.315,"median_income_per_job_aud_persons":27025,"median_income_per_job_aud_females":21901,"sa4_name16":"Newcastle and Lake Macquarie","median_income_per_job_aud_males":34285,"num_jobs_000_males":137.314,"num_jobs_000_females":130.003},"id":"abs_aus_jobs_all_employment_and_income_sa4_2015_16.111"},{"type":"Feature","properties":{"sa4_code16":"112","num_jobs_000_persons":174.482,"median_income_per_job_aud_persons":19393,"median_income_per_job_aud_females":16784,"sa4_name16":"Richmond - Tweed","median_income_per_job_aud_males":22484,"num_jobs_000_males":87.673,"num_jobs_000_females":86.807},"id":"abs_aus_jobs_all_employment_and_income_sa4_2015_16.112"},{"type":"Feature","properties":{"sa4_code16":"113","num_jobs_000_persons":124.384,"median_income_per_job_aud_persons":21539,"median_income_per_job_aud_females":18149,"sa4_name16":"Riverina","median_income_per_job_aud_males":26077,"num_jobs_000_males":65.058,"num_jobs_000_females":59.332},"id":"abs_aus_jobs_all_employment_and_income_sa4_2015_16.113"},{"type":"Feature","properties":{"sa4_code16":"114","num_jobs_000_persons":98.731,"median_income_per_job_aud_persons":21933,"median_income_per_job_aud_females":17900,"sa4_name16":"Southern Highlands and Shoalhaven","median_income_per_job_aud_males":27531,"num_jobs_000_males":50.171,"num_jobs_000_females":48.565},"id":"abs_aus_jobs_all_employment_and_income_sa4_2015_16.114"},{"type":"Feature","properties":{"sa4_code16":"115","num_jobs_000_persons":183.64,"median_income_per_job_aud_persons":32125,"median_income_per_job_aud_females":24990,"sa4_name16":"Sydney - Baulkham Hills and Hawkesbury","median_income_per_job_aud_males":41736,"num_jobs_000_males":93.437,"num_jobs_000_females":90.202},"id":"abs_aus_jobs_all_employment_and_income_sa4_2015_16.115"},{"type":"Feature","properties":{"sa4_code16":"116","num_jobs_000_persons":259.011,"median_income_per_job_aud_persons":29050,"median_income_per_job_aud_females":25310,"sa4_name16":"Sydney - Blacktown","median_income_per_job_aud_males":33043,"num_jobs_000_males":142.19,"num_jobs_000_females":116.823},"id":"abs_aus_jobs_all_employment_and_income_sa4_2015_16.116"},{"type":"Feature","properties":{"sa4_code16":"117","num_jobs_000_persons":355.79,"median_income_per_job_aud_persons":19950,"median_income_per_job_aud_females":17603,"sa4_name16":"Sydney - City and Inner South","median_income_per_job_aud_males":22283,"num_jobs_000_males":188.204,"num_jobs_000_females":167.58},"id":"abs_aus_jobs_all_employment_and_income_sa4_2015_16.117"},{"type":"Feature","properties":{"sa4_code16":"118","num_jobs_000_persons":257.651,"median_income_per_job_aud_persons":26000,"median_income_per_job_aud_females":21750,"sa4_name16":"Sydney - Eastern Suburbs","median_income_per_job_aud_males":31844,"num_jobs_000_males":126.245,"num_jobs_000_females":131.405},"id":"abs_aus_jobs_all_employment_and_income_sa4_2015_16.118"},{"type":"Feature","properties":{"sa4_code16":"119","num_jobs_000_persons":418.507,"median_income_per_job_aud_persons":25114,"median_income_per_job_aud_females":22644,"sa4_name16":"Sydney - Inner South West","median_income_per_job_aud_males":27434,"num_jobs_000_males":226.271,"num_jobs_000_females":192.24},"id":"abs_aus_jobs_all_employment_and_income_sa4_2015_16.119"},{"type":"Feature","properties":{"sa4_code16":"120","num_jobs_000_persons":256.015,"median_income_per_job_aud_persons":28860,"median_income_per_job_aud_females":25692,"sa4_name16":"Sydney - Inner West","median_income_per_job_aud_males":32387,"num_jobs_000_males":129.884,"num_jobs_000_females":126.132},"id":"abs_aus_jobs_all_employment_and_income_sa4_2015_16.120"},{"type":"Feature","properties":{"sa4_code16":"121","num_jobs_000_persons":339.052,"median_income_per_job_aud_persons":34197,"median_income_per_job_aud_females":26582,"sa4_name16":"Sydney - North Sydney and Hornsby","median_income_per_job_aud_males":44896,"num_jobs_000_males":167.793,"num_jobs_000_females":171.257},"id":"abs_aus_jobs_all_employment_and_income_sa4_2015_16.121"},{"type":"Feature","properties":{"sa4_code16":"122","num_jobs_000_persons":225.616,"median_income_per_job_aud_persons":28623,"median_income_per_job_aud_females":22056,"sa4_name16":"Sydney - Northern Beaches","median_income_per_job_aud_males":37865,"num_jobs_000_males":112.033,"num_jobs_000_females":113.585},"id":"abs_aus_jobs_all_employment_and_income_sa4_2015_16.122"},{"type":"Feature","properties":{"sa4_code16":"123","num_jobs_000_persons":200.001,"median_income_per_job_aud_persons":30124,"median_income_per_job_aud_females":24848,"sa4_name16":"Sydney - Outer South West","median_income_per_job_aud_males":36408,"num_jobs_000_males":107.29,"num_jobs_000_females":92.717},"id":"abs_aus_jobs_all_employment_and_income_sa4_2015_16.123"},{"type":"Feature","properties":{"sa4_code16":"124","num_jobs_000_persons":242.126,"median_income_per_job_aud_persons":29614,"median_income_per_job_aud_females":24066,"sa4_name16":"Sydney - Outer West and Blue Mountains","median_income_per_job_aud_males":36427,"num_jobs_000_males":126.5,"num_jobs_000_females":115.63},"id":"abs_aus_jobs_all_employment_and_income_sa4_2015_16.124"},{"type":"Feature","properties":{"sa4_code16":"125","num_jobs_000_persons":329.106,"median_income_per_job_aud_persons":24961,"median_income_per_job_aud_females":22432,"sa4_name16":"Sydney - Parramatta","median_income_per_job_aud_males":27007,"num_jobs_000_males":185.506,"num_jobs_000_females":143.603},"id":"abs_aus_jobs_all_employment_and_income_sa4_2015_16.125"},{"type":"Feature","properties":{"sa4_code16":"126","num_jobs_000_persons":144.391,"median_income_per_job_aud_persons":30184,"median_income_per_job_aud_females":24811,"sa4_name16":"Sydney - Ryde","median_income_per_job_aud_males":37000,"num_jobs_000_males":72.793,"num_jobs_000_females":71.599},"id":"abs_aus_jobs_all_employment_and_income_sa4_2015_16.126"},{"type":"Feature","properties":{"sa4_code16":"127","num_jobs_000_persons":265.241,"median_income_per_job_aud_persons":27786,"median_income_per_job_aud_females":24000,"sa4_name16":"Sydney - South West","median_income_per_job_aud_males":31612,"num_jobs_000_males":146.167,"num_jobs_000_females":119.07},"id":"abs_aus_jobs_all_employment_and_income_sa4_2015_16.127"},{"type":"Feature","properties":{"sa4_code16":"128","num_jobs_000_persons":179.687,"median_income_per_job_aud_persons":32725,"median_income_per_job_aud_females":25538,"sa4_name16":"Sydney - Sutherland","median_income_per_job_aud_males":42813,"num_jobs_000_males":89.638,"num_jobs_000_females":90.048},"id":"abs_aus_jobs_all_employment_and_income_sa4_2015_16.128"},{"type":"Feature","properties":{"sa4_code16":"201","num_jobs_000_persons":111.986,"median_income_per_job_aud_persons":22408,"median_income_per_job_aud_females":18262,"sa4_name16":"Ballarat","median_income_per_job_aud_males":28250,"num_jobs_000_males":56.489,"num_jobs_000_females":55.491},"id":"abs_aus_jobs_all_employment_and_income_sa4_2015_16.201"},{"type":"Feature","properties":{"sa4_code16":"202","num_jobs_000_persons":111.357,"median_income_per_job_aud_persons":21878,"median_income_per_job_aud_females":17537,"sa4_name16":"Bendigo","median_income_per_job_aud_males":28238,"num_jobs_000_males":55.516,"num_jobs_000_females":55.846},"id":"abs_aus_jobs_all_employment_and_income_sa4_2015_16.202"},{"type":"Feature","properties":{"sa4_code16":"203","num_jobs_000_persons":208.458,"median_income_per_job_aud_persons":23303,"median_income_per_job_aud_females":18658,"sa4_name16":"Geelong","median_income_per_job_aud_males":30234,"num_jobs_000_males":104.639,"num_jobs_000_females":103.816},"id":"abs_aus_jobs_all_employment_and_income_sa4_2015_16.203"},{"type":"Feature","properties":{"sa4_code16":"204","num_jobs_000_persons":132.978,"median_income_per_job_aud_persons":19999,"median_income_per_job_aud_females":15656,"sa4_name16":"Hume","median_income_per_job_aud_males":25664,"num_jobs_000_males":67.277,"num_jobs_000_females":65.708},"id":"abs_aus_jobs_all_employment_and_income_sa4_2015_16.204"},{"type":"Feature","properties":{"sa4_code16":"205","num_jobs_000_persons":194.512,"median_income_per_job_aud_persons":21263,"median_income_per_job_aud_females":16468,"sa4_name16":"Latrobe - Gippsland","median_income_per_job_aud_males":27943,"num_jobs_000_males":99.958,"num_jobs_000_females":94.554},"id":"abs_aus_jobs_all_employment_and_income_sa4_2015_16.205"},{"type":"Feature","properties":{"sa4_code16":"206","num_jobs_000_persons":593.694,"median_income_per_job_aud_persons":21837,"median_income_per_job_aud_females":19059,"sa4_name16":"Melbourne - Inner","median_income_per_job_aud_males":25463,"num_jobs_000_males":293.197,"num_jobs_000_females":300.502},"id":"abs_aus_jobs_all_employment_and_income_sa4_2015_16.206"},{"type":"Feature","properties":{"sa4_code16":"207","num_jobs_000_persons":281.906,"median_income_per_job_aud_persons":25007,"median_income_per_job_aud_females":20374,"sa4_name16":"Melbourne - Inner East","median_income_per_job_aud_males":31865,"num_jobs_000_males":139.301,"num_jobs_000_females":142.603},"id":"abs_aus_jobs_all_employment_and_income_sa4_2015_16.207"},{"type":"Feature","properties":{"sa4_code16":"208","num_jobs_000_persons":326.279,"median_income_per_job_aud_persons":28105,"median_income_per_job_aud_females":22325,"sa4_name16":"Melbourne - Inner South","median_income_per_job_aud_males":36734,"num_jobs_000_males":160.886,"num_jobs_000_females":165.392},"id":"abs_aus_jobs_all_employment_and_income_sa4_2015_16.208"},{"type":"Feature","properties":{"sa4_code16":"209","num_jobs_000_persons":376.435,"median_income_per_job_aud_persons":26796,"median_income_per_job_aud_females":21733,"sa4_name16":"Melbourne - North East","median_income_per_job_aud_males":33516,"num_jobs_000_males":193.307,"num_jobs_000_females":183.13},"id":"abs_aus_jobs_all_employment_and_income_sa4_2015_16.209"},{"type":"Feature","properties":{"sa4_code16":"210","num_jobs_000_persons":257.017,"median_income_per_job_aud_persons":26260,"median_income_per_job_aud_females":22271,"sa4_name16":"Melbourne - North West","median_income_per_job_aud_males":31123,"num_jobs_000_males":137.68,"num_jobs_000_females":119.338},"id":"abs_aus_jobs_all_employment_and_income_sa4_2015_16.210"},{"type":"Feature","properties":{"sa4_code16":"211","num_jobs_000_persons":398.205,"median_income_per_job_aud_persons":26912,"median_income_per_job_aud_females":20712,"sa4_name16":"Melbourne - Outer East","median_income_per_job_aud_males":36016,"num_jobs_000_males":199.547,"num_jobs_000_females":198.66},"id":"abs_aus_jobs_all_employment_and_income_sa4_2015_16.211"},{"type":"Feature","properties":{"sa4_code16":"212","num_jobs_000_persons":557.997,"median_income_per_job_aud_persons":24792,"median_income_per_job_aud_females":20500,"sa4_name16":"Melbourne - South East","median_income_per_job_aud_males":29761,"num_jobs_000_males":300.424,"num_jobs_000_females":257.572},"id":"abs_aus_jobs_all_employment_and_income_sa4_2015_16.212"},{"type":"Feature","properties":{"sa4_code16":"213","num_jobs_000_persons":547.989,"median_income_per_job_aud_persons":26151,"median_income_per_job_aud_females":21899,"sa4_name16":"Melbourne - West","median_income_per_job_aud_males":31200,"num_jobs_000_males":296.948,"num_jobs_000_females":251.036},"id":"abs_aus_jobs_all_employment_and_income_sa4_2015_16.213"},{"type":"Feature","properties":{"sa4_code16":"214","num_jobs_000_persons":216.142,"median_income_per_job_aud_persons":25092,"median_income_per_job_aud_females":19538,"sa4_name16":"Mornington Peninsula","median_income_per_job_aud_males":33446,"num_jobs_000_males":108.085,"num_jobs_000_females":108.056},"id":"abs_aus_jobs_all_employment_and_income_sa4_2015_16.214"},{"type":"Feature","properties":{"sa4_code16":"215","num_jobs_000_persons":115.515,"median_income_per_job_aud_persons":16487,"median_income_per_job_aud_females":14300,"sa4_name16":"North West","median_income_per_job_aud_males":19186,"num_jobs_000_males":59.727,"num_jobs_000_females":55.787},"id":"abs_aus_jobs_all_employment_and_income_sa4_2015_16.215"},{"type":"Feature","properties":{"sa4_code16":"216","num_jobs_000_persons":100.144,"median_income_per_job_aud_persons":19096,"median_income_per_job_aud_females":15505,"sa4_name16":"Shepparton","median_income_per_job_aud_males":23336,"num_jobs_000_males":51.06,"num_jobs_000_females":49.084},"id":"abs_aus_jobs_all_employment_and_income_sa4_2015_16.216"},{"type":"Feature","properties":{"sa4_code16":"217","num_jobs_000_persons":102.193,"median_income_per_job_aud_persons":17969,"median_income_per_job_aud_females":14432,"sa4_name16":"Warrnambool and South West","median_income_per_job_aud_males":22460,"num_jobs_000_males":52.498,"num_jobs_000_females":49.694},"id":"abs_aus_jobs_all_employment_and_income_sa4_2015_16.217"},{"type":"Feature","properties":{"sa4_code16":"301","num_jobs_000_persons":178.829,"median_income_per_job_aud_persons":28650,"median_income_per_job_aud_females":23494,"sa4_name16":"Brisbane - East","median_income_per_job_aud_males":35767,"num_jobs_000_males":91.691,"num_jobs_000_females":87.141},"id":"abs_aus_jobs_all_employment_and_income_sa4_2015_16.301"},{"type":"Feature","properties":{"sa4_code16":"302","num_jobs_000_persons":172.914,"median_income_per_job_aud_persons":29848,"median_income_per_job_aud_females":25570,"sa4_name16":"Brisbane - North","median_income_per_job_aud_males":35281,"num_jobs_000_males":88.437,"num_jobs_000_females":84.478},"id":"abs_aus_jobs_all_employment_and_income_sa4_2015_16.302"},{"type":"Feature","properties":{"sa4_code16":"303","num_jobs_000_persons":288.102,"median_income_per_job_aud_persons":23825,"median_income_per_job_aud_females":21058,"sa4_name16":"Brisbane - South","median_income_per_job_aud_males":26938,"num_jobs_000_males":149.159,"num_jobs_000_females":138.942},"id":"abs_aus_jobs_all_employment_and_income_sa4_2015_16.303"},{"type":"Feature","properties":{"sa4_code16":"304","num_jobs_000_persons":143.643,"median_income_per_job_aud_persons":28272,"median_income_per_job_aud_females":21783,"sa4_name16":"Brisbane - West","median_income_per_job_aud_males":37934,"num_jobs_000_males":71.858,"num_jobs_000_females":71.786},"id":"abs_aus_jobs_all_employment_and_income_sa4_2015_16.304"},{"type":"Feature","properties":{"sa4_code16":"305","num_jobs_000_persons":255.755,"median_income_per_job_aud_persons":22834,"median_income_per_job_aud_females":19415,"sa4_name16":"Brisbane Inner City","median_income_per_job_aud_males":27148,"num_jobs_000_males":130.31,"num_jobs_000_females":125.445},"id":"abs_aus_jobs_all_employment_and_income_sa4_2015_16.305"},{"type":"Feature","properties":{"sa4_code16":"306","num_jobs_000_persons":210.553,"median_income_per_job_aud_persons":18151,"median_income_per_job_aud_females":16073,"sa4_name16":"Cairns","median_income_per_job_aud_males":20452,"num_jobs_000_males":109.486,"num_jobs_000_females":101.062},"id":"abs_aus_jobs_all_employment_and_income_sa4_2015_16.306"},{"type":"Feature","properties":{"sa4_code16":"307","num_jobs_000_persons":103.704,"median_income_per_job_aud_persons":17160,"median_income_per_job_aud_females":14205,"sa4_name16":"Darling Downs - Maranoa","median_income_per_job_aud_males":20270,"num_jobs_000_males":56.044,"num_jobs_000_females":47.659},"id":"abs_aus_jobs_all_employment_and_income_sa4_2015_16.307"},{"type":"Feature","properties":{"sa4_code16":"308","num_jobs_000_persons":171.317,"median_income_per_job_aud_persons":27178,"median_income_per_job_aud_females":19852,"sa4_name16":"Central Queensland","median_income_per_job_aud_males":37499,"num_jobs_000_males":94.656,"num_jobs_000_females":76.661},"id":"abs_aus_jobs_all_employment_and_income_sa4_2015_16.308"},{"type":"Feature","properties":{"sa4_code16":"309","num_jobs_000_persons":467.174,"median_income_per_job_aud_persons":21285,"median_income_per_job_aud_females":18445,"sa4_name16":"Gold Coast","median_income_per_job_aud_males":25193,"num_jobs_000_males":238.694,"num_jobs_000_females":228.477},"id":"abs_aus_jobs_all_employment_and_income_sa4_2015_16.309"},{"type":"Feature","properties":{"sa4_code16":"310","num_jobs_000_persons":232.261,"median_income_per_job_aud_persons":25558,"median_income_per_job_aud_females":21658,"sa4_name16":"Ipswich","median_income_per_job_aud_males":30283,"num_jobs_000_males":125.423,"num_jobs_000_females":106.841},"id":"abs_aus_jobs_all_employment_and_income_sa4_2015_16.310"},{"type":"Feature","properties":{"sa4_code16":"311","num_jobs_000_persons":235.403,"median_income_per_job_aud_persons":25868,"median_income_per_job_aud_females":22500,"sa4_name16":"Logan - Beaudesert","median_income_per_job_aud_males":29491,"num_jobs_000_males":129.061,"num_jobs_000_females":106.338},"id":"abs_aus_jobs_all_employment_and_income_sa4_2015_16.311"},{"type":"Feature","properties":{"sa4_code16":"312","num_jobs_000_persons":140.317,"median_income_per_job_aud_persons":25410,"median_income_per_job_aud_females":18598,"sa4_name16":"Mackay - Isaac - Whitsunday","median_income_per_job_aud_males":34954,"num_jobs_000_males":77.873,"num_jobs_000_females":62.441},"id":"abs_aus_jobs_all_employment_and_income_sa4_2015_16.312"},{"type":"Feature","properties":{"sa4_code16":"313","num_jobs_000_persons":165.254,"median_income_per_job_aud_persons":23169,"median_income_per_job_aud_females":19504,"sa4_name16":"Moreton Bay - North","median_income_per_job_aud_males":27545,"num_jobs_000_males":87.515,"num_jobs_000_females":77.735},"id":"abs_aus_jobs_all_employment_and_income_sa4_2015_16.313"},{"type":"Feature","properties":{"sa4_code16":"314","num_jobs_000_persons":155.092,"median_income_per_job_aud_persons":29956,"median_income_per_job_aud_females":23928,"sa4_name16":"Moreton Bay - South","median_income_per_job_aud_males":38141,"num_jobs_000_males":80.036,"num_jobs_000_females":75.058},"id":"abs_aus_jobs_all_employment_and_income_sa4_2015_16.314"},{"type":"Feature","properties":{"sa4_code16":"315","num_jobs_000_persons":57.52,"median_income_per_job_aud_persons":21800,"median_income_per_job_aud_females":17154,"sa4_name16":"Queensland - Outback","median_income_per_job_aud_males":28014,"num_jobs_000_males":30.225,"num_jobs_000_females":27.299},"id":"abs_aus_jobs_all_employment_and_income_sa4_2015_16.315"},{"type":"Feature","properties":{"sa4_code16":"316","num_jobs_000_persons":265.741,"median_income_per_job_aud_persons":20354,"median_income_per_job_aud_females":17070,"sa4_name16":"Sunshine Coast","median_income_per_job_aud_males":25000,"num_jobs_000_males":134.675,"num_jobs_000_females":131.068},"id":"abs_aus_jobs_all_employment_and_income_sa4_2015_16.316"},{"type":"Feature","properties":{"sa4_code16":"317","num_jobs_000_persons":117.063,"median_income_per_job_aud_persons":22000,"median_income_per_job_aud_females":18727,"sa4_name16":"Toowoomba","median_income_per_job_aud_males":26543,"num_jobs_000_males":60.759,"num_jobs_000_females":56.301},"id":"abs_aus_jobs_all_employment_and_income_sa4_2015_16.317"},{"type":"Feature","properties":{"sa4_code16":"318","num_jobs_000_persons":182.599,"median_income_per_job_aud_persons":25634,"median_income_per_job_aud_females":21146,"sa4_name16":"Townsville","median_income_per_job_aud_males":31598,"num_jobs_000_males":96.296,"num_jobs_000_females":86.307},"id":"abs_aus_jobs_all_employment_and_income_sa4_2015_16.318"},{"type":"Feature","properties":{"sa4_code16":"319","num_jobs_000_persons":185.178,"median_income_per_job_aud_persons":18347,"median_income_per_job_aud_females":16200,"sa4_name16":"Wide Bay","median_income_per_job_aud_males":20717,"num_jobs_000_males":97.96,"num_jobs_000_females":87.217},"id":"abs_aus_jobs_all_employment_and_income_sa4_2015_16.319"},{"type":"Feature","properties":{"sa4_code16":"401","num_jobs_000_persons":227.238,"median_income_per_job_aud_persons":25700,"median_income_per_job_aud_females":21148,"sa4_name16":"Adelaide - Central and Hills","median_income_per_job_aud_males":31821,"num_jobs_000_males":112.847,"num_jobs_000_females":114.393},"id":"abs_aus_jobs_all_employment_and_income_sa4_2015_16.401"},{"type":"Feature","properties":{"sa4_code16":"402","num_jobs_000_persons":282.601,"median_income_per_job_aud_persons":28244,"median_income_per_job_aud_females":23532,"sa4_name16":"Adelaide - North","median_income_per_job_aud_males":34477,"num_jobs_000_males":149.166,"num_jobs_000_females":133.438},"id":"abs_aus_jobs_all_employment_and_income_sa4_2015_16.402"},{"type":"Feature","properties":{"sa4_code16":"403","num_jobs_000_persons":260.81,"median_income_per_job_aud_persons":27723,"median_income_per_job_aud_females":23262,"sa4_name16":"Adelaide - South","median_income_per_job_aud_males":34066,"num_jobs_000_males":130.48,"num_jobs_000_females":130.331},"id":"abs_aus_jobs_all_employment_and_income_sa4_2015_16.403"},{"type":"Feature","properties":{"sa4_code16":"404","num_jobs_000_persons":168.659,"median_income_per_job_aud_persons":26479,"median_income_per_job_aud_females":23120,"sa4_name16":"Adelaide - West","median_income_per_job_aud_males":30750,"num_jobs_000_males":86.15,"num_jobs_000_females":82.511},"id":"abs_aus_jobs_all_employment_and_income_sa4_2015_16.404"},{"type":"Feature","properties":{"sa4_code16":"405","num_jobs_000_persons":75.852,"median_income_per_job_aud_persons":21239,"median_income_per_job_aud_females":17881,"sa4_name16":"Barossa - Yorke - Mid North","median_income_per_job_aud_males":26014,"num_jobs_000_males":39.983,"num_jobs_000_females":35.868},"id":"abs_aus_jobs_all_employment_and_income_sa4_2015_16.405"},{"type":"Feature","properties":{"sa4_code16":"406","num_jobs_000_persons":57.949,"median_income_per_job_aud_persons":24129,"median_income_per_job_aud_females":19422,"sa4_name16":"South Australia - Outback","median_income_per_job_aud_males":30799,"num_jobs_000_males":31.272,"num_jobs_000_females":26.677},"id":"abs_aus_jobs_all_employment_and_income_sa4_2015_16.406"},{"type":"Feature","properties":{"sa4_code16":"407","num_jobs_000_persons":136.5,"median_income_per_job_aud_persons":18239,"median_income_per_job_aud_females":15523,"sa4_name16":"South Australia - South East","median_income_per_job_aud_males":21435,"num_jobs_000_males":72.036,"num_jobs_000_females":64.459},"id":"abs_aus_jobs_all_employment_and_income_sa4_2015_16.407"},{"type":"Feature","properties":{"sa4_code16":"501","num_jobs_000_persons":148.192,"median_income_per_job_aud_persons":20723,"median_income_per_job_aud_females":15090,"sa4_name16":"Bunbury","median_income_per_job_aud_males":29099,"num_jobs_000_males":78.966,"num_jobs_000_females":69.224},"id":"abs_aus_jobs_all_employment_and_income_sa4_2015_16.501"},{"type":"Feature","properties":{"sa4_code16":"502","num_jobs_000_persons":69.353,"median_income_per_job_aud_persons":26078,"median_income_per_job_aud_females":18608,"sa4_name16":"Mandurah","median_income_per_job_aud_males":36420,"num_jobs_000_males":37.873,"num_jobs_000_females":31.48},"id":"abs_aus_jobs_all_employment_and_income_sa4_2015_16.502"},{"type":"Feature","properties":{"sa4_code16":"503","num_jobs_000_persons":168.953,"median_income_per_job_aud_persons":22912,"median_income_per_job_aud_females":18123,"sa4_name16":"Perth - Inner","median_income_per_job_aud_males":29250,"num_jobs_000_males":89.902,"num_jobs_000_females":79.048},"id":"abs_aus_jobs_all_employment_and_income_sa4_2015_16.503"},{"type":"Feature","properties":{"sa4_code16":"504","num_jobs_000_persons":207.394,"median_income_per_job_aud_persons":29282,"median_income_per_job_aud_females":23562,"sa4_name16":"Perth - North East","median_income_per_job_aud_males":36612,"num_jobs_000_males":111.305,"num_jobs_000_females":96.087},"id":"abs_aus_jobs_all_employment_and_income_sa4_2015_16.504"},{"type":"Feature","properties":{"sa4_code16":"505","num_jobs_000_persons":455.822,"median_income_per_job_aud_persons":28313,"median_income_per_job_aud_females":22116,"sa4_name16":"Perth - North West","median_income_per_job_aud_males":36407,"num_jobs_000_males":239.673,"num_jobs_000_females":216.148},"id":"abs_aus_jobs_all_employment_and_income_sa4_2015_16.505"},{"type":"Feature","properties":{"sa4_code16":"506","num_jobs_000_persons":408.846,"median_income_per_job_aud_persons":26344,"median_income_per_job_aud_females":21742,"sa4_name16":"Perth - South East","median_income_per_job_aud_males":31765,"num_jobs_000_males":226.227,"num_jobs_000_females":182.618},"id":"abs_aus_jobs_all_employment_and_income_sa4_2015_16.506"},{"type":"Feature","properties":{"sa4_code16":"507","num_jobs_000_persons":336.191,"median_income_per_job_aud_persons":28360,"median_income_per_job_aud_females":21450,"sa4_name16":"Perth - South West","median_income_per_job_aud_males":37914,"num_jobs_000_males":180.951,"num_jobs_000_females":155.241},"id":"abs_aus_jobs_all_employment_and_income_sa4_2015_16.507"},{"type":"Feature","properties":{"sa4_code16":"509","num_jobs_000_persons":109.967,"median_income_per_job_aud_persons":19872,"median_income_per_job_aud_females":15856,"sa4_name16":"Western Australia - Wheat Belt","median_income_per_job_aud_males":24895,"num_jobs_000_males":58.287,"num_jobs_000_females":51.68},"id":"abs_aus_jobs_all_employment_and_income_sa4_2015_16.509"},{"type":"Feature","properties":{"sa4_code16":"510","num_jobs_000_persons":73.208,"median_income_per_job_aud_persons":24599,"median_income_per_job_aud_females":16871,"sa4_name16":"Western Australia - Outback (North)","median_income_per_job_aud_males":35869,"num_jobs_000_males":39.755,"num_jobs_000_females":33.451},"id":"abs_aus_jobs_all_employment_and_income_sa4_2015_16.510"},{"type":"Feature","properties":{"sa4_code16":"511","num_jobs_000_persons":96.953,"median_income_per_job_aud_persons":24508,"median_income_per_job_aud_females":17436,"sa4_name16":"Western Australia - Outback (South)","median_income_per_job_aud_males":33809,"num_jobs_000_males":52.713,"num_jobs_000_females":44.234},"id":"abs_aus_jobs_all_employment_and_income_sa4_2015_16.511"},{"type":"Feature","properties":{"sa4_code16":"601","num_jobs_000_persons":166.92,"median_income_per_job_aud_persons":25031,"median_income_per_job_aud_females":21317,"sa4_name16":"Hobart","median_income_per_job_aud_males":30246,"num_jobs_000_males":82.857,"num_jobs_000_females":84.071},"id":"abs_aus_jobs_all_employment_and_income_sa4_2015_16.601"},{"type":"Feature","properties":{"sa4_code16":"602","num_jobs_000_persons":101.102,"median_income_per_job_aud_persons":21664,"median_income_per_job_aud_females":18322,"sa4_name16":"Launceston and North East","median_income_per_job_aud_males":26632,"num_jobs_000_males":51.96,"num_jobs_000_females":49.146},"id":"abs_aus_jobs_all_employment_and_income_sa4_2015_16.602"},{"type":"Feature","properties":{"sa4_code16":"603","num_jobs_000_persons":27.448,"median_income_per_job_aud_persons":16988,"median_income_per_job_aud_females":14192,"sa4_name16":"South East","median_income_per_job_aud_males":20000,"num_jobs_000_males":14.582,"num_jobs_000_females":12.868},"id":"abs_aus_jobs_all_employment_and_income_sa4_2015_16.603"},{"type":"Feature","properties":{"sa4_code16":"604","num_jobs_000_persons":78.729,"median_income_per_job_aud_persons":21936,"median_income_per_job_aud_females":17758,"sa4_name16":"West and North West","median_income_per_job_aud_males":28094,"num_jobs_000_males":41.099,"num_jobs_000_females":37.637},"id":"abs_aus_jobs_all_employment_and_income_sa4_2015_16.604"},{"type":"Feature","properties":{"sa4_code16":"701","num_jobs_000_persons":145.774,"median_income_per_job_aud_persons":25704,"median_income_per_job_aud_females":20500,"sa4_name16":"Darwin","median_income_per_job_aud_males":31918,"num_jobs_000_males":78.961,"num_jobs_000_females":66.813},"id":"abs_aus_jobs_all_employment_and_income_sa4_2015_16.701"},{"type":"Feature","properties":{"sa4_code16":"702","num_jobs_000_persons":57.26,"median_income_per_job_aud_persons":18381,"median_income_per_job_aud_females":16125,"sa4_name16":"Northern Territory - Outback","median_income_per_job_aud_males":20928,"num_jobs_000_males":29.207,"num_jobs_000_females":28.061},"id":"abs_aus_jobs_all_employment_and_income_sa4_2015_16.702"},{"type":"Feature","properties":{"sa4_code16":"801","num_jobs_000_persons":336.578,"median_income_per_job_aud_persons":34477,"median_income_per_job_aud_females":29794,"sa4_name16":"Australian Capital Territory","median_income_per_job_aud_males":40137,"num_jobs_000_males":169.291,"num_jobs_000_females":167.283},"id":"abs_aus_jobs_all_employment_and_income_sa4_2015_16.801"}]}