{"type":"FeatureCollection","bbox":[0.0,0.0,-1.0,-1.0],"features":[{"type":"Feature","properties":{"sa4_code16":"107","est_res_pop_ur_erp_30_jun_p_tot_num":311193,"regional_mig_ovs_mig_arrivals_num":4393,"yr":"2018","sa4_name16":"Illawarra","ogc_fid":8,"regional_mig_internal_mig_net_mig_num":434,"regional_mig_ovs_mig_departures_num":1926,"regional_mig_internal_mig_arrivals_num":12301,"regional_mig_internal_mig_departures_num":11867,"pop_density_pop_density_p_p_km2":202.2,"regional_mig_ovs_mig_net_mig_num":2467},"id":"abs_data_by_region_pop_and_people_asgs_sa4_2011_2018.8"},{"type":"Feature","properties":{"sa4_code16":"113","est_res_pop_ur_erp_30_jun_p_tot_num":161100,"regional_mig_ovs_mig_arrivals_num":1530,"yr":"2018","sa4_name16":"Riverina","ogc_fid":16,"regional_mig_internal_mig_net_mig_num":-881,"regional_mig_ovs_mig_departures_num":654,"regional_mig_internal_mig_arrivals_num":8061,"regional_mig_internal_mig_departures_num":8942,"pop_density_pop_density_p_p_km2":2.8,"regional_mig_ovs_mig_net_mig_num":876},"id":"abs_data_by_region_pop_and_people_asgs_sa4_2011_2018.16"},{"type":"Feature","properties":{"sa4_code16":"204","est_res_pop_ur_erp_30_jun_p_tot_num":176671,"regional_mig_ovs_mig_arrivals_num":1180,"yr":"2018","sa4_name16":"Hume","ogc_fid":24,"regional_mig_internal_mig_net_mig_num":1065,"regional_mig_ovs_mig_departures_num":445,"regional_mig_internal_mig_arrivals_num":11623,"regional_mig_internal_mig_departures_num":10558,"pop_density_pop_density_p_p_km2":5.2,"regional_mig_ovs_mig_net_mig_num":735},"id":"abs_data_by_region_pop_and_people_asgs_sa4_2011_2018.24"},{"type":"Feature","properties":{"sa4_code16":"505","est_res_pop_ur_erp_30_jun_p_tot_num":565750,"regional_mig_ovs_mig_arrivals_num":9818,"yr":"2018","sa4_name16":"Perth - North West","ogc_fid":32,"regional_mig_internal_mig_net_mig_num":-2900,"regional_mig_ovs_mig_departures_num":6903,"regional_mig_internal_mig_arrivals_num":23389,"regional_mig_internal_mig_departures_num":26289,"pop_density_pop_density_p_p_km2":640.0,"regional_mig_ovs_mig_net_mig_num":2915},"id":"abs_data_by_region_pop_and_people_asgs_sa4_2011_2018.32"},{"type":"Feature","properties":{"sa4_code16":"801","est_res_pop_ur_erp_30_jun_p_tot_num":420960,"regional_mig_ovs_mig_arrivals_num":10920,"yr":"2018","sa4_name16":"Australian Capital Territory","ogc_fid":40,"regional_mig_internal_mig_net_mig_num":558,"regional_mig_ovs_mig_departures_num":6125,"regional_mig_internal_mig_arrivals_num":22161,"regional_mig_internal_mig_departures_num":21603,"pop_density_pop_density_p_p_km2":178.5,"regional_mig_ovs_mig_net_mig_num":4795},"id":"abs_data_by_region_pop_and_people_asgs_sa4_2011_2018.40"},{"type":"Feature","properties":{"sa4_code16":"205","est_res_pop_ur_erp_30_jun_p_tot_num":283039,"regional_mig_ovs_mig_arrivals_num":1355,"yr":"2018","sa4_name16":"Latrobe - Gippsland","ogc_fid":48,"regional_mig_internal_mig_net_mig_num":2466,"regional_mig_ovs_mig_departures_num":505,"regional_mig_internal_mig_arrivals_num":15229,"regional_mig_internal_mig_departures_num":12763,"pop_density_pop_density_p_p_km2":6.8,"regional_mig_ovs_mig_net_mig_num":850},"id":"abs_data_by_region_pop_and_people_asgs_sa4_2011_2018.48"},{"type":"Feature","properties":{"sa4_code16":"207","est_res_pop_ur_erp_30_jun_p_tot_num":391068,"regional_mig_ovs_mig_arrivals_num":15601,"yr":"2018","sa4_name16":"Melbourne - Inner East","ogc_fid":56,"regional_mig_internal_mig_net_mig_num":-3280,"regional_mig_ovs_mig_departures_num":8134,"regional_mig_internal_mig_arrivals_num":21990,"regional_mig_internal_mig_departures_num":25270,"pop_density_pop_density_p_p_km2":2665.0,"regional_mig_ovs_mig_net_mig_num":7467},"id":"abs_data_by_region_pop_and_people_asgs_sa4_2011_2018.56"},{"type":"Feature","properties":{"sa4_code16":"217","est_res_pop_ur_erp_30_jun_p_tot_num":125064,"regional_mig_ovs_mig_arrivals_num":923,"yr":"2018","sa4_name16":"Warrnambool and South West","ogc_fid":64,"regional_mig_internal_mig_net_mig_num":-421,"regional_mig_ovs_mig_departures_num":344,"regional_mig_internal_mig_arrivals_num":5618,"regional_mig_internal_mig_departures_num":6039,"pop_density_pop_density_p_p_km2":4.7,"regional_mig_ovs_mig_net_mig_num":579},"id":"abs_data_by_region_pop_and_people_asgs_sa4_2011_2018.64"},{"type":"Feature","properties":{"sa4_code16":"303","est_res_pop_ur_erp_30_jun_p_tot_num":370055,"regional_mig_ovs_mig_arrivals_num":12778,"yr":"2018","sa4_name16":"Brisbane - South","ogc_fid":72,"regional_mig_internal_mig_net_mig_num":-965,"regional_mig_ovs_mig_departures_num":8279,"regional_mig_internal_mig_arrivals_num":27015,"regional_mig_internal_mig_departures_num":27980,"pop_density_pop_density_p_p_km2":1394.6,"regional_mig_ovs_mig_net_mig_num":4499},"id":"abs_data_by_region_pop_and_people_asgs_sa4_2011_2018.72"},{"type":"Feature","properties":{"sa4_code16":"304","est_res_pop_ur_erp_30_jun_p_tot_num":191399,"regional_mig_ovs_mig_arrivals_num":5952,"yr":"2018","sa4_name16":"Brisbane - West","ogc_fid":80,"regional_mig_internal_mig_net_mig_num":-29,"regional_mig_ovs_mig_departures_num":4647,"regional_mig_internal_mig_arrivals_num":15952,"regional_mig_internal_mig_departures_num":15981,"pop_density_pop_density_p_p_km2":709.8,"regional_mig_ovs_mig_net_mig_num":1305},"id":"abs_data_by_region_pop_and_people_asgs_sa4_2011_2018.80"},{"type":"Feature","properties":{"sa4_code16":"310","est_res_pop_ur_erp_30_jun_p_tot_num":351793,"regional_mig_ovs_mig_arrivals_num":3936,"yr":"2018","sa4_name16":"Ipswich","ogc_fid":88,"regional_mig_internal_mig_net_mig_num":4316,"regional_mig_ovs_mig_departures_num":2488,"regional_mig_internal_mig_arrivals_num":25374,"regional_mig_internal_mig_departures_num":21058,"pop_density_pop_density_p_p_km2":52.7,"regional_mig_ovs_mig_net_mig_num":1448},"id":"abs_data_by_region_pop_and_people_asgs_sa4_2011_2018.88"},{"type":"Feature","properties":{"sa4_code16":"312","est_res_pop_ur_erp_30_jun_p_tot_num":172523,"regional_mig_ovs_mig_arrivals_num":1548,"yr":"2018","sa4_name16":"Mackay - Isaac - Whitsunday","ogc_fid":96,"regional_mig_internal_mig_net_mig_num":-1950,"regional_mig_ovs_mig_departures_num":975,"regional_mig_internal_mig_arrivals_num":9644,"regional_mig_internal_mig_departures_num":11594,"pop_density_pop_density_p_p_km2":1.9,"regional_mig_ovs_mig_net_mig_num":573},"id":"abs_data_by_region_pop_and_people_asgs_sa4_2011_2018.96"},{"type":"Feature","properties":{"sa4_code16":"602","est_res_pop_ur_erp_30_jun_p_tot_num":145033,"regional_mig_ovs_mig_arrivals_num":1284,"yr":"2018","sa4_name16":"Launceston and North East","ogc_fid":104,"regional_mig_internal_mig_net_mig_num":369,"regional_mig_ovs_mig_departures_num":550,"regional_mig_internal_mig_arrivals_num":5751,"regional_mig_internal_mig_departures_num":5382,"pop_density_pop_density_p_p_km2":7.3,"regional_mig_ovs_mig_net_mig_num":734},"id":"abs_data_by_region_pop_and_people_asgs_sa4_2011_2018.104"},{"type":"Feature","properties":{"sa4_code16":"103","est_res_pop_ur_erp_30_jun_p_tot_num":212648,"regional_mig_ovs_mig_arrivals_num":1014,"yr":"2018","sa4_name16":"Central West","ogc_fid":112,"regional_mig_internal_mig_net_mig_num":-104,"regional_mig_ovs_mig_departures_num":438,"regional_mig_internal_mig_arrivals_num":10830,"regional_mig_internal_mig_departures_num":10934,"pop_density_pop_density_p_p_km2":3.0,"regional_mig_ovs_mig_net_mig_num":576},"id":"abs_data_by_region_pop_and_people_asgs_sa4_2011_2018.112"},{"type":"Feature","properties":{"sa4_code16":"104","est_res_pop_ur_erp_30_jun_p_tot_num":141212,"regional_mig_ovs_mig_arrivals_num":1139,"yr":"2018","sa4_name16":"Coffs Harbour - Grafton","ogc_fid":120,"regional_mig_internal_mig_net_mig_num":158,"regional_mig_ovs_mig_departures_num":490,"regional_mig_internal_mig_arrivals_num":8429,"regional_mig_internal_mig_departures_num":8271,"pop_density_pop_density_p_p_km2":10.7,"regional_mig_ovs_mig_net_mig_num":649},"id":"abs_data_by_region_pop_and_people_asgs_sa4_2011_2018.120"},{"type":"Feature","properties":{"sa4_code16":"114","est_res_pop_ur_erp_30_jun_p_tot_num":154687,"regional_mig_ovs_mig_arrivals_num":1101,"yr":"2018","sa4_name16":"Southern Highlands and Shoalhaven","ogc_fid":128,"regional_mig_internal_mig_net_mig_num":1457,"regional_mig_ovs_mig_departures_num":483,"regional_mig_internal_mig_arrivals_num":10712,"regional_mig_internal_mig_departures_num":9255,"pop_density_pop_density_p_p_km2":23.1,"regional_mig_ovs_mig_net_mig_num":618},"id":"abs_data_by_region_pop_and_people_asgs_sa4_2011_2018.128"},{"type":"Feature","properties":{"sa4_code16":"117","est_res_pop_ur_erp_30_jun_p_tot_num":359302,"regional_mig_ovs_mig_arrivals_num":28419,"yr":"2018","sa4_name16":"Sydney - City and Inner South","ogc_fid":136,"regional_mig_internal_mig_net_mig_num":-3087,"regional_mig_ovs_mig_departures_num":17855,"regional_mig_internal_mig_arrivals_num":25680,"regional_mig_internal_mig_departures_num":28767,"pop_density_pop_density_p_p_km2":5482.9,"regional_mig_ovs_mig_net_mig_num":10564},"id":"abs_data_by_region_pop_and_people_asgs_sa4_2011_2018.136"},{"type":"Feature","properties":{"sa4_code16":"201","est_res_pop_ur_erp_30_jun_p_tot_num":164786,"regional_mig_ovs_mig_arrivals_num":1041,"yr":"2018","sa4_name16":"Ballarat","ogc_fid":144,"regional_mig_internal_mig_net_mig_num":1236,"regional_mig_ovs_mig_departures_num":393,"regional_mig_internal_mig_arrivals_num":8730,"regional_mig_internal_mig_departures_num":7494,"pop_density_pop_density_p_p_km2":16.0,"regional_mig_ovs_mig_net_mig_num":648},"id":"abs_data_by_region_pop_and_people_asgs_sa4_2011_2018.144"},{"type":"Feature","properties":{"sa4_code16":"302","est_res_pop_ur_erp_30_jun_p_tot_num":222270,"regional_mig_ovs_mig_arrivals_num":3839,"yr":"2018","sa4_name16":"Brisbane - North","ogc_fid":152,"regional_mig_internal_mig_net_mig_num":933,"regional_mig_ovs_mig_departures_num":2450,"regional_mig_internal_mig_arrivals_num":19283,"regional_mig_internal_mig_departures_num":18350,"pop_density_pop_density_p_p_km2":1188.9,"regional_mig_ovs_mig_net_mig_num":1389},"id":"abs_data_by_region_pop_and_people_asgs_sa4_2011_2018.152"},{"type":"Feature","properties":{"sa4_code16":"307","est_res_pop_ur_erp_30_jun_p_tot_num":128781,"regional_mig_ovs_mig_arrivals_num":633,"yr":"2018","sa4_name16":"Darling Downs - Maranoa","ogc_fid":160,"regional_mig_internal_mig_net_mig_num":-769,"regional_mig_ovs_mig_departures_num":397,"regional_mig_internal_mig_arrivals_num":8447,"regional_mig_internal_mig_departures_num":9216,"pop_density_pop_density_p_p_km2":0.8,"regional_mig_ovs_mig_net_mig_num":236},"id":"abs_data_by_region_pop_and_people_asgs_sa4_2011_2018.160"},{"type":"Feature","properties":{"sa4_code16":"317","est_res_pop_ur_erp_30_jun_p_tot_num":156757,"regional_mig_ovs_mig_arrivals_num":2041,"yr":"2018","sa4_name16":"Toowoomba","ogc_fid":168,"regional_mig_internal_mig_net_mig_num":248,"regional_mig_ovs_mig_departures_num":1287,"regional_mig_internal_mig_arrivals_num":9764,"regional_mig_internal_mig_departures_num":9516,"pop_density_pop_density_p_p_km2":69.4,"regional_mig_ovs_mig_net_mig_num":754},"id":"abs_data_by_region_pop_and_people_asgs_sa4_2011_2018.168"},{"type":"Feature","properties":{"sa4_code16":"212","est_res_pop_ur_erp_30_jun_p_tot_num":842560,"regional_mig_ovs_mig_arrivals_num":26469,"yr":"2018","sa4_name16":"Melbourne - South East","ogc_fid":176,"regional_mig_internal_mig_net_mig_num":1894,"regional_mig_ovs_mig_departures_num":11126,"regional_mig_internal_mig_arrivals_num":39247,"regional_mig_internal_mig_departures_num":37353,"pop_density_pop_density_p_p_km2":438.3,"regional_mig_ovs_mig_net_mig_num":15343},"id":"abs_data_by_region_pop_and_people_asgs_sa4_2011_2018.176"},{"type":"Feature","properties":{"sa4_code16":"318","est_res_pop_ur_erp_30_jun_p_tot_num":236441,"regional_mig_ovs_mig_arrivals_num":2243,"yr":"2018","sa4_name16":"Townsville","ogc_fid":184,"regional_mig_internal_mig_net_mig_num":-1542,"regional_mig_ovs_mig_departures_num":1450,"regional_mig_internal_mig_arrivals_num":13907,"regional_mig_internal_mig_departures_num":15449,"pop_density_pop_density_p_p_km2":3.0,"regional_mig_ovs_mig_net_mig_num":793},"id":"abs_data_by_region_pop_and_people_asgs_sa4_2011_2018.184"},{"type":"Feature","properties":{"sa4_code16":"501","est_res_pop_ur_erp_30_jun_p_tot_num":182575,"regional_mig_ovs_mig_arrivals_num":1500,"yr":"2018","sa4_name16":"Bunbury","ogc_fid":192,"regional_mig_internal_mig_net_mig_num":174,"regional_mig_ovs_mig_departures_num":1033,"regional_mig_internal_mig_arrivals_num":8725,"regional_mig_internal_mig_departures_num":8551,"pop_density_pop_density_p_p_km2":7.4,"regional_mig_ovs_mig_net_mig_num":467},"id":"abs_data_by_region_pop_and_people_asgs_sa4_2011_2018.192"},{"type":"Feature","properties":{"sa4_code16":"601","est_res_pop_ur_erp_30_jun_p_tot_num":232606,"regional_mig_ovs_mig_arrivals_num":3075,"yr":"2018","sa4_name16":"Hobart","ogc_fid":200,"regional_mig_internal_mig_net_mig_num":1268,"regional_mig_ovs_mig_departures_num":1583,"regional_mig_internal_mig_arrivals_num":8690,"regional_mig_internal_mig_departures_num":7422,"pop_density_pop_density_p_p_km2":137.2,"regional_mig_ovs_mig_net_mig_num":1492},"id":"abs_data_by_region_pop_and_people_asgs_sa4_2011_2018.200"},{"type":"Feature","properties":{"sa4_code16":"702","est_res_pop_ur_erp_30_jun_p_tot_num":98763,"regional_mig_ovs_mig_arrivals_num":1183,"yr":"2018","sa4_name16":"Northern Territory - Outback","ogc_fid":208,"regional_mig_internal_mig_net_mig_num":-1027,"regional_mig_ovs_mig_departures_num":976,"regional_mig_internal_mig_arrivals_num":5629,"regional_mig_internal_mig_departures_num":6656,"pop_density_pop_density_p_p_km2":0.1,"regional_mig_ovs_mig_net_mig_num":207},"id":"abs_data_by_region_pop_and_people_asgs_sa4_2011_2018.208"},{"type":"Feature","properties":{"sa4_code16":"203","est_res_pop_ur_erp_30_jun_p_tot_num":301821,"regional_mig_ovs_mig_arrivals_num":3333,"yr":"2018","sa4_name16":"Geelong","ogc_fid":216,"regional_mig_internal_mig_net_mig_num":4507,"regional_mig_ovs_mig_departures_num":1260,"regional_mig_internal_mig_arrivals_num":15535,"regional_mig_internal_mig_departures_num":11028,"pop_density_pop_density_p_p_km2":68.2,"regional_mig_ovs_mig_net_mig_num":2073},"id":"abs_data_by_region_pop_and_people_asgs_sa4_2011_2018.216"},{"type":"Feature","properties":{"sa4_code16":"206","est_res_pop_ur_erp_30_jun_p_tot_num":681787,"regional_mig_ovs_mig_arrivals_num":44845,"yr":"2018","sa4_name16":"Melbourne - Inner","ogc_fid":224,"regional_mig_internal_mig_net_mig_num":320,"regional_mig_ovs_mig_departures_num":26604,"regional_mig_internal_mig_arrivals_num":50672,"regional_mig_internal_mig_departures_num":50352,"pop_density_pop_density_p_p_km2":4789.2,"regional_mig_ovs_mig_net_mig_num":18241},"id":"abs_data_by_region_pop_and_people_asgs_sa4_2011_2018.224"},{"type":"Feature","properties":{"sa4_code16":"503","est_res_pop_ur_erp_30_jun_p_tot_num":180673,"regional_mig_ovs_mig_arrivals_num":7376,"yr":"2018","sa4_name16":"Perth - Inner","ogc_fid":232,"regional_mig_internal_mig_net_mig_num":-1340,"regional_mig_ovs_mig_departures_num":5812,"regional_mig_internal_mig_arrivals_num":13013,"regional_mig_internal_mig_departures_num":14353,"pop_density_pop_density_p_p_km2":1958.7,"regional_mig_ovs_mig_net_mig_num":1564},"id":"abs_data_by_region_pop_and_people_asgs_sa4_2011_2018.232"},{"type":"Feature","properties":{"sa4_code16":"202","est_res_pop_ur_erp_30_jun_p_tot_num":160338,"regional_mig_ovs_mig_arrivals_num":1036,"yr":"2018","sa4_name16":"Bendigo","ogc_fid":240,"regional_mig_internal_mig_net_mig_num":1442,"regional_mig_ovs_mig_departures_num":393,"regional_mig_internal_mig_arrivals_num":8859,"regional_mig_internal_mig_departures_num":7417,"pop_density_pop_density_p_p_km2":13.5,"regional_mig_ovs_mig_net_mig_num":643},"id":"abs_data_by_region_pop_and_people_asgs_sa4_2011_2018.240"},{"type":"Feature","properties":{"sa4_code16":"208","est_res_pop_ur_erp_30_jun_p_tot_num":439498,"regional_mig_ovs_mig_arrivals_num":12396,"yr":"2018","sa4_name16":"Melbourne - Inner South","ogc_fid":248,"regional_mig_internal_mig_net_mig_num":-1057,"regional_mig_ovs_mig_departures_num":6416,"regional_mig_internal_mig_arrivals_num":24628,"regional_mig_internal_mig_departures_num":25685,"pop_density_pop_density_p_p_km2":2721.4,"regional_mig_ovs_mig_net_mig_num":5980},"id":"abs_data_by_region_pop_and_people_asgs_sa4_2011_2018.248"},{"type":"Feature","properties":{"sa4_code16":"211","est_res_pop_ur_erp_30_jun_p_tot_num":530337,"regional_mig_ovs_mig_arrivals_num":7069,"yr":"2018","sa4_name16":"Melbourne - Outer East","ogc_fid":256,"regional_mig_internal_mig_net_mig_num":-2567,"regional_mig_ovs_mig_departures_num":2693,"regional_mig_internal_mig_arrivals_num":24319,"regional_mig_internal_mig_departures_num":26886,"pop_density_pop_density_p_p_km2":282.3,"regional_mig_ovs_mig_net_mig_num":4376},"id":"abs_data_by_region_pop_and_people_asgs_sa4_2011_2018.256"},{"type":"Feature","properties":{"sa4_code16":"216","est_res_pop_ur_erp_30_jun_p_tot_num":133496,"regional_mig_ovs_mig_arrivals_num":1158,"yr":"2018","sa4_name16":"Shepparton","ogc_fid":264,"regional_mig_internal_mig_net_mig_num":-557,"regional_mig_ovs_mig_departures_num":432,"regional_mig_internal_mig_arrivals_num":6893,"regional_mig_internal_mig_departures_num":7450,"pop_density_pop_density_p_p_km2":12.2,"regional_mig_ovs_mig_net_mig_num":726},"id":"abs_data_by_region_pop_and_people_asgs_sa4_2011_2018.264"},{"type":"Feature","properties":{"sa4_code16":"313","est_res_pop_ur_erp_30_jun_p_tot_num":251575,"regional_mig_ovs_mig_arrivals_num":2375,"yr":"2018","sa4_name16":"Moreton Bay - North","ogc_fid":272,"regional_mig_internal_mig_net_mig_num":2603,"regional_mig_ovs_mig_departures_num":1497,"regional_mig_internal_mig_arrivals_num":18962,"regional_mig_internal_mig_departures_num":16359,"pop_density_pop_density_p_p_km2":57.9,"regional_mig_ovs_mig_net_mig_num":878},"id":"abs_data_by_region_pop_and_people_asgs_sa4_2011_2018.272"},{"type":"Feature","properties":{"sa4_code16":"603","est_res_pop_ur_erp_30_jun_p_tot_num":38608,"regional_mig_ovs_mig_arrivals_num":186,"yr":"2018","sa4_name16":"South East","ogc_fid":280,"regional_mig_internal_mig_net_mig_num":392,"regional_mig_ovs_mig_departures_num":80,"regional_mig_internal_mig_arrivals_num":2860,"regional_mig_internal_mig_departures_num":2468,"pop_density_pop_density_p_p_km2":1.6,"regional_mig_ovs_mig_net_mig_num":106},"id":"abs_data_by_region_pop_and_people_asgs_sa4_2011_2018.280"},{"type":"Feature","properties":{"sa4_code16":"126","est_res_pop_ur_erp_30_jun_p_tot_num":199412,"regional_mig_ovs_mig_arrivals_num":9373,"yr":"2018","sa4_name16":"Sydney - Ryde","ogc_fid":288,"regional_mig_internal_mig_net_mig_num":-100,"regional_mig_ovs_mig_departures_num":5473,"regional_mig_internal_mig_arrivals_num":14503,"regional_mig_internal_mig_departures_num":14603,"pop_density_pop_density_p_p_km2":2876.0,"regional_mig_ovs_mig_net_mig_num":3900},"id":"abs_data_by_region_pop_and_people_asgs_sa4_2011_2018.288"},{"type":"Feature","properties":{"sa4_code16":"305","est_res_pop_ur_erp_30_jun_p_tot_num":282593,"regional_mig_ovs_mig_arrivals_num":14897,"yr":"2018","sa4_name16":"Brisbane Inner City","ogc_fid":296,"regional_mig_internal_mig_net_mig_num":3365,"regional_mig_ovs_mig_departures_num":11149,"regional_mig_internal_mig_arrivals_num":29962,"regional_mig_internal_mig_departures_num":26597,"pop_density_pop_density_p_p_km2":3457.2,"regional_mig_ovs_mig_net_mig_num":3748},"id":"abs_data_by_region_pop_and_people_asgs_sa4_2011_2018.296"},{"type":"Feature","properties":{"sa4_code16":"309","est_res_pop_ur_erp_30_jun_p_tot_num":622048,"regional_mig_ovs_mig_arrivals_num":13467,"yr":"2018","sa4_name16":"Gold Coast","ogc_fid":304,"regional_mig_internal_mig_net_mig_num":7679,"regional_mig_ovs_mig_departures_num":8519,"regional_mig_internal_mig_arrivals_num":34441,"regional_mig_internal_mig_departures_num":26762,"pop_density_pop_density_p_p_km2":334.8,"regional_mig_ovs_mig_net_mig_num":4948},"id":"abs_data_by_region_pop_and_people_asgs_sa4_2011_2018.304"},{"type":"Feature","properties":{"sa4_code16":"314","est_res_pop_ur_erp_30_jun_p_tot_num":213866,"regional_mig_ovs_mig_arrivals_num":2334,"yr":"2018","sa4_name16":"Moreton Bay - South","ogc_fid":312,"regional_mig_internal_mig_net_mig_num":3265,"regional_mig_ovs_mig_departures_num":1480,"regional_mig_internal_mig_arrivals_num":19608,"regional_mig_internal_mig_departures_num":16343,"pop_density_pop_density_p_p_km2":276.5,"regional_mig_ovs_mig_net_mig_num":854},"id":"abs_data_by_region_pop_and_people_asgs_sa4_2011_2018.312"},{"type":"Feature","properties":{"sa4_code16":"405","est_res_pop_ur_erp_30_jun_p_tot_num":113999,"regional_mig_ovs_mig_arrivals_num":275,"yr":"2018","sa4_name16":"Barossa - Yorke - Mid North","ogc_fid":320,"regional_mig_internal_mig_net_mig_num":423,"regional_mig_ovs_mig_departures_num":118,"regional_mig_internal_mig_arrivals_num":5658,"regional_mig_internal_mig_departures_num":5235,"pop_density_pop_density_p_p_km2":3.0,"regional_mig_ovs_mig_net_mig_num":157},"id":"abs_data_by_region_pop_and_people_asgs_sa4_2011_2018.320"},{"type":"Feature","properties":{"sa4_code16":"406","est_res_pop_ur_erp_30_jun_p_tot_num":84760,"regional_mig_ovs_mig_arrivals_num":312,"yr":"2018","sa4_name16":"South Australia - Outback","ogc_fid":328,"regional_mig_internal_mig_net_mig_num":-872,"regional_mig_ovs_mig_departures_num":133,"regional_mig_internal_mig_arrivals_num":3587,"regional_mig_internal_mig_departures_num":4459,"pop_density_pop_density_p_p_km2":0.1,"regional_mig_ovs_mig_net_mig_num":179},"id":"abs_data_by_region_pop_and_people_asgs_sa4_2011_2018.328"},{"type":"Feature","properties":{"sa4_code16":"510","est_res_pop_ur_erp_30_jun_p_tot_num":97671,"regional_mig_ovs_mig_arrivals_num":1104,"yr":"2018","sa4_name16":"Western Australia - Outback (North)","ogc_fid":336,"regional_mig_internal_mig_net_mig_num":-1505,"regional_mig_ovs_mig_departures_num":762,"regional_mig_internal_mig_arrivals_num":7363,"regional_mig_internal_mig_departures_num":8868,"pop_density_pop_density_p_p_km2":0.1,"regional_mig_ovs_mig_net_mig_num":342},"id":"abs_data_by_region_pop_and_people_asgs_sa4_2011_2018.336"},{"type":"Feature","properties":{"sa4_code16":"511","est_res_pop_ur_erp_30_jun_p_tot_num":118260,"regional_mig_ovs_mig_arrivals_num":956,"yr":"2018","sa4_name16":"Western Australia - Outback (South)","ogc_fid":344,"regional_mig_internal_mig_net_mig_num":-2989,"regional_mig_ovs_mig_departures_num":656,"regional_mig_internal_mig_arrivals_num":6369,"regional_mig_internal_mig_departures_num":9358,"pop_density_pop_density_p_p_km2":0.1,"regional_mig_ovs_mig_net_mig_num":300},"id":"abs_data_by_region_pop_and_people_asgs_sa4_2011_2018.344"},{"type":"Feature","properties":{"sa4_code16":"110","est_res_pop_ur_erp_30_jun_p_tot_num":186864,"regional_mig_ovs_mig_arrivals_num":1579,"yr":"2018","sa4_name16":"New England and North West","ogc_fid":352,"regional_mig_internal_mig_net_mig_num":-1073,"regional_mig_ovs_mig_departures_num":665,"regional_mig_internal_mig_arrivals_num":9552,"regional_mig_internal_mig_departures_num":10625,"pop_density_pop_density_p_p_km2":1.9,"regional_mig_ovs_mig_net_mig_num":914},"id":"abs_data_by_region_pop_and_people_asgs_sa4_2011_2018.352"},{"type":"Feature","properties":{"sa4_code16":"118","est_res_pop_ur_erp_30_jun_p_tot_num":293052,"regional_mig_ovs_mig_arrivals_num":16627,"yr":"2018","sa4_name16":"Sydney - Eastern Suburbs","ogc_fid":360,"regional_mig_internal_mig_net_mig_num":-5192,"regional_mig_ovs_mig_departures_num":10452,"regional_mig_internal_mig_arrivals_num":14903,"regional_mig_internal_mig_departures_num":20095,"pop_density_pop_density_p_p_km2":5076.0,"regional_mig_ovs_mig_net_mig_num":6175},"id":"abs_data_by_region_pop_and_people_asgs_sa4_2011_2018.360"},{"type":"Feature","properties":{"sa4_code16":"127","est_res_pop_ur_erp_30_jun_p_tot_num":444520,"regional_mig_ovs_mig_arrivals_num":8531,"yr":"2018","sa4_name16":"Sydney - South West","ogc_fid":368,"regional_mig_internal_mig_net_mig_num":1927,"regional_mig_ovs_mig_departures_num":3701,"regional_mig_internal_mig_arrivals_num":23169,"regional_mig_internal_mig_departures_num":21242,"pop_density_pop_density_p_p_km2":824.6,"regional_mig_ovs_mig_net_mig_num":4830},"id":"abs_data_by_region_pop_and_people_asgs_sa4_2011_2018.368"},{"type":"Feature","properties":{"sa4_code16":"308","est_res_pop_ur_erp_30_jun_p_tot_num":225561,"regional_mig_ovs_mig_arrivals_num":1714,"yr":"2018","sa4_name16":"Central Queensland","ogc_fid":376,"regional_mig_internal_mig_net_mig_num":-2079,"regional_mig_ovs_mig_departures_num":1080,"regional_mig_internal_mig_arrivals_num":12702,"regional_mig_internal_mig_departures_num":14781,"pop_density_pop_density_p_p_km2":1.9,"regional_mig_ovs_mig_net_mig_num":634},"id":"abs_data_by_region_pop_and_people_asgs_sa4_2011_2018.376"},{"type":"Feature","properties":{"sa4_code16":"108","est_res_pop_ur_erp_30_jun_p_tot_num":220713,"regional_mig_ovs_mig_arrivals_num":975,"yr":"2018","sa4_name16":"Mid North Coast","ogc_fid":384,"regional_mig_internal_mig_net_mig_num":2215,"regional_mig_ovs_mig_departures_num":423,"regional_mig_internal_mig_arrivals_num":13752,"regional_mig_internal_mig_departures_num":11537,"pop_density_pop_density_p_p_km2":11.7,"regional_mig_ovs_mig_net_mig_num":552},"id":"abs_data_by_region_pop_and_people_asgs_sa4_2011_2018.384"},{"type":"Feature","properties":{"sa4_code16":"116","est_res_pop_ur_erp_30_jun_p_tot_num":369340,"regional_mig_ovs_mig_arrivals_num":8066,"yr":"2018","sa4_name16":"Sydney - Blacktown","ogc_fid":392,"regional_mig_internal_mig_net_mig_num":-225,"regional_mig_ovs_mig_departures_num":3564,"regional_mig_internal_mig_arrivals_num":24290,"regional_mig_internal_mig_departures_num":24515,"pop_density_pop_density_p_p_km2":1525.7,"regional_mig_ovs_mig_net_mig_num":4502},"id":"abs_data_by_region_pop_and_people_asgs_sa4_2011_2018.392"},{"type":"Feature","properties":{"sa4_code16":"128","est_res_pop_ur_erp_30_jun_p_tot_num":228749,"regional_mig_ovs_mig_arrivals_num":2298,"yr":"2018","sa4_name16":"Sydney - Sutherland","ogc_fid":400,"regional_mig_internal_mig_net_mig_num":-999,"regional_mig_ovs_mig_departures_num":994,"regional_mig_internal_mig_arrivals_num":10202,"regional_mig_internal_mig_departures_num":11201,"pop_density_pop_density_p_p_km2":773.2,"regional_mig_ovs_mig_net_mig_num":1304},"id":"abs_data_by_region_pop_and_people_asgs_sa4_2011_2018.400"},{"type":"Feature","properties":{"sa4_code16":"214","est_res_pop_ur_erp_30_jun_p_tot_num":307667,"regional_mig_ovs_mig_arrivals_num":2413,"yr":"2018","sa4_name16":"Mornington Peninsula","ogc_fid":408,"regional_mig_internal_mig_net_mig_num":544,"regional_mig_ovs_mig_departures_num":924,"regional_mig_internal_mig_arrivals_num":17662,"regional_mig_internal_mig_departures_num":17118,"pop_density_pop_density_p_p_km2":360.4,"regional_mig_ovs_mig_net_mig_num":1489},"id":"abs_data_by_region_pop_and_people_asgs_sa4_2011_2018.408"},{"type":"Feature","properties":{"sa4_code16":"301","est_res_pop_ur_erp_30_jun_p_tot_num":237681,"regional_mig_ovs_mig_arrivals_num":2367,"yr":"2018","sa4_name16":"Brisbane - East","ogc_fid":416,"regional_mig_internal_mig_net_mig_num":1182,"regional_mig_ovs_mig_departures_num":1508,"regional_mig_internal_mig_arrivals_num":15216,"regional_mig_internal_mig_departures_num":14034,"pop_density_pop_density_p_p_km2":363.9,"regional_mig_ovs_mig_net_mig_num":859},"id":"abs_data_by_region_pop_and_people_asgs_sa4_2011_2018.416"},{"type":"Feature","properties":{"sa4_code16":"306","est_res_pop_ur_erp_30_jun_p_tot_num":252037,"regional_mig_ovs_mig_arrivals_num":4028,"yr":"2018","sa4_name16":"Cairns","ogc_fid":424,"regional_mig_internal_mig_net_mig_num":-562,"regional_mig_ovs_mig_departures_num":2542,"regional_mig_internal_mig_arrivals_num":13125,"regional_mig_internal_mig_departures_num":13687,"pop_density_pop_density_p_p_km2":11.8,"regional_mig_ovs_mig_net_mig_num":1486},"id":"abs_data_by_region_pop_and_people_asgs_sa4_2011_2018.424"},{"type":"Feature","properties":{"sa4_code16":"101","est_res_pop_ur_erp_30_jun_p_tot_num":227969,"regional_mig_ovs_mig_arrivals_num":1660,"yr":"2018","sa4_name16":"Capital Region","ogc_fid":432,"regional_mig_internal_mig_net_mig_num":579,"regional_mig_ovs_mig_departures_num":718,"regional_mig_internal_mig_arrivals_num":14865,"regional_mig_internal_mig_departures_num":14286,"pop_density_pop_density_p_p_km2":4.4,"regional_mig_ovs_mig_net_mig_num":942},"id":"abs_data_by_region_pop_and_people_asgs_sa4_2011_2018.432"},{"type":"Feature","properties":{"sa4_code16":"209","est_res_pop_ur_erp_30_jun_p_tot_num":545248,"regional_mig_ovs_mig_arrivals_num":11730,"yr":"2018","sa4_name16":"Melbourne - North East","ogc_fid":440,"regional_mig_internal_mig_net_mig_num":352,"regional_mig_ovs_mig_departures_num":4561,"regional_mig_internal_mig_arrivals_num":25972,"regional_mig_internal_mig_departures_num":25620,"pop_density_pop_density_p_p_km2":294.5,"regional_mig_ovs_mig_net_mig_num":7169},"id":"abs_data_by_region_pop_and_people_asgs_sa4_2011_2018.440"},{"type":"Feature","properties":{"sa4_code16":"210","est_res_pop_ur_erp_30_jun_p_tot_num":406201,"regional_mig_ovs_mig_arrivals_num":8647,"yr":"2018","sa4_name16":"Melbourne - North West","ogc_fid":448,"regional_mig_internal_mig_net_mig_num":3490,"regional_mig_ovs_mig_departures_num":3228,"regional_mig_internal_mig_arrivals_num":22996,"regional_mig_internal_mig_departures_num":19506,"pop_density_pop_density_p_p_km2":250.8,"regional_mig_ovs_mig_net_mig_num":5419},"id":"abs_data_by_region_pop_and_people_asgs_sa4_2011_2018.448"},{"type":"Feature","properties":{"sa4_code16":"316","est_res_pop_ur_erp_30_jun_p_tot_num":375271,"regional_mig_ovs_mig_arrivals_num":4652,"yr":"2018","sa4_name16":"Sunshine Coast","ogc_fid":456,"regional_mig_internal_mig_net_mig_num":6858,"regional_mig_ovs_mig_departures_num":2944,"regional_mig_internal_mig_arrivals_num":24985,"regional_mig_internal_mig_departures_num":18127,"pop_density_pop_density_p_p_km2":121.6,"regional_mig_ovs_mig_net_mig_num":1708},"id":"abs_data_by_region_pop_and_people_asgs_sa4_2011_2018.456"},{"type":"Feature","properties":{"sa4_code16":"402","est_res_pop_ur_erp_30_jun_p_tot_num":438493,"regional_mig_ovs_mig_arrivals_num":5597,"yr":"2018","sa4_name16":"Adelaide - North","ogc_fid":464,"regional_mig_internal_mig_net_mig_num":-1854,"regional_mig_ovs_mig_departures_num":2402,"regional_mig_internal_mig_arrivals_num":18265,"regional_mig_internal_mig_departures_num":20119,"pop_density_pop_density_p_p_km2":466.5,"regional_mig_ovs_mig_net_mig_num":3195},"id":"abs_data_by_region_pop_and_people_asgs_sa4_2011_2018.464"},{"type":"Feature","properties":{"sa4_code16":"403","est_res_pop_ur_erp_30_jun_p_tot_num":367837,"regional_mig_ovs_mig_arrivals_num":4578,"yr":"2018","sa4_name16":"Adelaide - South","ogc_fid":472,"regional_mig_internal_mig_net_mig_num":-795,"regional_mig_ovs_mig_departures_num":2070,"regional_mig_internal_mig_arrivals_num":15294,"regional_mig_internal_mig_departures_num":16089,"pop_density_pop_density_p_p_km2":554.7,"regional_mig_ovs_mig_net_mig_num":2508},"id":"abs_data_by_region_pop_and_people_asgs_sa4_2011_2018.472"},{"type":"Feature","properties":{"sa4_code16":"404","est_res_pop_ur_erp_30_jun_p_tot_num":237101,"regional_mig_ovs_mig_arrivals_num":4643,"yr":"2018","sa4_name16":"Adelaide - West","ogc_fid":480,"regional_mig_internal_mig_net_mig_num":-1070,"regional_mig_ovs_mig_departures_num":1992,"regional_mig_internal_mig_arrivals_num":13150,"regional_mig_internal_mig_departures_num":14220,"pop_density_pop_density_p_p_km2":1486.6,"regional_mig_ovs_mig_net_mig_num":2651},"id":"abs_data_by_region_pop_and_people_asgs_sa4_2011_2018.480"},{"type":"Feature","properties":{"sa4_code16":"105","est_res_pop_ur_erp_30_jun_p_tot_num":117331,"regional_mig_ovs_mig_arrivals_num":652,"yr":"2018","sa4_name16":"Far West and Orana","ogc_fid":488,"regional_mig_internal_mig_net_mig_num":-494,"regional_mig_ovs_mig_departures_num":283,"regional_mig_internal_mig_arrivals_num":6414,"regional_mig_internal_mig_departures_num":6908,"pop_density_pop_density_p_p_km2":0.3,"regional_mig_ovs_mig_net_mig_num":369},"id":"abs_data_by_region_pop_and_people_asgs_sa4_2011_2018.488"},{"type":"Feature","properties":{"sa4_code16":"109","est_res_pop_ur_erp_30_jun_p_tot_num":120169,"regional_mig_ovs_mig_arrivals_num":799,"yr":"2018","sa4_name16":"Murray","ogc_fid":496,"regional_mig_internal_mig_net_mig_num":328,"regional_mig_ovs_mig_departures_num":344,"regional_mig_internal_mig_arrivals_num":7503,"regional_mig_internal_mig_departures_num":7175,"pop_density_pop_density_p_p_km2":1.2,"regional_mig_ovs_mig_net_mig_num":455},"id":"abs_data_by_region_pop_and_people_asgs_sa4_2011_2018.496"},{"type":"Feature","properties":{"sa4_code16":"121","est_res_pop_ur_erp_30_jun_p_tot_num":436957,"regional_mig_ovs_mig_arrivals_num":17099,"yr":"2018","sa4_name16":"Sydney - North Sydney and Hornsby","ogc_fid":504,"regional_mig_internal_mig_net_mig_num":-2967,"regional_mig_ovs_mig_departures_num":11541,"regional_mig_internal_mig_arrivals_num":23707,"regional_mig_internal_mig_departures_num":26674,"pop_density_pop_density_p_p_km2":1588.4,"regional_mig_ovs_mig_net_mig_num":5558},"id":"abs_data_by_region_pop_and_people_asgs_sa4_2011_2018.504"},{"type":"Feature","properties":{"sa4_code16":"124","est_res_pop_ur_erp_30_jun_p_tot_num":323801,"regional_mig_ovs_mig_arrivals_num":2739,"yr":"2018","sa4_name16":"Sydney - Outer West and Blue Mountains","ogc_fid":512,"regional_mig_internal_mig_net_mig_num":164,"regional_mig_ovs_mig_departures_num":1179,"regional_mig_internal_mig_arrivals_num":19685,"regional_mig_internal_mig_departures_num":19521,"pop_density_pop_density_p_p_km2":81.6,"regional_mig_ovs_mig_net_mig_num":1560},"id":"abs_data_by_region_pop_and_people_asgs_sa4_2011_2018.512"},{"type":"Feature","properties":{"sa4_code16":"502","est_res_pop_ur_erp_30_jun_p_tot_num":102031,"regional_mig_ovs_mig_arrivals_num":880,"yr":"2018","sa4_name16":"Mandurah","ogc_fid":520,"regional_mig_internal_mig_net_mig_num":876,"regional_mig_ovs_mig_departures_num":607,"regional_mig_internal_mig_arrivals_num":7045,"regional_mig_internal_mig_departures_num":6169,"pop_density_pop_density_p_p_km2":98.8,"regional_mig_ovs_mig_net_mig_num":273},"id":"abs_data_by_region_pop_and_people_asgs_sa4_2011_2018.520"},{"type":"Feature","properties":{"sa4_code16":"119","est_res_pop_ur_erp_30_jun_p_tot_num":620157,"regional_mig_ovs_mig_arrivals_num":21693,"yr":"2018","sa4_name16":"Sydney - Inner South West","ogc_fid":528,"regional_mig_internal_mig_net_mig_num":-8659,"regional_mig_ovs_mig_departures_num":9409,"regional_mig_internal_mig_arrivals_num":25288,"regional_mig_internal_mig_departures_num":33947,"pop_density_pop_density_p_p_km2":3782.9,"regional_mig_ovs_mig_net_mig_num":12284},"id":"abs_data_by_region_pop_and_people_asgs_sa4_2011_2018.528"},{"type":"Feature","properties":{"sa4_code16":"311","est_res_pop_ur_erp_30_jun_p_tot_num":341405,"regional_mig_ovs_mig_arrivals_num":4498,"yr":"2018","sa4_name16":"Logan - Beaudesert","ogc_fid":536,"regional_mig_internal_mig_net_mig_num":1325,"regional_mig_ovs_mig_departures_num":2844,"regional_mig_internal_mig_arrivals_num":24266,"regional_mig_internal_mig_departures_num":22941,"pop_density_pop_density_p_p_km2":132.0,"regional_mig_ovs_mig_net_mig_num":1654},"id":"abs_data_by_region_pop_and_people_asgs_sa4_2011_2018.536"},{"type":"Feature","properties":{"sa4_code16":"504","est_res_pop_ur_erp_30_jun_p_tot_num":265709,"regional_mig_ovs_mig_arrivals_num":3662,"yr":"2018","sa4_name16":"Perth - North East","ogc_fid":544,"regional_mig_internal_mig_net_mig_num":79,"regional_mig_ovs_mig_departures_num":2529,"regional_mig_internal_mig_arrivals_num":16885,"regional_mig_internal_mig_departures_num":16806,"pop_density_pop_density_p_p_km2":150.8,"regional_mig_ovs_mig_net_mig_num":1133},"id":"abs_data_by_region_pop_and_people_asgs_sa4_2011_2018.544"},{"type":"Feature","properties":{"sa4_code16":"509","est_res_pop_ur_erp_30_jun_p_tot_num":137202,"regional_mig_ovs_mig_arrivals_num":992,"yr":"2018","sa4_name16":"Western Australia - Wheat Belt","ogc_fid":552,"regional_mig_internal_mig_net_mig_num":-1176,"regional_mig_ovs_mig_departures_num":681,"regional_mig_internal_mig_arrivals_num":7358,"regional_mig_internal_mig_departures_num":8534,"pop_density_pop_density_p_p_km2":0.7,"regional_mig_ovs_mig_net_mig_num":311},"id":"abs_data_by_region_pop_and_people_asgs_sa4_2011_2018.552"},{"type":"Feature","properties":{"sa4_code16":"111","est_res_pop_ur_erp_30_jun_p_tot_num":375931,"regional_mig_ovs_mig_arrivals_num":4332,"yr":"2018","sa4_name16":"Newcastle and Lake Macquarie","ogc_fid":560,"regional_mig_internal_mig_net_mig_num":-293,"regional_mig_ovs_mig_departures_num":1877,"regional_mig_internal_mig_arrivals_num":18768,"regional_mig_internal_mig_departures_num":19061,"pop_density_pop_density_p_p_km2":431.8,"regional_mig_ovs_mig_net_mig_num":2455},"id":"abs_data_by_region_pop_and_people_asgs_sa4_2011_2018.560"},{"type":"Feature","properties":{"sa4_code16":"112","est_res_pop_ur_erp_30_jun_p_tot_num":250989,"regional_mig_ovs_mig_arrivals_num":2032,"yr":"2018","sa4_name16":"Richmond - Tweed","ogc_fid":568,"regional_mig_internal_mig_net_mig_num":1002,"regional_mig_ovs_mig_departures_num":879,"regional_mig_internal_mig_arrivals_num":14350,"regional_mig_internal_mig_departures_num":13348,"pop_density_pop_density_p_p_km2":24.4,"regional_mig_ovs_mig_net_mig_num":1153},"id":"abs_data_by_region_pop_and_people_asgs_sa4_2011_2018.568"},{"type":"Feature","properties":{"sa4_code16":"125","est_res_pop_ur_erp_30_jun_p_tot_num":493421,"regional_mig_ovs_mig_arrivals_num":21883,"yr":"2018","sa4_name16":"Sydney - Parramatta","ogc_fid":576,"regional_mig_internal_mig_net_mig_num":-6362,"regional_mig_ovs_mig_departures_num":9775,"regional_mig_internal_mig_arrivals_num":29996,"regional_mig_internal_mig_departures_num":36358,"pop_density_pop_density_p_p_km2":3052.7,"regional_mig_ovs_mig_net_mig_num":12108},"id":"abs_data_by_region_pop_and_people_asgs_sa4_2011_2018.576"},{"type":"Feature","properties":{"sa4_code16":"507","est_res_pop_ur_erp_30_jun_p_tot_num":430113,"regional_mig_ovs_mig_arrivals_num":6198,"yr":"2018","sa4_name16":"Perth - South West","ogc_fid":584,"regional_mig_internal_mig_net_mig_num":1118,"regional_mig_ovs_mig_departures_num":4406,"regional_mig_internal_mig_arrivals_num":23090,"regional_mig_internal_mig_departures_num":21972,"pop_density_pop_density_p_p_km2":693.0,"regional_mig_ovs_mig_net_mig_num":1792},"id":"abs_data_by_region_pop_and_people_asgs_sa4_2011_2018.584"},{"type":"Feature","properties":{"sa4_code16":"213","est_res_pop_ur_erp_30_jun_p_tot_num":818983,"regional_mig_ovs_mig_arrivals_num":20185,"yr":"2018","sa4_name16":"Melbourne - West","ogc_fid":592,"regional_mig_internal_mig_net_mig_num":5979,"regional_mig_ovs_mig_departures_num":7698,"regional_mig_internal_mig_arrivals_num":39919,"regional_mig_internal_mig_departures_num":33940,"pop_density_pop_density_p_p_km2":578.2,"regional_mig_ovs_mig_net_mig_num":12487},"id":"abs_data_by_region_pop_and_people_asgs_sa4_2011_2018.592"},{"type":"Feature","properties":{"sa4_code16":"215","est_res_pop_ur_erp_30_jun_p_tot_num":152111,"regional_mig_ovs_mig_arrivals_num":1323,"yr":"2018","sa4_name16":"North West","ogc_fid":600,"regional_mig_internal_mig_net_mig_num":-1097,"regional_mig_ovs_mig_departures_num":495,"regional_mig_internal_mig_arrivals_num":7292,"regional_mig_internal_mig_departures_num":8389,"pop_density_pop_density_p_p_km2":1.9,"regional_mig_ovs_mig_net_mig_num":828},"id":"abs_data_by_region_pop_and_people_asgs_sa4_2011_2018.600"},{"type":"Feature","properties":{"sa4_code16":"319","est_res_pop_ur_erp_30_jun_p_tot_num":296849,"regional_mig_ovs_mig_arrivals_num":1987,"yr":"2018","sa4_name16":"Wide Bay","ogc_fid":608,"regional_mig_internal_mig_net_mig_num":1843,"regional_mig_ovs_mig_departures_num":1249,"regional_mig_internal_mig_arrivals_num":19589,"regional_mig_internal_mig_departures_num":17746,"pop_density_pop_density_p_p_km2":6.1,"regional_mig_ovs_mig_net_mig_num":738},"id":"abs_data_by_region_pop_and_people_asgs_sa4_2011_2018.608"},{"type":"Feature","properties":{"sa4_code16":"401","est_res_pop_ur_erp_30_jun_p_tot_num":302346,"regional_mig_ovs_mig_arrivals_num":7577,"yr":"2018","sa4_name16":"Adelaide - Central and Hills","ogc_fid":616,"regional_mig_internal_mig_net_mig_num":-1333,"regional_mig_ovs_mig_departures_num":4319,"regional_mig_internal_mig_arrivals_num":16436,"regional_mig_internal_mig_departures_num":17769,"pop_density_pop_density_p_p_km2":201.9,"regional_mig_ovs_mig_net_mig_num":3258},"id":"abs_data_by_region_pop_and_people_asgs_sa4_2011_2018.616"},{"type":"Feature","properties":{"sa4_code16":"407","est_res_pop_ur_erp_30_jun_p_tot_num":191886,"regional_mig_ovs_mig_arrivals_num":1271,"yr":"2018","sa4_name16":"South Australia - South East","ogc_fid":624,"regional_mig_internal_mig_net_mig_num":350,"regional_mig_ovs_mig_departures_num":544,"regional_mig_internal_mig_arrivals_num":9100,"regional_mig_internal_mig_departures_num":8750,"pop_density_pop_density_p_p_km2":2.9,"regional_mig_ovs_mig_net_mig_num":727},"id":"abs_data_by_region_pop_and_people_asgs_sa4_2011_2018.624"},{"type":"Feature","properties":{"sa4_code16":"102","est_res_pop_ur_erp_30_jun_p_tot_num":342095,"regional_mig_ovs_mig_arrivals_num":2416,"yr":"2018","sa4_name16":"Central Coast","ogc_fid":632,"regional_mig_internal_mig_net_mig_num":517,"regional_mig_ovs_mig_departures_num":1042,"regional_mig_internal_mig_arrivals_num":17465,"regional_mig_internal_mig_departures_num":16948,"pop_density_pop_density_p_p_km2":203.5,"regional_mig_ovs_mig_net_mig_num":1374},"id":"abs_data_by_region_pop_and_people_asgs_sa4_2011_2018.632"},{"type":"Feature","properties":{"sa4_code16":"115","est_res_pop_ur_erp_30_jun_p_tot_num":245637,"regional_mig_ovs_mig_arrivals_num":4200,"yr":"2018","sa4_name16":"Sydney - Baulkham Hills and Hawkesbury","ogc_fid":640,"regional_mig_internal_mig_net_mig_num":1330,"regional_mig_ovs_mig_departures_num":2237,"regional_mig_internal_mig_arrivals_num":16597,"regional_mig_internal_mig_departures_num":15267,"pop_density_pop_density_p_p_km2":75.5,"regional_mig_ovs_mig_net_mig_num":1963},"id":"abs_data_by_region_pop_and_people_asgs_sa4_2011_2018.640"},{"type":"Feature","properties":{"sa4_code16":"120","est_res_pop_ur_erp_30_jun_p_tot_num":319175,"regional_mig_ovs_mig_arrivals_num":14606,"yr":"2018","sa4_name16":"Sydney - Inner West","ogc_fid":648,"regional_mig_internal_mig_net_mig_num":-4191,"regional_mig_ovs_mig_departures_num":8082,"regional_mig_internal_mig_arrivals_num":20389,"regional_mig_internal_mig_departures_num":24580,"pop_density_pop_density_p_p_km2":4944.8,"regional_mig_ovs_mig_net_mig_num":6524},"id":"abs_data_by_region_pop_and_people_asgs_sa4_2011_2018.648"},{"type":"Feature","properties":{"sa4_code16":"123","est_res_pop_ur_erp_30_jun_p_tot_num":283434,"regional_mig_ovs_mig_arrivals_num":3066,"yr":"2018","sa4_name16":"Sydney - Outer South West","ogc_fid":656,"regional_mig_internal_mig_net_mig_num":2508,"regional_mig_ovs_mig_departures_num":1330,"regional_mig_internal_mig_arrivals_num":17859,"regional_mig_internal_mig_departures_num":15351,"pop_density_pop_density_p_p_km2":221.7,"regional_mig_ovs_mig_net_mig_num":1736},"id":"abs_data_by_region_pop_and_people_asgs_sa4_2011_2018.656"},{"type":"Feature","properties":{"sa4_code16":"315","est_res_pop_ur_erp_30_jun_p_tot_num":82311,"regional_mig_ovs_mig_arrivals_num":504,"yr":"2018","sa4_name16":"Queensland - Outback","ogc_fid":664,"regional_mig_internal_mig_net_mig_num":-1023,"regional_mig_ovs_mig_departures_num":340,"regional_mig_internal_mig_arrivals_num":5365,"regional_mig_internal_mig_departures_num":6388,"pop_density_pop_density_p_p_km2":0.1,"regional_mig_ovs_mig_net_mig_num":164},"id":"abs_data_by_region_pop_and_people_asgs_sa4_2011_2018.664"},{"type":"Feature","properties":{"sa4_code16":"106","est_res_pop_ur_erp_30_jun_p_tot_num":277105,"regional_mig_ovs_mig_arrivals_num":1221,"yr":"2018","sa4_name16":"Hunter Valley exc Newcastle","ogc_fid":672,"regional_mig_internal_mig_net_mig_num":2264,"regional_mig_ovs_mig_departures_num":525,"regional_mig_internal_mig_arrivals_num":17386,"regional_mig_internal_mig_departures_num":15122,"pop_density_pop_density_p_p_km2":12.9,"regional_mig_ovs_mig_net_mig_num":696},"id":"abs_data_by_region_pop_and_people_asgs_sa4_2011_2018.672"},{"type":"Feature","properties":{"sa4_code16":"122","est_res_pop_ur_erp_30_jun_p_tot_num":271278,"regional_mig_ovs_mig_arrivals_num":6252,"yr":"2018","sa4_name16":"Sydney - Northern Beaches","ogc_fid":680,"regional_mig_internal_mig_net_mig_num":-1928,"regional_mig_ovs_mig_departures_num":3543,"regional_mig_internal_mig_arrivals_num":11285,"regional_mig_internal_mig_departures_num":13213,"pop_density_pop_density_p_p_km2":1067.2,"regional_mig_ovs_mig_net_mig_num":2709},"id":"abs_data_by_region_pop_and_people_asgs_sa4_2011_2018.680"},{"type":"Feature","properties":{"sa4_code16":"506","est_res_pop_ur_erp_30_jun_p_tot_num":515208,"regional_mig_ovs_mig_arrivals_num":12412,"yr":"2018","sa4_name16":"Perth - South East","ogc_fid":688,"regional_mig_internal_mig_net_mig_num":-3637,"regional_mig_ovs_mig_departures_num":8700,"regional_mig_internal_mig_arrivals_num":24393,"regional_mig_internal_mig_departures_num":28030,"pop_density_pop_density_p_p_km2":254.6,"regional_mig_ovs_mig_net_mig_num":3712},"id":"abs_data_by_region_pop_and_people_asgs_sa4_2011_2018.688"},{"type":"Feature","properties":{"sa4_code16":"604","est_res_pop_ur_erp_30_jun_p_tot_num":111954,"regional_mig_ovs_mig_arrivals_num":440,"yr":"2018","sa4_name16":"West and North West","ogc_fid":696,"regional_mig_internal_mig_net_mig_num":353,"regional_mig_ovs_mig_departures_num":193,"regional_mig_internal_mig_arrivals_num":4848,"regional_mig_internal_mig_departures_num":4495,"pop_density_pop_density_p_p_km2":5.0,"regional_mig_ovs_mig_net_mig_num":247},"id":"abs_data_by_region_pop_and_people_asgs_sa4_2011_2018.696"},{"type":"Feature","properties":{"sa4_code16":"701","est_res_pop_ur_erp_30_jun_p_tot_num":148564,"regional_mig_ovs_mig_arrivals_num":3791,"yr":"2018","sa4_name16":"Darwin","ogc_fid":704,"regional_mig_internal_mig_net_mig_num":-2804,"regional_mig_ovs_mig_departures_num":3152,"regional_mig_internal_mig_arrivals_num":10957,"regional_mig_internal_mig_departures_num":13761,"pop_density_pop_density_p_p_km2":47.0,"regional_mig_ovs_mig_net_mig_num":639},"id":"abs_data_by_region_pop_and_people_asgs_sa4_2011_2018.704"},{"type":"Feature","properties":{"sa4_code16":"901","est_res_pop_ur_erp_30_jun_p_tot_num":4626,"regional_mig_ovs_mig_arrivals_num":null,"yr":"2018","sa4_name16":"Other Territories","ogc_fid":712,"regional_mig_internal_mig_net_mig_num":null,"regional_mig_ovs_mig_departures_num":null,"regional_mig_internal_mig_arrivals_num":null,"regional_mig_internal_mig_departures_num":null,"pop_density_pop_density_p_p_km2":18.0,"regional_mig_ovs_mig_net_mig_num":null},"id":"abs_data_by_region_pop_and_people_asgs_sa4_2011_2018.712"}]}