{"organisation":"AU_Govt_ABS_Census","name":"sa4_w18a_occ_by_tot_prs_inc_by_non_scl_qual_lv_edu_census_2016","title":"SA4-W18a Occupation by Total Personal Income (weekly) by Non-School Qualification: Level of Education-Census 2016","legal":{"attribution":"{datasource.organisationTitle}, ({dataset.attributionYear}): {dataset.title}; accessed from AURIN on {dateOfAccess}.","attributionYear":"2017","clickthrough":false,"copyrightNotice":"&copy; {datasource.organisationTitle} {dataset.copyrightYear}","copyrightYear":"2017","licenceType":"Creative Commons Attribution 2.5 Australia (CC BY 2.5 AU)"},"referenceSystemIdentifier":"urn:x-ogc:def:crs:EPSG:4283","geoLevel":"sa4_2016","key":"sa4_code16","keyRegex":null,"availability":"true","geomField":"wkb_geometry","keyword":"wpp,2016,census,w18a,occupation,personal income,income,weekly income,education,qualification,work,working population profile","theme":null,"temporalExtent":{"beginDate":"2016-08-09T00:00:00","endDate":"2016-08-11T00:00:00","selectTime":false},"type":"dataset","_id":"dataset-AU_Govt_ABS_Census-sa4_w18a_occ_by_tot_prs_inc_by_non_scl_qual_lv_edu_census_2016-sa4_2016","bbox":null,"abstract":"SA4 based data for Occupation by Total Personal Income (Weekly) by Non-school Qualification: Level of Education, in Working Population Profile (WPP), 2016 Census. Count of employed persons aged 15 years and over with a qualification. Excludes schooling up to Year 12. Excludes persons with a qualification out of the scope of the Australian Standard Classification of Education (ASCED). W18 is broken up into 5 sections (W18a - W18e), this section contains 'Higher qualifications Negative Nil income Managers' - 'Certificate level Not further defined $300-$399 Total'. The data is by SA4 2016 boundaries. Periodicity: 5-Yearly. <br/>\nNote: There are small random adjustments made to all cell values to protect the confidentiality of data. These adjustments may cause the sum of rows or columns to differ by small amounts from table totals.<br/>\nFor more information visit the data source: <a href=http://www.abs.gov.au/census>http://www.abs.gov.au/census</a>. \n","selectedAttributes":[{"name":"sa4_code16","type":"String","title":"SA4 Code 2016","description":"SA4 Code 2016.","stype":"nominal","isDimension":false},{"name":"cl_nfd_1_149_claw","type":"Integer","title":"Certificate level Not further defined $1-$149 Clerical and administrative workers","description":"Certificate level Not further defined $1-$149 Clerical and administrative workers.","stype":"ratio","isDimension":false},{"name":"cl_nfd_1_149_copsw","type":"Integer","title":"Certificate level Not further defined $1-$149 Community and personal service workers","description":"Certificate level Not further defined $1-$149 Community and personal service workers.","stype":"ratio","isDimension":false},{"name":"cl_nfd_1_149_idns","type":"Integer","title":"Certificate level Not further defined $1-$149 Inadequately described Not stated","description":"Certificate level Not further defined $1-$149 Inadequately described Not stated.","stype":"ratio","isDimension":false},{"name":"cl_nfd_1_149_lab","type":"Integer","title":"Certificate level Not further defined $1-$149 Labourers","description":"Certificate level Not further defined $1-$149 Labourers.","stype":"ratio","isDimension":false},{"name":"cl_nfd_1_149_maopdv","type":"Integer","title":"Certificate level Not further defined $1-$149 Machinery operators and drivers","description":"Certificate level Not further defined $1-$149 Machinery operators and drivers.","stype":"ratio","isDimension":false},{"name":"cl_nfd_1_149_mng","type":"Integer","title":"Certificate level Not further defined $1-$149 Managers","description":"Certificate level Not further defined $1-$149 Managers.","stype":"ratio","isDimension":false},{"name":"cl_nfd_1_149_pro","type":"Integer","title":"Certificate level Not further defined $1-$149 Professionals","description":"Certificate level Not further defined $1-$149 Professionals.","stype":"ratio","isDimension":false},{"name":"cl_nfd_1_149_swks","type":"Integer","title":"Certificate level Not further defined $1-$149 Sales workers","description":"Certificate level Not further defined $1-$149 Sales workers.","stype":"ratio","isDimension":false},{"name":"cl_nfd_1_149_tectw","type":"Integer","title":"Certificate level Not further defined $1-$149 Technicians and trades workers","description":"Certificate level Not further defined $1-$149 Technicians and trades workers.","stype":"ratio","isDimension":false},{"name":"cl_nfd_1_149_tot","type":"Integer","title":"Certificate level Not further defined $1-$149 Total","description":"Certificate level Not further defined $1-$149 Total.","stype":"ratio","isDimension":false},{"name":"cl_nfd_150_299_claw","type":"Integer","title":"Certificate level Not further defined $150-$299 Clerical and administrative workers","description":"Certificate level Not further defined $150-$299 Clerical and administrative workers.","stype":"ratio","isDimension":false},{"name":"cl_nfd_150_299_copsw","type":"Integer","title":"Certificate level Not further defined $150-$299 Community and personal service workers","description":"Certificate level Not further defined $150-$299 Community and personal service workers.","stype":"ratio","isDimension":false},{"name":"cl_nfd_150_299_idns","type":"Integer","title":"Certificate level Not further defined $150-$299 Inadequately described Not stated","description":"Certificate level Not further defined $150-$299 Inadequately described Not stated.","stype":"ratio","isDimension":false},{"name":"cl_nfd_150_299_lab","type":"Integer","title":"Certificate level Not further defined $150-$299 Labourers","description":"Certificate level Not further defined $150-$299 Labourers.","stype":"ratio","isDimension":false},{"name":"cl_nfd_150_299_maopdv","type":"Integer","title":"Certificate level Not further defined $150-$299 Machinery operators and drivers","description":"Certificate level Not further defined $150-$299 Machinery operators and drivers.","stype":"ratio","isDimension":false},{"name":"cl_nfd_150_299_mng","type":"Integer","title":"Certificate level Not further defined $150-$299 Managers","description":"Certificate level Not further defined $150-$299 Managers.","stype":"ratio","isDimension":false},{"name":"cl_nfd_150_299_pro","type":"Integer","title":"Certificate level Not further defined $150-$299 Professionals","description":"Certificate level Not further defined $150-$299 Professionals.","stype":"ratio","isDimension":false},{"name":"cl_nfd_150_299_swks","type":"Integer","title":"Certificate level Not further defined $150-$299 Sales workers","description":"Certificate level Not further defined $150-$299 Sales workers.","stype":"ratio","isDimension":false},{"name":"cl_nfd_150_299_tectw","type":"Integer","title":"Certificate level Not further defined $150-$299 Technicians and trades workers","description":"Certificate level Not further defined $150-$299 Technicians and trades workers.","stype":"ratio","isDimension":false},{"name":"cl_nfd_150_299_tot","type":"Integer","title":"Certificate level Not further defined $150-$299 Total","description":"Certificate level Not further defined $150-$299 Total.","stype":"ratio","isDimension":false},{"name":"cl_nfd_300_399_claw","type":"Integer","title":"Certificate level Not further defined $300-$399 Clerical and administrative workers","description":"Certificate level Not further defined $300-$399 Clerical and administrative workers.","stype":"ratio","isDimension":false},{"name":"cl_nfd_300_399_copsw","type":"Integer","title":"Certificate level Not further defined $300-$399 Community and personal service workers","description":"Certificate level Not further defined $300-$399 Community and personal service workers.","stype":"ratio","isDimension":false},{"name":"cl_nfd_300_399_idns","type":"Integer","title":"Certificate level Not further defined $300-$399 Inadequately described Not stated","description":"Certificate level Not further defined $300-$399 Inadequately described Not stated.","stype":"ratio","isDimension":false},{"name":"cl_nfd_300_399_lab","type":"Integer","title":"Certificate level Not further defined $300-$399 Labourers","description":"Certificate level Not further defined $300-$399 Labourers.","stype":"ratio","isDimension":false},{"name":"cl_nfd_300_399_maopdv","type":"Integer","title":"Certificate level Not further defined $300-$399 Machinery operators and drivers","description":"Certificate level Not further defined $300-$399 Machinery operators and drivers.","stype":"ratio","isDimension":false},{"name":"cl_nfd_300_399_mng","type":"Integer","title":"Certificate level Not further defined $300-$399 Managers","description":"Certificate level Not further defined $300-$399 Managers.","stype":"ratio","isDimension":false},{"name":"cl_nfd_300_399_pro","type":"Integer","title":"Certificate level Not further defined $300-$399 Professionals","description":"Certificate level Not further defined $300-$399 Professionals.","stype":"ratio","isDimension":false},{"name":"cl_nfd_300_399_swks","type":"Integer","title":"Certificate level Not further defined $300-$399 Sales workers","description":"Certificate level Not further defined $300-$399 Sales workers.","stype":"ratio","isDimension":false},{"name":"cl_nfd_300_399_tectw","type":"Integer","title":"Certificate level Not further defined $300-$399 Technicians and trades workers","description":"Certificate level Not further defined $300-$399 Technicians and trades workers.","stype":"ratio","isDimension":false},{"name":"cl_nfd_300_399_tot","type":"Integer","title":"Certificate level Not further defined $300-$399 Total","description":"Certificate level Not further defined $300-$399 Total.","stype":"ratio","isDimension":false},{"name":"cl_nfd_nni_claw","type":"Integer","title":"Certificate level Not further defined Negative Nil income Clerical and administrative workers","description":"Certificate level Not further defined Negative Nil income Clerical and administrative workers.","stype":"ratio","isDimension":false},{"name":"cl_nfd_nni_copsw","type":"Integer","title":"Certificate level Not further defined Negative Nil income Community and personal service workers","description":"Certificate level Not further defined Negative Nil income Community and personal service workers.","stype":"ratio","isDimension":false},{"name":"cl_nfd_nni_idns","type":"Integer","title":"Certificate level Not further defined Negative Nil income Inadequately described Not stated","description":"Certificate level Not further defined Negative Nil income Inadequately described Not stated.","stype":"ratio","isDimension":false},{"name":"cl_nfd_nni_lab","type":"Integer","title":"Certificate level Not further defined Negative Nil income Labourers","description":"Certificate level Not further defined Negative Nil income Labourers.","stype":"ratio","isDimension":false},{"name":"cl_nfd_nni_maopdv","type":"Integer","title":"Certificate level Not further defined Negative Nil income Machinery operators and drivers","description":"Certificate level Not further defined Negative Nil income Machinery operators and drivers.","stype":"ratio","isDimension":false},{"name":"cl_nfd_nni_mng","type":"Integer","title":"Certificate level Not further defined Negative Nil income Managers","description":"Certificate level Not further defined Negative Nil income Managers.","stype":"ratio","isDimension":false},{"name":"cl_nfd_nni_pro","type":"Integer","title":"Certificate level Not further defined Negative Nil income Professionals","description":"Certificate level Not further defined Negative Nil income Professionals.","stype":"ratio","isDimension":false},{"name":"cl_nfd_nni_swks","type":"Integer","title":"Certificate level Not further defined Negative Nil income Sales workers","description":"Certificate level Not further defined Negative Nil income Sales workers.","stype":"ratio","isDimension":false},{"name":"cl_nfd_nni_tectw","type":"Integer","title":"Certificate level Not further defined Negative Nil income Technicians and trades workers","description":"Certificate level Not further defined Negative Nil income Technicians and trades workers.","stype":"ratio","isDimension":false},{"name":"cl_nfd_nni_tot","type":"Integer","title":"Certificate level Not further defined Negative Nil income Total","description":"Certificate level Not further defined Negative Nil income Total.","stype":"ratio","isDimension":false},{"name":"hq_1000_1249_claw","type":"Integer","title":"Higher qualifications $1000-$1249 Clerical and administrative workers","description":"Higher qualifications $1000-$1249 Clerical and administrative workers.","stype":"ratio","isDimension":false},{"name":"hq_1000_1249_copsw","type":"Integer","title":"Higher qualifications $1000-$1249 Community and personal service workers","description":"Higher qualifications $1000-$1249 Community and personal service workers.","stype":"ratio","isDimension":false},{"name":"hq_1000_1249_idns","type":"Integer","title":"Higher qualifications $1000-$1249 Inadequately described Not stated","description":"Higher qualifications $1000-$1249 Inadequately described Not stated.","stype":"ratio","isDimension":false},{"name":"hq_1000_1249_lab","type":"Integer","title":"Higher qualifications $1000-$1249 Labourers","description":"Higher qualifications $1000-$1249 Labourers.","stype":"ratio","isDimension":false},{"name":"hq_1000_1249_maopdv","type":"Integer","title":"Higher qualifications $1000-$1249 Machinery operators and drivers","description":"Higher qualifications $1000-$1249 Machinery operators and drivers.","stype":"ratio","isDimension":false},{"name":"hq_1000_1249_mng","type":"Integer","title":"Higher qualifications $1000-$1249 Managers","description":"Higher qualifications $1000-$1249 Managers.","stype":"ratio","isDimension":false},{"name":"hq_1000_1249_pro","type":"Integer","title":"Higher qualifications $1000-$1249 Professionals","description":"Higher qualifications $1000-$1249 Professionals.","stype":"ratio","isDimension":false},{"name":"hq_1000_1249_swks","type":"Integer","title":"Higher qualifications $1000-$1249 Sales workers","description":"Higher qualifications $1000-$1249 Sales workers.","stype":"ratio","isDimension":false},{"name":"hq_1000_1249_tectw","type":"Integer","title":"Higher qualifications $1000-$1249 Technicians and trades workers","description":"Higher qualifications $1000-$1249 Technicians and trades workers.","stype":"ratio","isDimension":false},{"name":"hq_1000_1249_tot","type":"Integer","title":"Higher qualifications $1000-$1249 Total","description":"Higher qualifications $1000-$1249 Total.","stype":"ratio","isDimension":false},{"name":"hq_1_149_claw","type":"Integer","title":"Higher qualifications $1-$149 Clerical and administrative workers","description":"Higher qualifications $1-$149 Clerical and administrative workers.","stype":"ratio","isDimension":false},{"name":"hq_1_149_copsw","type":"Integer","title":"Higher qualifications $1-$149 Community and personal service workers","description":"Higher qualifications $1-$149 Community and personal service workers.","stype":"ratio","isDimension":false},{"name":"hq_1_149_idns","type":"Integer","title":"Higher qualifications $1-$149 Inadequately described Not stated","description":"Higher qualifications $1-$149 Inadequately described Not stated.","stype":"ratio","isDimension":false},{"name":"hq_1_149_lab","type":"Integer","title":"Higher qualifications $1-$149 Labourers","description":"Higher qualifications $1-$149 Labourers.","stype":"ratio","isDimension":false},{"name":"hq_1_149_maopdv","type":"Integer","title":"Higher qualifications $1-$149 Machinery operators and drivers","description":"Higher qualifications $1-$149 Machinery operators and drivers.","stype":"ratio","isDimension":false},{"name":"hq_1_149_mng","type":"Integer","title":"Higher qualifications $1-$149 Managers","description":"Higher qualifications $1-$149 Managers.","stype":"ratio","isDimension":false},{"name":"hq_1_149_pro","type":"Integer","title":"Higher qualifications $1-$149 Professionals","description":"Higher qualifications $1-$149 Professionals.","stype":"ratio","isDimension":false},{"name":"hq_1_149_swks","type":"Integer","title":"Higher qualifications $1-$149 Sales workers","description":"Higher qualifications $1-$149 Sales workers.","stype":"ratio","isDimension":false},{"name":"hq_1_149_tectw","type":"Integer","title":"Higher qualifications $1-$149 Technicians and trades workers","description":"Higher qualifications $1-$149 Technicians and trades workers.","stype":"ratio","isDimension":false},{"name":"hq_1_149_tot","type":"Integer","title":"Higher qualifications $1-$149 Total","description":"Higher qualifications $1-$149 Total.","stype":"ratio","isDimension":false},{"name":"hq_1250_1499_claw","type":"Integer","title":"Higher qualifications $1250-$1499 Clerical and administrative workers","description":"Higher qualifications $1250-$1499 Clerical and administrative workers.","stype":"ratio","isDimension":false},{"name":"hq_1250_1499_copsw","type":"Integer","title":"Higher qualifications $1250-$1499 Community and personal service workers","description":"Higher qualifications $1250-$1499 Community and personal service workers.","stype":"ratio","isDimension":false},{"name":"hq_1250_1499_idns","type":"Integer","title":"Higher qualifications $1250-$1499 Inadequately described Not stated","description":"Higher qualifications $1250-$1499 Inadequately described Not stated.","stype":"ratio","isDimension":false},{"name":"hq_1250_1499_lab","type":"Integer","title":"Higher qualifications $1250-$1499 Labourers","description":"Higher qualifications $1250-$1499 Labourers.","stype":"ratio","isDimension":false},{"name":"hq_1250_1499_maopdv","type":"Integer","title":"Higher qualifications $1250-$1499 Machinery operators and drivers","description":"Higher qualifications $1250-$1499 Machinery operators and drivers.","stype":"ratio","isDimension":false},{"name":"hq_1250_1499_mng","type":"Integer","title":"Higher qualifications $1250-$1499 Managers","description":"Higher qualifications $1250-$1499 Managers.","stype":"ratio","isDimension":false},{"name":"hq_1250_1499_pro","type":"Integer","title":"Higher qualifications $1250-$1499 Professionals","description":"Higher qualifications $1250-$1499 Professionals.","stype":"ratio","isDimension":false},{"name":"hq_1250_1499_swks","type":"Integer","title":"Higher qualifications $1250-$1499 Sales workers","description":"Higher qualifications $1250-$1499 Sales workers.","stype":"ratio","isDimension":false},{"name":"hq_1250_1499_tectw","type":"Integer","title":"Higher qualifications $1250-$1499 Technicians and trades workers","description":"Higher qualifications $1250-$1499 Technicians and trades workers.","stype":"ratio","isDimension":false},{"name":"hq_1250_1499_tot","type":"Integer","title":"Higher qualifications $1250-$1499 Total","description":"Higher qualifications $1250-$1499 Total.","stype":"ratio","isDimension":false},{"name":"hq_1500_1749_claw","type":"Integer","title":"Higher qualifications $1500-$1749 Clerical and administrative workers","description":"Higher qualifications $1500-$1749 Clerical and administrative workers.","stype":"ratio","isDimension":false},{"name":"hq_1500_1749_copsw","type":"Integer","title":"Higher qualifications $1500-$1749 Community and personal service workers","description":"Higher qualifications $1500-$1749 Community and personal service workers.","stype":"ratio","isDimension":false},{"name":"hq_1500_1749_idns","type":"Integer","title":"Higher qualifications $1500-$1749 Inadequately described Not stated","description":"Higher qualifications $1500-$1749 Inadequately described Not stated.","stype":"ratio","isDimension":false},{"name":"hq_1500_1749_lab","type":"Integer","title":"Higher qualifications $1500-$1749 Labourers","description":"Higher qualifications $1500-$1749 Labourers.","stype":"ratio","isDimension":false},{"name":"hq_1500_1749_maopdv","type":"Integer","title":"Higher qualifications $1500-$1749 Machinery operators and drivers","description":"Higher qualifications $1500-$1749 Machinery operators and drivers.","stype":"ratio","isDimension":false},{"name":"hq_1500_1749_mng","type":"Integer","title":"Higher qualifications $1500-$1749 Managers","description":"Higher qualifications $1500-$1749 Managers.","stype":"ratio","isDimension":false},{"name":"hq_1500_1749_pro","type":"Integer","title":"Higher qualifications $1500-$1749 Professionals","description":"Higher qualifications $1500-$1749 Professionals.","stype":"ratio","isDimension":false},{"name":"hq_1500_1749_swks","type":"Integer","title":"Higher qualifications $1500-$1749 Sales workers","description":"Higher qualifications $1500-$1749 Sales workers.","stype":"ratio","isDimension":false},{"name":"hq_1500_1749_tectw","type":"Integer","title":"Higher qualifications $1500-$1749 Technicians and trades workers","description":"Higher qualifications $1500-$1749 Technicians and trades workers.","stype":"ratio","isDimension":false},{"name":"hq_1500_1749_tot","type":"Integer","title":"Higher qualifications $1500-$1749 Total","description":"Higher qualifications $1500-$1749 Total.","stype":"ratio","isDimension":false},{"name":"hq_150_299_claw","type":"Integer","title":"Higher qualifications $150-$299 Clerical and administrative workers","description":"Higher qualifications $150-$299 Clerical and administrative workers.","stype":"ratio","isDimension":false},{"name":"hq_150_299_copsw","type":"Integer","title":"Higher qualifications $150-$299 Community and personal service workers","description":"Higher qualifications $150-$299 Community and personal service workers.","stype":"ratio","isDimension":false},{"name":"hq_150_299_idns","type":"Integer","title":"Higher qualifications $150-$299 Inadequately described Not stated","description":"Higher qualifications $150-$299 Inadequately described Not stated.","stype":"ratio","isDimension":false},{"name":"hq_150_299_lab","type":"Integer","title":"Higher qualifications $150-$299 Labourers","description":"Higher qualifications $150-$299 Labourers.","stype":"ratio","isDimension":false},{"name":"hq_150_299_maopdv","type":"Integer","title":"Higher qualifications $150-$299 Machinery operators and drivers","description":"Higher qualifications $150-$299 Machinery operators and drivers.","stype":"ratio","isDimension":false},{"name":"hq_150_299_mng","type":"Integer","title":"Higher qualifications $150-$299 Managers","description":"Higher qualifications $150-$299 Managers.","stype":"ratio","isDimension":false},{"name":"hq_150_299_pro","type":"Integer","title":"Higher qualifications $150-$299 Professionals","description":"Higher qualifications $150-$299 Professionals.","stype":"ratio","isDimension":false},{"name":"hq_150_299_swks","type":"Integer","title":"Higher qualifications $150-$299 Sales workers","description":"Higher qualifications $150-$299 Sales workers.","stype":"ratio","isDimension":false},{"name":"hq_150_299_tectw","type":"Integer","title":"Higher qualifications $150-$299 Technicians and trades workers","description":"Higher qualifications $150-$299 Technicians and trades workers.","stype":"ratio","isDimension":false},{"name":"hq_150_299_tot","type":"Integer","title":"Higher qualifications $150-$299 Total","description":"Higher qualifications $150-$299 Total.","stype":"ratio","isDimension":false},{"name":"hq_1750_1999_claw","type":"Integer","title":"Higher qualifications $1750-$1999 Clerical and administrative workers","description":"Higher qualifications $1750-$1999 Clerical and administrative workers.","stype":"ratio","isDimension":false},{"name":"hq_1750_1999_copsw","type":"Integer","title":"Higher qualifications $1750-$1999 Community and personal service workers","description":"Higher qualifications $1750-$1999 Community and personal service workers.","stype":"ratio","isDimension":false},{"name":"hq_1750_1999_idns","type":"Integer","title":"Higher qualifications $1750-$1999 Inadequately described Not stated","description":"Higher qualifications $1750-$1999 Inadequately described Not stated.","stype":"ratio","isDimension":false},{"name":"hq_1750_1999_lab","type":"Integer","title":"Higher qualifications $1750-$1999 Labourers","description":"Higher qualifications $1750-$1999 Labourers.","stype":"ratio","isDimension":false},{"name":"hq_1750_1999_maopdv","type":"Integer","title":"Higher qualifications $1750-$1999 Machinery operators and drivers","description":"Higher qualifications $1750-$1999 Machinery operators and drivers.","stype":"ratio","isDimension":false},{"name":"hq_1750_1999_mng","type":"Integer","title":"Higher qualifications $1750-$1999 Managers","description":"Higher qualifications $1750-$1999 Managers.","stype":"ratio","isDimension":false},{"name":"hq_1750_1999_pro","type":"Integer","title":"Higher qualifications $1750-$1999 Professionals","description":"Higher qualifications $1750-$1999 Professionals.","stype":"ratio","isDimension":false},{"name":"hq_1750_1999_swks","type":"Integer","title":"Higher qualifications $1750-$1999 Sales workers","description":"Higher qualifications $1750-$1999 Sales workers.","stype":"ratio","isDimension":false},{"name":"hq_1750_1999_tectw","type":"Integer","title":"Higher qualifications $1750-$1999 Technicians and trades workers","description":"Higher qualifications $1750-$1999 Technicians and trades workers.","stype":"ratio","isDimension":false},{"name":"hq_1750_1999_tot","type":"Integer","title":"Higher qualifications $1750-$1999 Total","description":"Higher qualifications $1750-$1999 Total.","stype":"ratio","isDimension":false},{"name":"hq_2000_2999_claw","type":"Integer","title":"Higher qualifications $2000-$2999 Clerical and administrative workers","description":"Higher qualifications $2000-$2999 Clerical and administrative workers.","stype":"ratio","isDimension":false},{"name":"hq_2000_2999_copsw","type":"Integer","title":"Higher qualifications $2000-$2999 Community and personal service workers","description":"Higher qualifications $2000-$2999 Community and personal service workers.","stype":"ratio","isDimension":false},{"name":"hq_2000_2999_idns","type":"Integer","title":"Higher qualifications $2000-$2999 Inadequately described Not stated","description":"Higher qualifications $2000-$2999 Inadequately described Not stated.","stype":"ratio","isDimension":false},{"name":"hq_2000_2999_lab","type":"Integer","title":"Higher qualifications $2000-$2999 Labourers","description":"Higher qualifications $2000-$2999 Labourers.","stype":"ratio","isDimension":false},{"name":"hq_2000_2999_maopdv","type":"Integer","title":"Higher qualifications $2000-$2999 Machinery operators and drivers","description":"Higher qualifications $2000-$2999 Machinery operators and drivers.","stype":"ratio","isDimension":false},{"name":"hq_2000_2999_mng","type":"Integer","title":"Higher qualifications $2000-$2999 Managers","description":"Higher qualifications $2000-$2999 Managers.","stype":"ratio","isDimension":false},{"name":"hq_2000_2999_pro","type":"Integer","title":"Higher qualifications $2000-$2999 Professionals","description":"Higher qualifications $2000-$2999 Professionals.","stype":"ratio","isDimension":false},{"name":"hq_2000_2999_swks","type":"Integer","title":"Higher qualifications $2000-$2999 Sales workers","description":"Higher qualifications $2000-$2999 Sales workers.","stype":"ratio","isDimension":false},{"name":"hq_2000_2999_tectw","type":"Integer","title":"Higher qualifications $2000-$2999 Technicians and trades workers","description":"Higher qualifications $2000-$2999 Technicians and trades workers.","stype":"ratio","isDimension":false},{"name":"hq_2000_2999_tot","type":"Integer","title":"Higher qualifications $2000-$2999 Total","description":"Higher qualifications $2000-$2999 Total.","stype":"ratio","isDimension":false},{"name":"hq_3000mo_claw","type":"Integer","title":"Higher qualifications $3000 or more Clerical and administrative workers","description":"Higher qualifications $3000 or more Clerical and administrative workers.","stype":"ratio","isDimension":false},{"name":"hq_3000mo_copsw","type":"Integer","title":"Higher qualifications $3000 or more Community and personal service workers","description":"Higher qualifications $3000 or more Community and personal service workers.","stype":"ratio","isDimension":false},{"name":"hq_3000mo_idns","type":"Integer","title":"Higher qualifications $3000 or more Inadequately described Not stated","description":"Higher qualifications $3000 or more Inadequately described Not stated.","stype":"ratio","isDimension":false},{"name":"hq_3000mo_lab","type":"Integer","title":"Higher qualifications $3000 or more Labourers","description":"Higher qualifications $3000 or more Labourers.","stype":"ratio","isDimension":false},{"name":"hq_3000mo_maopdv","type":"Integer","title":"Higher qualifications $3000 or more Machinery operators and drivers","description":"Higher qualifications $3000 or more Machinery operators and drivers.","stype":"ratio","isDimension":false},{"name":"hq_3000mo_mng","type":"Integer","title":"Higher qualifications $3000 or more Managers","description":"Higher qualifications $3000 or more Managers.","stype":"ratio","isDimension":false},{"name":"hq_3000mo_pro","type":"Integer","title":"Higher qualifications $3000 or more Professionals","description":"Higher qualifications $3000 or more Professionals.","stype":"ratio","isDimension":false},{"name":"hq_3000mo_swks","type":"Integer","title":"Higher qualifications $3000 or more Sales workers","description":"Higher qualifications $3000 or more Sales workers.","stype":"ratio","isDimension":false},{"name":"hq_3000mo_tectw","type":"Integer","title":"Higher qualifications $3000 or more Technicians and trades workers","description":"Higher qualifications $3000 or more Technicians and trades workers.","stype":"ratio","isDimension":false},{"name":"hq_3000mo_tot","type":"Integer","title":"Higher qualifications $3000 or more Total","description":"Higher qualifications $3000 or more Total.","stype":"ratio","isDimension":false},{"name":"hq_300_399_claw","type":"Integer","title":"Higher qualifications $300-$399 Clerical and administrative workers","description":"Higher qualifications $300-$399 Clerical and administrative workers.","stype":"ratio","isDimension":false},{"name":"hq_300_399_copsw","type":"Integer","title":"Higher qualifications $300-$399 Community and personal service workers","description":"Higher qualifications $300-$399 Community and personal service workers.","stype":"ratio","isDimension":false},{"name":"hq_300_399_idns","type":"Integer","title":"Higher qualifications $300-$399 Inadequately described Not stated","description":"Higher qualifications $300-$399 Inadequately described Not stated.","stype":"ratio","isDimension":false},{"name":"hq_300_399_lab","type":"Integer","title":"Higher qualifications $300-$399 Labourers","description":"Higher qualifications $300-$399 Labourers.","stype":"ratio","isDimension":false},{"name":"hq_300_399_maopdv","type":"Integer","title":"Higher qualifications $300-$399 Machinery operators and drivers","description":"Higher qualifications $300-$399 Machinery operators and drivers.","stype":"ratio","isDimension":false},{"name":"hq_300_399_mng","type":"Integer","title":"Higher qualifications $300-$399 Managers","description":"Higher qualifications $300-$399 Managers.","stype":"ratio","isDimension":false},{"name":"hq_300_399_pro","type":"Integer","title":"Higher qualifications $300-$399 Professionals","description":"Higher qualifications $300-$399 Professionals.","stype":"ratio","isDimension":false},{"name":"hq_300_399_swks","type":"Integer","title":"Higher qualifications $300-$399 Sales workers","description":"Higher qualifications $300-$399 Sales workers.","stype":"ratio","isDimension":false},{"name":"hq_300_399_tectw","type":"Integer","title":"Higher qualifications $300-$399 Technicians and trades workers","description":"Higher qualifications $300-$399 Technicians and trades workers.","stype":"ratio","isDimension":false},{"name":"hq_300_399_tot","type":"Integer","title":"Higher qualifications $300-$399 Total","description":"Higher qualifications $300-$399 Total.","stype":"ratio","isDimension":false},{"name":"hq_400_499_claw","type":"Integer","title":"Higher qualifications $400-$499 Clerical and administrative workers","description":"Higher qualifications $400-$499 Clerical and administrative workers.","stype":"ratio","isDimension":false},{"name":"hq_400_499_copsw","type":"Integer","title":"Higher qualifications $400-$499 Community and personal service workers","description":"Higher qualifications $400-$499 Community and personal service workers.","stype":"ratio","isDimension":false},{"name":"hq_400_499_idns","type":"Integer","title":"Higher qualifications $400-$499 Inadequately described Not stated","description":"Higher qualifications $400-$499 Inadequately described Not stated.","stype":"ratio","isDimension":false},{"name":"hq_400_499_lab","type":"Integer","title":"Higher qualifications $400-$499 Labourers","description":"Higher qualifications $400-$499 Labourers.","stype":"ratio","isDimension":false},{"name":"hq_400_499_maopdv","type":"Integer","title":"Higher qualifications $400-$499 Machinery operators and drivers","description":"Higher qualifications $400-$499 Machinery operators and drivers.","stype":"ratio","isDimension":false},{"name":"hq_400_499_mng","type":"Integer","title":"Higher qualifications $400-$499 Managers","description":"Higher qualifications $400-$499 Managers.","stype":"ratio","isDimension":false},{"name":"hq_400_499_pro","type":"Integer","title":"Higher qualifications $400-$499 Professionals","description":"Higher qualifications $400-$499 Professionals.","stype":"ratio","isDimension":false},{"name":"hq_400_499_swks","type":"Integer","title":"Higher qualifications $400-$499 Sales workers","description":"Higher qualifications $400-$499 Sales workers.","stype":"ratio","isDimension":false},{"name":"hq_400_499_tectw","type":"Integer","title":"Higher qualifications $400-$499 Technicians and trades workers","description":"Higher qualifications $400-$499 Technicians and trades workers.","stype":"ratio","isDimension":false},{"name":"hq_400_499_tot","type":"Integer","title":"Higher qualifications $400-$499 Total","description":"Higher qualifications $400-$499 Total.","stype":"ratio","isDimension":false},{"name":"hq_500_649_claw","type":"Integer","title":"Higher qualifications $500-$649 Clerical and administrative workers","description":"Higher qualifications $500-$649 Clerical and administrative workers.","stype":"ratio","isDimension":false},{"name":"hq_500_649_copsw","type":"Integer","title":"Higher qualifications $500-$649 Community and personal service workers","description":"Higher qualifications $500-$649 Community and personal service workers.","stype":"ratio","isDimension":false},{"name":"hq_500_649_idns","type":"Integer","title":"Higher qualifications $500-$649 Inadequately described Not stated","description":"Higher qualifications $500-$649 Inadequately described Not stated.","stype":"ratio","isDimension":false},{"name":"hq_500_649_lab","type":"Integer","title":"Higher qualifications $500-$649 Labourers","description":"Higher qualifications $500-$649 Labourers.","stype":"ratio","isDimension":false},{"name":"hq_500_649_maopdv","type":"Integer","title":"Higher qualifications $500-$649 Machinery operators and drivers","description":"Higher qualifications $500-$649 Machinery operators and drivers.","stype":"ratio","isDimension":false},{"name":"hq_500_649_mng","type":"Integer","title":"Higher qualifications $500-$649 Managers","description":"Higher qualifications $500-$649 Managers.","stype":"ratio","isDimension":false},{"name":"hq_500_649_pro","type":"Integer","title":"Higher qualifications $500-$649 Professionals","description":"Higher qualifications $500-$649 Professionals.","stype":"ratio","isDimension":false},{"name":"hq_500_649_swks","type":"Integer","title":"Higher qualifications $500-$649 Sales workers","description":"Higher qualifications $500-$649 Sales workers.","stype":"ratio","isDimension":false},{"name":"hq_500_649_tectw","type":"Integer","title":"Higher qualifications $500-$649 Technicians and trades workers","description":"Higher qualifications $500-$649 Technicians and trades workers.","stype":"ratio","isDimension":false},{"name":"hq_500_649_tot","type":"Integer","title":"Higher qualifications $500-$649 Total","description":"Higher qualifications $500-$649 Total.","stype":"ratio","isDimension":false},{"name":"hq_650_799_claw","type":"Integer","title":"Higher qualifications $650-$799 Clerical and administrative workers","description":"Higher qualifications $650-$799 Clerical and administrative workers.","stype":"ratio","isDimension":false},{"name":"hq_650_799_copsw","type":"Integer","title":"Higher qualifications $650-$799 Community and personal service workers","description":"Higher qualifications $650-$799 Community and personal service workers.","stype":"ratio","isDimension":false},{"name":"hq_650_799_idns","type":"Integer","title":"Higher qualifications $650-$799 Inadequately described Not stated","description":"Higher qualifications $650-$799 Inadequately described Not stated.","stype":"ratio","isDimension":false},{"name":"hq_650_799_lab","type":"Integer","title":"Higher qualifications $650-$799 Labourers","description":"Higher qualifications $650-$799 Labourers.","stype":"ratio","isDimension":false},{"name":"hq_650_799_maopdv","type":"Integer","title":"Higher qualifications $650-$799 Machinery operators and drivers","description":"Higher qualifications $650-$799 Machinery operators and drivers.","stype":"ratio","isDimension":false},{"name":"hq_650_799_mng","type":"Integer","title":"Higher qualifications $650-$799 Managers","description":"Higher qualifications $650-$799 Managers.","stype":"ratio","isDimension":false},{"name":"hq_650_799_pro","type":"Integer","title":"Higher qualifications $650-$799 Professionals","description":"Higher qualifications $650-$799 Professionals.","stype":"ratio","isDimension":false},{"name":"hq_650_799_swks","type":"Integer","title":"Higher qualifications $650-$799 Sales workers","description":"Higher qualifications $650-$799 Sales workers.","stype":"ratio","isDimension":false},{"name":"hq_650_799_tectw","type":"Integer","title":"Higher qualifications $650-$799 Technicians and trades workers","description":"Higher qualifications $650-$799 Technicians and trades workers.","stype":"ratio","isDimension":false},{"name":"hq_650_799_tot","type":"Integer","title":"Higher qualifications $650-$799 Total","description":"Higher qualifications $650-$799 Total.","stype":"ratio","isDimension":false},{"name":"hq_800_999_claw","type":"Integer","title":"Higher qualifications $800-$999 Clerical and administrative workers","description":"Higher qualifications $800-$999 Clerical and administrative workers.","stype":"ratio","isDimension":false},{"name":"hq_800_999_copsw","type":"Integer","title":"Higher qualifications $800-$999 Community and personal service workers","description":"Higher qualifications $800-$999 Community and personal service workers.","stype":"ratio","isDimension":false},{"name":"hq_800_999_idns","type":"Integer","title":"Higher qualifications $800-$999 Inadequately described Not stated","description":"Higher qualifications $800-$999 Inadequately described Not stated.","stype":"ratio","isDimension":false},{"name":"hq_800_999_lab","type":"Integer","title":"Higher qualifications $800-$999 Labourers","description":"Higher qualifications $800-$999 Labourers.","stype":"ratio","isDimension":false},{"name":"hq_800_999_maopdv","type":"Integer","title":"Higher qualifications $800-$999 Machinery operators and drivers","description":"Higher qualifications $800-$999 Machinery operators and drivers.","stype":"ratio","isDimension":false},{"name":"hq_800_999_mng","type":"Integer","title":"Higher qualifications $800-$999 Managers","description":"Higher qualifications $800-$999 Managers.","stype":"ratio","isDimension":false},{"name":"hq_800_999_pro","type":"Integer","title":"Higher qualifications $800-$999 Professionals","description":"Higher qualifications $800-$999 Professionals.","stype":"ratio","isDimension":false},{"name":"hq_800_999_swks","type":"Integer","title":"Higher qualifications $800-$999 Sales workers","description":"Higher qualifications $800-$999 Sales workers.","stype":"ratio","isDimension":false},{"name":"hq_800_999_tectw","type":"Integer","title":"Higher qualifications $800-$999 Technicians and trades workers","description":"Higher qualifications $800-$999 Technicians and trades workers.","stype":"ratio","isDimension":false},{"name":"hq_800_999_tot","type":"Integer","title":"Higher qualifications $800-$999 Total","description":"Higher qualifications $800-$999 Total.","stype":"ratio","isDimension":false},{"name":"hq_nni_claw","type":"Integer","title":"Higher qualifications Negative Nil income Clerical and administrative workers","description":"Higher qualifications Negative Nil income Clerical and administrative workers.","stype":"ratio","isDimension":false},{"name":"hq_nni_copsw","type":"Integer","title":"Higher qualifications Negative Nil income Community and personal service workers","description":"Higher qualifications Negative Nil income Community and personal service workers.","stype":"ratio","isDimension":false},{"name":"hq_nni_idns","type":"Integer","title":"Higher qualifications Negative Nil income Inadequately described Not stated","description":"Higher qualifications Negative Nil income Inadequately described Not stated.","stype":"ratio","isDimension":false},{"name":"hq_nni_lab","type":"Integer","title":"Higher qualifications Negative Nil income Labourers","description":"Higher qualifications Negative Nil income Labourers.","stype":"ratio","isDimension":false},{"name":"hq_nni_maopdv","type":"Integer","title":"Higher qualifications Negative Nil income Machinery operators and drivers","description":"Higher qualifications Negative Nil income Machinery operators and drivers.","stype":"ratio","isDimension":false},{"name":"hq_nni_mng","type":"Integer","title":"Higher qualifications Negative Nil income Managers","description":"Higher qualifications Negative Nil income Managers.","stype":"ratio","isDimension":false},{"name":"hq_nni_pro","type":"Integer","title":"Higher qualifications Negative Nil income Professionals","description":"Higher qualifications Negative Nil income Professionals.","stype":"ratio","isDimension":false},{"name":"hq_nni_swks","type":"Integer","title":"Higher qualifications Negative Nil income Sales workers","description":"Higher qualifications Negative Nil income Sales workers.","stype":"ratio","isDimension":false},{"name":"hq_nni_tectw","type":"Integer","title":"Higher qualifications Negative Nil income Technicians and trades workers","description":"Higher qualifications Negative Nil income Technicians and trades workers.","stype":"ratio","isDimension":false},{"name":"hq_nni_tot","type":"Integer","title":"Higher qualifications Negative Nil income Total","description":"Higher qualifications Negative Nil income Total.","stype":"ratio","isDimension":false},{"name":"hq_pins_claw","type":"Integer","title":"Higher qualifications Total personal income not stated Clerical and administrative workers","description":"Higher qualifications Total personal income not stated Clerical and administrative workers.","stype":"ratio","isDimension":false},{"name":"hq_pins_copsw","type":"Integer","title":"Higher qualifications Total personal income not stated Community and personal service workers","description":"Higher qualifications Total personal income not stated Community and personal service workers.","stype":"ratio","isDimension":false},{"name":"hq_pins_idns","type":"Integer","title":"Higher qualifications Total personal income not stated Inadequately described Not stated","description":"Higher qualifications Total personal income not stated Inadequately described Not stated.","stype":"ratio","isDimension":false},{"name":"hq_pins_lab","type":"Integer","title":"Higher qualifications Total personal income not stated Labourers","description":"Higher qualifications Total personal income not stated Labourers.","stype":"ratio","isDimension":false},{"name":"hq_pins_maopdv","type":"Integer","title":"Higher qualifications Total personal income not stated Machinery operators and drivers","description":"Higher qualifications Total personal income not stated Machinery operators and drivers.","stype":"ratio","isDimension":false},{"name":"hq_pins_mng","type":"Integer","title":"Higher qualifications Total personal income not stated Managers","description":"Higher qualifications Total personal income not stated Managers.","stype":"ratio","isDimension":false},{"name":"hq_pins_pro","type":"Integer","title":"Higher qualifications Total personal income not stated Professionals","description":"Higher qualifications Total personal income not stated Professionals.","stype":"ratio","isDimension":false},{"name":"hq_pins_swks","type":"Integer","title":"Higher qualifications Total personal income not stated Sales workers","description":"Higher qualifications Total personal income not stated Sales workers.","stype":"ratio","isDimension":false},{"name":"hq_pins_tectw","type":"Integer","title":"Higher qualifications Total personal income not stated Technicians and trades workers","description":"Higher qualifications Total personal income not stated Technicians and trades workers.","stype":"ratio","isDimension":false},{"name":"hq_pins_tot","type":"Integer","title":"Higher qualifications Total personal income not stated Total","description":"Higher qualifications Total personal income not stated Total.","stype":"ratio","isDimension":false},{"name":"hq_tot_claw","type":"Integer","title":"Higher qualifications Total Clerical and administrative workers","description":"Higher qualifications Total Clerical and administrative workers.","stype":"ratio","isDimension":false},{"name":"hq_tot_copsw","type":"Integer","title":"Higher qualifications Total Community and personal service workers","description":"Higher qualifications Total Community and personal service workers.","stype":"ratio","isDimension":false},{"name":"hq_tot_idns","type":"Integer","title":"Higher qualifications Total Inadequately described Not stated","description":"Higher qualifications Total Inadequately described Not stated.","stype":"ratio","isDimension":false},{"name":"hq_tot_lab","type":"Integer","title":"Higher qualifications Total Labourers","description":"Higher qualifications Total Labourers.","stype":"ratio","isDimension":false},{"name":"hq_tot_maopdv","type":"Integer","title":"Higher qualifications Total Machinery operators and drivers","description":"Higher qualifications Total Machinery operators and drivers.","stype":"ratio","isDimension":false},{"name":"hq_tot_mng","type":"Integer","title":"Higher qualifications Total Managers","description":"Higher qualifications Total Managers.","stype":"ratio","isDimension":false},{"name":"hq_tot_pro","type":"Integer","title":"Higher qualifications Total Professionals","description":"Higher qualifications Total Professionals.","stype":"ratio","isDimension":false},{"name":"hq_tot_swks","type":"Integer","title":"Higher qualifications Total Sales workers","description":"Higher qualifications Total Sales workers.","stype":"ratio","isDimension":false},{"name":"hq_tot_tectw","type":"Integer","title":"Higher qualifications Total Technicians and trades workers","description":"Higher qualifications Total Technicians and trades workers.","stype":"ratio","isDimension":false},{"name":"hq_tot_tot","type":"Integer","title":"Higher qualifications Total Total","description":"Higher qualifications Total Total.","stype":"ratio","isDimension":false},{"name":"sa4_name16","type":"String","title":"SA4 Name 2016","description":"SA4 Name 2016.","stype":"nominal","isDimension":false}],"filter":{"filterType":"tabular","feature":{"key":"sa4_code16","geoLevel":"sa4_2016","geoField":"ignored","year":"2006","featureBbox":[96.81676569599999,-43.740509603,159.109219008,-9.142175977],"featureType":"country","featureInstance":"au","featureName":"Australia","referenceSystemIdentifier":"urn:x-ogc:def:crs:EPSG:4283","prefix":"","keyTransform":null},"states":[]}}