{"type":"FeatureCollection","bbox":[0.0,0.0,-1.0,-1.0],"features":[{"type":"Feature","properties":{"dwelling":110671,"area_sqkm":51895.5630999999,"sa4_code_2016":"101","sa4_name":"Capital Region","state_name":"New South Wales","population":218833},"id":"sa4_aggregated_pop_and_dwelling_counts_census_2016.fid--4956c171_17221745285_-5ecd"},{"type":"Feature","properties":{"dwelling":144386,"area_sqkm":1681.0724,"sa4_code_2016":"102","sa4_name":"Central Coast","state_name":"New South Wales","population":327737},"id":"sa4_aggregated_pop_and_dwelling_counts_census_2016.fid--4956c171_17221745285_-5ecc"},{"type":"Feature","properties":{"dwelling":92830,"area_sqkm":70297.0604000001,"sa4_code_2016":"103","sa4_name":"Central West","state_name":"New South Wales","population":206164},"id":"sa4_aggregated_pop_and_dwelling_counts_census_2016.fid--4956c171_17221745285_-5ecb"},{"type":"Feature","properties":{"dwelling":63414,"area_sqkm":13229.7578,"sa4_code_2016":"104","sa4_name":"Coffs Harbour - Grafton","state_name":"New South Wales","population":136246},"id":"sa4_aggregated_pop_and_dwelling_counts_census_2016.fid--4956c171_17221745285_-5eca"},{"type":"Feature","properties":{"dwelling":54295,"area_sqkm":339363.6925,"sa4_code_2016":"105","sa4_name":"Far West and Orana","state_name":"New South Wales","population":113712},"id":"sa4_aggregated_pop_and_dwelling_counts_census_2016.fid--4956c171_17221745285_-5ec9"},{"type":"Feature","properties":{"dwelling":114701,"area_sqkm":21491.2914999999,"sa4_code_2016":"106","sa4_name":"Hunter Valley exc Newcastle","state_name":"New South Wales","population":263383},"id":"sa4_aggregated_pop_and_dwelling_counts_census_2016.fid--4956c171_17221745285_-5ec8"},{"type":"Feature","properties":{"dwelling":120347,"area_sqkm":1538.919,"sa4_code_2016":"107","sa4_name":"Illawarra","state_name":"New South Wales","population":293563},"id":"sa4_aggregated_pop_and_dwelling_counts_census_2016.fid--4956c171_17221745285_-5ec7"},{"type":"Feature","properties":{"dwelling":103623,"area_sqkm":18851.4995,"sa4_code_2016":"108","sa4_name":"Mid North Coast","state_name":"New South Wales","population":212387},"id":"sa4_aggregated_pop_and_dwelling_counts_census_2016.fid--4956c171_17221745285_-5ec6"},{"type":"Feature","properties":{"dwelling":55551,"area_sqkm":97797.6753999999,"sa4_code_2016":"109","sa4_name":"Murray","state_name":"New South Wales","population":115754},"id":"sa4_aggregated_pop_and_dwelling_counts_census_2016.fid--4956c171_17221745285_-5ec5"},{"type":"Feature","properties":{"dwelling":82564,"area_sqkm":99145.9163000002,"sa4_code_2016":"110","sa4_name":"New England and North West","state_name":"New South Wales","population":181574},"id":"sa4_aggregated_pop_and_dwelling_counts_census_2016.fid--4956c171_17221745285_-5ec4"},{"type":"Feature","properties":{"dwelling":154246,"area_sqkm":870.612000000003,"sa4_code_2016":"111","sa4_name":"Newcastle and Lake Macquarie","state_name":"New South Wales","population":358845},"id":"sa4_aggregated_pop_and_dwelling_counts_census_2016.fid--4956c171_17221745285_-5ec3"},{"type":"Feature","properties":{"dwelling":111334,"area_sqkm":10271.1425,"sa4_code_2016":"112","sa4_name":"Richmond - Tweed","state_name":"New South Wales","population":239707},"id":"sa4_aggregated_pop_and_dwelling_counts_census_2016.fid--4956c171_17221745285_-5ec2"},{"type":"Feature","properties":{"dwelling":67179,"area_sqkm":56985.0189000001,"sa4_code_2016":"113","sa4_name":"Riverina","state_name":"New South Wales","population":155949},"id":"sa4_aggregated_pop_and_dwelling_counts_census_2016.fid--4956c171_17221745285_-5ec1"},{"type":"Feature","properties":{"dwelling":75975,"area_sqkm":6704.44010000001,"sa4_code_2016":"114","sa4_name":"Southern Highlands and Shoalhaven","state_name":"New South Wales","population":147401},"id":"sa4_aggregated_pop_and_dwelling_counts_census_2016.fid--4956c171_17221745285_-5ec0"},{"type":"Feature","properties":{"dwelling":76218,"area_sqkm":3251.4985,"sa4_code_2016":"115","sa4_name":"Sydney - Baulkham Hills and Hawkesbury","state_name":"New South Wales","population":227622},"id":"sa4_aggregated_pop_and_dwelling_counts_census_2016.fid--4956c171_17221745285_-5ebf"},{"type":"Feature","properties":{"dwelling":111675,"area_sqkm":242.0851,"sa4_code_2016":"116","sa4_name":"Sydney - Blacktown","state_name":"New South Wales","population":339421},"id":"sa4_aggregated_pop_and_dwelling_counts_census_2016.fid--4956c171_17221745285_-5ebe"},{"type":"Feature","properties":{"dwelling":155413,"area_sqkm":65.5318000000002,"sa4_code_2016":"117","sa4_name":"Sydney - City and Inner South","state_name":"New South Wales","population":315564},"id":"sa4_aggregated_pop_and_dwelling_counts_census_2016.fid--4956c171_17221745285_-5ebd"},{"type":"Feature","properties":{"dwelling":119169,"area_sqkm":57.7329999999999,"sa4_code_2016":"118","sa4_name":"Sydney - Eastern Suburbs","state_name":"New South Wales","population":266995},"id":"sa4_aggregated_pop_and_dwelling_counts_census_2016.fid--4956c171_17221745285_-5ebc"},{"type":"Feature","properties":{"dwelling":207150,"area_sqkm":163.9352,"sa4_code_2016":"119","sa4_name":"Sydney - Inner South West","state_name":"New South Wales","population":571100},"id":"sa4_aggregated_pop_and_dwelling_counts_census_2016.fid--4956c171_17221745285_-5ebb"},{"type":"Feature","properties":{"dwelling":120801,"area_sqkm":64.5481,"sa4_code_2016":"120","sa4_name":"Sydney - Inner West","state_name":"New South Wales","population":292986},"id":"sa4_aggregated_pop_and_dwelling_counts_census_2016.fid--4956c171_17221745285_-5eba"},{"type":"Feature","properties":{"dwelling":168372,"area_sqkm":275.095,"sa4_code_2016":"121","sa4_name":"Sydney - North Sydney and Hornsby","state_name":"New South Wales","population":405262},"id":"sa4_aggregated_pop_and_dwelling_counts_census_2016.fid--4956c171_17221745285_-5eb9"},{"type":"Feature","properties":{"dwelling":101505,"area_sqkm":254.2074,"sa4_code_2016":"122","sa4_name":"Sydney - Northern Beaches","state_name":"New South Wales","population":253056},"id":"sa4_aggregated_pop_and_dwelling_counts_census_2016.fid--4956c171_17221745285_-5eb8"},{"type":"Feature","properties":{"dwelling":91097,"area_sqkm":1278.4513,"sa4_code_2016":"123","sa4_name":"Sydney - Outer South West","state_name":"New South Wales","population":261983},"id":"sa4_aggregated_pop_and_dwelling_counts_census_2016.fid--4956c171_17221745285_-5eb7"},{"type":"Feature","properties":{"dwelling":118562,"area_sqkm":3968.129,"sa4_code_2016":"124","sa4_name":"Sydney - Outer West and Blue Mountains","state_name":"New South Wales","population":306920},"id":"sa4_aggregated_pop_and_dwelling_counts_census_2016.fid--4956c171_17221745285_-5eb6"},{"type":"Feature","properties":{"dwelling":158652,"area_sqkm":161.635800000001,"sa4_code_2016":"125","sa4_name":"Sydney - Parramatta","state_name":"New South Wales","population":448406},"id":"sa4_aggregated_pop_and_dwelling_counts_census_2016.fid--4956c171_17221745285_-5eb5"},{"type":"Feature","properties":{"dwelling":69933,"area_sqkm":69.3368999999999,"sa4_code_2016":"126","sa4_name":"Sydney - Ryde","state_name":"New South Wales","population":182086},"id":"sa4_aggregated_pop_and_dwelling_counts_census_2016.fid--4956c171_17221745285_-5eb4"},{"type":"Feature","properties":{"dwelling":129259,"area_sqkm":539.068599999999,"sa4_code_2016":"127","sa4_name":"Sydney - South West","state_name":"New South Wales","population":405828},"id":"sa4_aggregated_pop_and_dwelling_counts_census_2016.fid--4956c171_17221745285_-5eb3"},{"type":"Feature","properties":{"dwelling":84230,"area_sqkm":295.8652,"sa4_code_2016":"128","sa4_name":"Sydney - Sutherland","state_name":"New South Wales","population":217773},"id":"sa4_aggregated_pop_and_dwelling_counts_census_2016.fid--4956c171_17221745285_-5eb2"},{"type":"Feature","properties":{"dwelling":72667,"area_sqkm":10287.4759,"sa4_code_2016":"201","sa4_name":"Ballarat","state_name":"Victoria","population":157397},"id":"sa4_aggregated_pop_and_dwelling_counts_census_2016.fid--4956c171_17221745285_-5eb1"},{"type":"Feature","properties":{"dwelling":69712,"area_sqkm":11841.9062,"sa4_code_2016":"202","sa4_name":"Bendigo","state_name":"Victoria","population":153100},"id":"sa4_aggregated_pop_and_dwelling_counts_census_2016.fid--4956c171_17221745285_-5eb0"},{"type":"Feature","properties":{"dwelling":131920,"area_sqkm":4428.6993,"sa4_code_2016":"203","sa4_name":"Geelong","state_name":"Victoria","population":279057},"id":"sa4_aggregated_pop_and_dwelling_counts_census_2016.fid--4956c171_17221745285_-5eaf"},{"type":"Feature","properties":{"dwelling":83108,"area_sqkm":34005.5353999999,"sa4_code_2016":"204","sa4_name":"Hume","state_name":"Victoria","population":170324},"id":"sa4_aggregated_pop_and_dwelling_counts_census_2016.fid--4956c171_17221745285_-5eae"},{"type":"Feature","properties":{"dwelling":143177,"area_sqkm":41553.7517000001,"sa4_code_2016":"205","sa4_name":"Latrobe - Gippsland","state_name":"Victoria","population":271142},"id":"sa4_aggregated_pop_and_dwelling_counts_census_2016.fid--4956c171_17221745285_-5ead"},{"type":"Feature","properties":{"dwelling":306940,"area_sqkm":142.3595,"sa4_code_2016":"206","sa4_name":"Melbourne - Inner","state_name":"Victoria","population":591428},"id":"sa4_aggregated_pop_and_dwelling_counts_census_2016.fid--4956c171_17221745285_-5eac"},{"type":"Feature","properties":{"dwelling":147532,"area_sqkm":146.7432,"sa4_code_2016":"207","sa4_name":"Melbourne - Inner East","state_name":"Victoria","population":359421},"id":"sa4_aggregated_pop_and_dwelling_counts_census_2016.fid--4956c171_17221745285_-5eab"},{"type":"Feature","properties":{"dwelling":172803,"area_sqkm":161.4966,"sa4_code_2016":"208","sa4_name":"Melbourne - Inner South","state_name":"Victoria","population":403854},"id":"sa4_aggregated_pop_and_dwelling_counts_census_2016.fid--4956c171_17221745285_-5eaa"},{"type":"Feature","properties":{"dwelling":190264,"area_sqkm":1851.26450000001,"sa4_code_2016":"209","sa4_name":"Melbourne - North East","state_name":"Victoria","population":495369},"id":"sa4_aggregated_pop_and_dwelling_counts_census_2016.fid--4956c171_17221745285_-5ea9"},{"type":"Feature","properties":{"dwelling":134268,"area_sqkm":1619.69,"sa4_code_2016":"210","sa4_name":"Melbourne - North West","state_name":"Victoria","population":363310},"id":"sa4_aggregated_pop_and_dwelling_counts_census_2016.fid--4956c171_17221745285_-5ea8"},{"type":"Feature","properties":{"dwelling":195594,"area_sqkm":1878.55760000001,"sa4_code_2016":"211","sa4_name":"Melbourne - Outer East","state_name":"Victoria","population":499690},"id":"sa4_aggregated_pop_and_dwelling_counts_census_2016.fid--4956c171_17221745285_-5ea7"},{"type":"Feature","properties":{"dwelling":272263,"area_sqkm":1922.2805,"sa4_code_2016":"212","sa4_name":"Melbourne - South East","state_name":"Victoria","population":755272},"id":"sa4_aggregated_pop_and_dwelling_counts_census_2016.fid--4956c171_17221745285_-5ea6"},{"type":"Feature","properties":{"dwelling":267944,"area_sqkm":1416.354,"sa4_code_2016":"213","sa4_name":"Melbourne - West","state_name":"Victoria","population":726870},"id":"sa4_aggregated_pop_and_dwelling_counts_census_2016.fid--4956c171_17221745285_-5ea5"},{"type":"Feature","properties":{"dwelling":145930,"area_sqkm":853.765900000003,"sa4_code_2016":"214","sa4_name":"Mornington Peninsula","state_name":"Victoria","population":289180},"id":"sa4_aggregated_pop_and_dwelling_counts_census_2016.fid--4956c171_17221745285_-5ea4"},{"type":"Feature","properties":{"dwelling":71156,"area_sqkm":78072.7365,"sa4_code_2016":"215","sa4_name":"North West","state_name":"Victoria","population":149931},"id":"sa4_aggregated_pop_and_dwelling_counts_census_2016.fid--4956c171_17221745285_-5ea3"},{"type":"Feature","properties":{"dwelling":57571,"area_sqkm":10934.1051,"sa4_code_2016":"216","sa4_name":"Shepparton","state_name":"Victoria","population":129957},"id":"sa4_aggregated_pop_and_dwelling_counts_census_2016.fid--4956c171_17221745285_-5ea2"},{"type":"Feature","properties":{"dwelling":60370,"area_sqkm":26378.9085,"sa4_code_2016":"217","sa4_name":"Warrnambool and South West","state_name":"Victoria","population":122565},"id":"sa4_aggregated_pop_and_dwelling_counts_census_2016.fid--4956c171_17221745285_-5ea1"},{"type":"Feature","properties":{"dwelling":89809,"area_sqkm":653.132600000001,"sa4_code_2016":"301","sa4_name":"Brisbane - East","state_name":"Queensland","population":223132},"id":"sa4_aggregated_pop_and_dwelling_counts_census_2016.fid--4956c171_17221745285_-5ea0"},{"type":"Feature","properties":{"dwelling":87716,"area_sqkm":186.949,"sa4_code_2016":"302","sa4_name":"Brisbane - North","state_name":"Queensland","population":206530},"id":"sa4_aggregated_pop_and_dwelling_counts_census_2016.fid--4956c171_17221745285_-5e9f"},{"type":"Feature","properties":{"dwelling":131535,"area_sqkm":265.344599999999,"sa4_code_2016":"303","sa4_name":"Brisbane - South","state_name":"Queensland","population":340493},"id":"sa4_aggregated_pop_and_dwelling_counts_census_2016.fid--4956c171_17221745285_-5e9e"},{"type":"Feature","properties":{"dwelling":68204,"area_sqkm":269.6511,"sa4_code_2016":"304","sa4_name":"Brisbane - West","state_name":"Queensland","population":178918},"id":"sa4_aggregated_pop_and_dwelling_counts_census_2016.fid--4956c171_17221745285_-5e9d"},{"type":"Feature","properties":{"dwelling":119572,"area_sqkm":81.7394,"sa4_code_2016":"305","sa4_name":"Brisbane Inner City","state_name":"Queensland","population":250253},"id":"sa4_aggregated_pop_and_dwelling_counts_census_2016.fid--4956c171_17221745285_-5e9c"},{"type":"Feature","properties":{"dwelling":109682,"area_sqkm":21337.9683,"sa4_code_2016":"306","sa4_name":"Cairns","state_name":"Queensland","population":240117},"id":"sa4_aggregated_pop_and_dwelling_counts_census_2016.fid--4956c171_17221745285_-5e9b"},{"type":"Feature","properties":{"dwelling":58580,"area_sqkm":166340.0568,"sa4_code_2016":"307","sa4_name":"Darling Downs - Maranoa","state_name":"Queensland","population":126295},"id":"sa4_aggregated_pop_and_dwelling_counts_census_2016.fid--4956c171_17221745285_-5e9a"},{"type":"Feature","properties":{"dwelling":101564,"area_sqkm":117588.0014,"sa4_code_2016":"308","sa4_name":"Central Queensland","state_name":"Queensland","population":220907},"id":"sa4_aggregated_pop_and_dwelling_counts_census_2016.fid--4956c171_17221745285_-5e99"},{"type":"Feature","properties":{"dwelling":245131,"area_sqkm":1857.8854,"sa4_code_2016":"309","sa4_name":"Gold Coast","state_name":"Queensland","population":569841},"id":"sa4_aggregated_pop_and_dwelling_counts_census_2016.fid--4956c171_17221745285_-5e98"},{"type":"Feature","properties":{"dwelling":120687,"area_sqkm":6681.14689999999,"sa4_code_2016":"310","sa4_name":"Ipswich","state_name":"Queensland","population":323061},"id":"sa4_aggregated_pop_and_dwelling_counts_census_2016.fid--4956c171_17221745285_-5e97"},{"type":"Feature","properties":{"dwelling":115759,"area_sqkm":2586.1453,"sa4_code_2016":"311","sa4_name":"Logan - Beaudesert","state_name":"Queensland","population":317233},"id":"sa4_aggregated_pop_and_dwelling_counts_census_2016.fid--4956c171_17221745285_-5e96"},{"type":"Feature","properties":{"dwelling":77741,"area_sqkm":90140.106,"sa4_code_2016":"312","sa4_name":"Mackay - Isaac - Whitsunday","state_name":"Queensland","population":169668},"id":"sa4_aggregated_pop_and_dwelling_counts_census_2016.fid--4956c171_17221745285_-5e95"},{"type":"Feature","properties":{"dwelling":97662,"area_sqkm":4344.45650000001,"sa4_code_2016":"313","sa4_name":"Moreton Bay - North","state_name":"Queensland","population":236196},"id":"sa4_aggregated_pop_and_dwelling_counts_census_2016.fid--4956c171_17221745285_-5e94"},{"type":"Feature","properties":{"dwelling":71848,"area_sqkm":773.394900000001,"sa4_code_2016":"314","sa4_name":"Moreton Bay - South","state_name":"Queensland","population":194927},"id":"sa4_aggregated_pop_and_dwelling_counts_census_2016.fid--4956c171_17221745285_-5e93"},{"type":"Feature","properties":{"dwelling":38228,"area_sqkm":1183182.7204,"sa4_code_2016":"315","sa4_name":"Queensland - Outback","state_name":"Queensland","population":79765},"id":"sa4_aggregated_pop_and_dwelling_counts_census_2016.fid--4956c171_17221745285_-5e92"},{"type":"Feature","properties":{"dwelling":156997,"area_sqkm":3085.91140000001,"sa4_code_2016":"316","sa4_name":"Sunshine Coast","state_name":"Queensland","population":346366},"id":"sa4_aggregated_pop_and_dwelling_counts_census_2016.fid--4956c171_17221745285_-5e91"},{"type":"Feature","properties":{"dwelling":62804,"area_sqkm":2258.7955,"sa4_code_2016":"317","sa4_name":"Toowoomba","state_name":"Queensland","population":149588},"id":"sa4_aggregated_pop_and_dwelling_counts_census_2016.fid--4956c171_17221745285_-5e90"},{"type":"Feature","properties":{"dwelling":100523,"area_sqkm":80036.0976999998,"sa4_code_2016":"318","sa4_name":"Townsville","state_name":"Queensland","population":228942},"id":"sa4_aggregated_pop_and_dwelling_counts_census_2016.fid--4956c171_17221745285_-5e8f"},{"type":"Feature","properties":{"dwelling":136688,"area_sqkm":48502.5801000001,"sa4_code_2016":"319","sa4_name":"Wide Bay","state_name":"Queensland","population":287880},"id":"sa4_aggregated_pop_and_dwelling_counts_census_2016.fid--4956c171_17221745285_-5e8e"},{"type":"Feature","properties":{"dwelling":128361,"area_sqkm":1497.2718,"sa4_code_2016":"401","sa4_name":"Adelaide - Central and Hills","state_name":"South Australia","population":289550},"id":"sa4_aggregated_pop_and_dwelling_counts_census_2016.fid--4956c171_17221745285_-5e8d"},{"type":"Feature","properties":{"dwelling":172855,"area_sqkm":939.992700000003,"sa4_code_2016":"402","sa4_name":"Adelaide - North","state_name":"South Australia","population":423115},"id":"sa4_aggregated_pop_and_dwelling_counts_census_2016.fid--4956c171_17221745285_-5e8c"},{"type":"Feature","properties":{"dwelling":156083,"area_sqkm":663.0814,"sa4_code_2016":"403","sa4_name":"Adelaide - South","state_name":"South Australia","population":355454},"id":"sa4_aggregated_pop_and_dwelling_counts_census_2016.fid--4956c171_17221745285_-5e8b"},{"type":"Feature","properties":{"dwelling":104434,"area_sqkm":159.49,"sa4_code_2016":"404","sa4_name":"Adelaide - West","state_name":"South Australia","population":227530},"id":"sa4_aggregated_pop_and_dwelling_counts_census_2016.fid--4956c171_17221745285_-5e8a"},{"type":"Feature","properties":{"dwelling":59469,"area_sqkm":37716.3532,"sa4_code_2016":"405","sa4_name":"Barossa - Yorke - Mid North","state_name":"South Australia","population":110512},"id":"sa4_aggregated_pop_and_dwelling_counts_census_2016.fid--4956c171_17221745285_-5e89"},{"type":"Feature","properties":{"dwelling":44668,"area_sqkm":877815.980100001,"sa4_code_2016":"406","sa4_name":"South Australia - Outback","state_name":"South Australia","population":82810},"id":"sa4_aggregated_pop_and_dwelling_counts_census_2016.fid--4956c171_17221745285_-5e88"},{"type":"Feature","properties":{"dwelling":99898,"area_sqkm":65482.7388,"sa4_code_2016":"407","sa4_name":"South Australia - South East","state_name":"South Australia","population":184719},"id":"sa4_aggregated_pop_and_dwelling_counts_census_2016.fid--4956c171_17221745285_-5e87"},{"type":"Feature","properties":{"dwelling":83240,"area_sqkm":24802.4114999999,"sa4_code_2016":"501","sa4_name":"Bunbury","state_name":"Western Australia","population":176251},"id":"sa4_aggregated_pop_and_dwelling_counts_census_2016.fid--4956c171_17221745285_-5e86"},{"type":"Feature","properties":{"dwelling":48052,"area_sqkm":1032.8628,"sa4_code_2016":"502","sa4_name":"Mandurah","state_name":"Western Australia","population":96719},"id":"sa4_aggregated_pop_and_dwelling_counts_census_2016.fid--4956c171_17221745285_-5e85"},{"type":"Feature","properties":{"dwelling":81353,"area_sqkm":92.2398,"sa4_code_2016":"503","sa4_name":"Perth - Inner","state_name":"Western Australia","population":169195},"id":"sa4_aggregated_pop_and_dwelling_counts_census_2016.fid--4956c171_17221745285_-5e84"},{"type":"Feature","properties":{"dwelling":102419,"area_sqkm":1762.4316,"sa4_code_2016":"504","sa4_name":"Perth - North East","state_name":"Western Australia","population":251009},"id":"sa4_aggregated_pop_and_dwelling_counts_census_2016.fid--4956c171_17221745285_-5e83"},{"type":"Feature","properties":{"dwelling":218601,"area_sqkm":883.999199999999,"sa4_code_2016":"505","sa4_name":"Perth - North West","state_name":"Western Australia","population":534864},"id":"sa4_aggregated_pop_and_dwelling_counts_census_2016.fid--4956c171_17221745285_-5e82"},{"type":"Feature","properties":{"dwelling":199772,"area_sqkm":2023.9923,"sa4_code_2016":"506","sa4_name":"Perth - South East","state_name":"Western Australia","population":488458},"id":"sa4_aggregated_pop_and_dwelling_counts_census_2016.fid--4956c171_17221745285_-5e81"},{"type":"Feature","properties":{"dwelling":168213,"area_sqkm":620.695999999999,"sa4_code_2016":"507","sa4_name":"Perth - South West","state_name":"Western Australia","population":403172},"id":"sa4_aggregated_pop_and_dwelling_counts_census_2016.fid--4956c171_17221745285_-5e80"},{"type":"Feature","properties":{"dwelling":68761,"area_sqkm":197345.3766,"sa4_code_2016":"509","sa4_name":"Western Australia - Wheat Belt","state_name":"Western Australia","population":135256},"id":"sa4_aggregated_pop_and_dwelling_counts_census_2016.fid--4956c171_17221745285_-5e7f"},{"type":"Feature","properties":{"dwelling":42436,"area_sqkm":926049.6594,"sa4_code_2016":"510","sa4_name":"Western Australia - Outback (North)","state_name":"Western Australia","population":93964},"id":"sa4_aggregated_pop_and_dwelling_counts_census_2016.fid--4956c171_17221745285_-5e7e"},{"type":"Feature","properties":{"dwelling":59323,"area_sqkm":1372032.5697,"sa4_code_2016":"511","sa4_name":"Western Australia - Outback (South)","state_name":"Western Australia","population":118560},"id":"sa4_aggregated_pop_and_dwelling_counts_census_2016.fid--4956c171_17221745285_-5e7d"},{"type":"Feature","properties":{"dwelling":99136,"area_sqkm":1695.3585,"sa4_code_2016":"601","sa4_name":"Hobart","state_name":"Tasmania","population":222212},"id":"sa4_aggregated_pop_and_dwelling_counts_census_2016.fid--4956c171_17221745285_-5e7c"},{"type":"Feature","properties":{"dwelling":67548,"area_sqkm":19975.336,"sa4_code_2016":"602","sa4_name":"Launceston and North East","state_name":"Tasmania","population":140533},"id":"sa4_aggregated_pop_and_dwelling_counts_census_2016.fid--4956c171_17221745285_-5e7b"},{"type":"Feature","properties":{"dwelling":23086,"area_sqkm":23822.0167,"sa4_code_2016":"603","sa4_name":"South East","state_name":"Tasmania","population":37107},"id":"sa4_aggregated_pop_and_dwelling_counts_census_2016.fid--4956c171_17221745285_-5e7a"},{"type":"Feature","properties":{"dwelling":52340,"area_sqkm":22524.7895,"sa4_code_2016":"604","sa4_name":"West and North West","state_name":"Tasmania","population":109123},"id":"sa4_aggregated_pop_and_dwelling_counts_census_2016.fid--4956c171_17221745285_-5e79"},{"type":"Feature","properties":{"dwelling":55414,"area_sqkm":3163.90570000001,"sa4_code_2016":"701","sa4_name":"Darwin","state_name":"Northern Territory","population":136683},"id":"sa4_aggregated_pop_and_dwelling_counts_census_2016.fid--4956c171_17221745285_-5e78"},{"type":"Feature","properties":{"dwelling":35168,"area_sqkm":1344930.4224,"sa4_code_2016":"702","sa4_name":"Northern Territory - Outback","state_name":"Northern Territory","population":89360},"id":"sa4_aggregated_pop_and_dwelling_counts_census_2016.fid--4956c171_17221745285_-5e77"},{"type":"Feature","properties":{"dwelling":163436,"area_sqkm":2358.172,"sa4_code_2016":"801","sa4_name":"Australian Capital Territory","state_name":"Australian Capital Territory","population":396698},"id":"sa4_aggregated_pop_and_dwelling_counts_census_2016.fid--4956c171_17221745285_-5e76"},{"type":"Feature","properties":{"dwelling":1984,"area_sqkm":256.3162,"sa4_code_2016":"901","sa4_name":"Other Territories","state_name":"Other Territories","population":4547},"id":"sa4_aggregated_pop_and_dwelling_counts_census_2016.fid--4956c171_17221745285_-5e75"}]}