{"organisation":"AU_Govt_ABS","name":"sa4_aggregated_pop_and_dwelling_counts_census_2016","title":"SA4 Aggregated Population & Dwelling Counts 2016 Census for Australia","legal":{"attribution":"{datasource.organisationTitle}, ({dataset.attributionYear}): {dataset.title}; accessed from AURIN on {dateOfAccess}.","attributionYear":"2017","clickthrough":false,"copyrightNotice":"&copy; {datasource.organisationTitle} {dataset.copyrightYear}","copyrightYear":"2017","licenceType":"Creative Commons Attribution 4.0 International (CC BY 4.0)"},"referenceSystemIdentifier":"urn:x-ogc:def:crs:EPSG:4283","geoLevel":"sa4_2016","key":"sa4_code_2016","keyRegex":null,"availability":"true","geomField":"wkb_geometry","keyword":"aggregated,sa4,statistical area level 4,population,dwelling,census 2016","theme":null,"temporalExtent":{"beginDate":"2016-01-01T00:00:00","endDate":"2016-12-31T00:00:00","selectTime":false},"type":"dataset","_id":"dataset-AU_Govt_ABS-sa4_aggregated_pop_and_dwelling_counts_census_2016-sa4_2016","bbox":null,"abstract":"This dataset contains counts of the total usual resident population and total dwelling count from the 2016 Census of Population and Housing for Mesh Blocks, aggregated to Statistical Area Level 4 (SA4) for the AURIN Portal.\n\n<br/>Data is current for Census Night 9 August 2016 and describes geographic Australia; including Norfolk Island, the Territory of Christmas Island and the Territory of Cocos (Keeling) Islands, but does not include any other external Territory. \n\n<br/>For more information, refer to the Australian Bureau of Statistics' <a href=http://www.abs.gov.au/AUSSTATS/abs@.nsf/Lookup/2074.0Main+Features12016?OpenDocument>Census of Population and Housing: Mesh Block Counts, Australia, 2016</a>.","selectedAttributes":[{"name":"sa4_code_2016","type":"String","title":"SA4 Code","description":"Statistical Area Level 4 (SA4) Code. An SA4 is identified by a 3-digit hierarchical code. This comprises a 1-digit S/T identifier, which precedes a 2-digit SA4 identifier, which is unique within each S/T. SA4s are built from whole SA3s. The SA4 regions are the largest sub-State regions in the Main Structure of the ASGS. They are designed for the output of labour force data and reflect labour markets within each State and Territory within the population limits imposed by the Labour Force Survey sample. SA4s provide the best sub-state socio-economic breakdown in the ASGS.","isDimension":false},{"name":"area_sqkm","type":"Double","title":"SA4 Area","description":"Area measured in square kilometres (aggregated from ABS Mesh Blocks 2016).","isDimension":false},{"name":"dwelling","type":"Integer","title":"Total Dwelling Count 2016","description":"A dwelling is a structure which is intended to have people live in it, and which is habitable on Census Night. Some examples of dwellings are houses, motels, flats, caravans, prisons, tents, humpies and houseboats. All occupied dwellings are counted in the Census. Unoccupied private dwellings are also counted with the exception of those in caravan parks, marinas and manufactured home estates (aggregated from mesh blocks).","isDimension":false},{"name":"population","type":"Integer","title":"Total Usual Resident Population 2016","description":"Total usual resident population count (aggregated from ABS Mesh Blocks 2016).","isDimension":false},{"name":"sa4_name","type":"String","title":"SA4 Name","description":"Statistical Area Level 4 (SA4) Name. SA4s are named according to the areas they represent.","isDimension":false},{"name":"state_name","type":"String","title":"State Name","description":"State name.","isDimension":false}],"filter":{"filterType":"tabular","feature":{"key":"sa4_code_2016","geoLevel":"sa4_2016","geoField":"ignored","year":"2006","featureBbox":[96.81676569599999,-43.740509603,159.109219008,-9.142175977],"featureType":"country","featureInstance":"au","featureName":"Australia","referenceSystemIdentifier":"urn:x-ogc:def:crs:EPSG:4283","prefix":"","keyTransform":null},"states":[]}}