{"type":"FeatureCollection","bbox":[0.0,0.0,-1.0,-1.0],"features":[{"type":"Feature","properties":{"slct_gov_pnsn_alwn_age_pension_centrelink_num":37690,"slct_gov_pnsn_alwn_carer_alloance_num":9960,"slct_gov_pnsn_alwn_commonwealth_rent_asst_num":16809,"slct_gov_pnsn_alwn_fam_tax_bft_num":16610,"slct_gov_pnsn_alwn_prnting_payment_prtred_num":827,"sa4_name16":"Illawarra","sa4_code16":"107","slct_gov_pnsn_alwn_fam_tax_bft_b_num":13264,"slct_gov_pnsn_alwn_newstart_alloance_num":8624,"slct_gov_pnsn_alwn_yth_alloance_full_time_studts_aprtc_num":3269,"yr":"2018","slct_gov_pnsn_alwn_dsblty_supp_pension_num":12225,"ogc_fid":8,"slct_gov_pnsn_alwn_yth_alloance_oth_num":1251,"slct_gov_pnsn_alwn_carer_payment_num":4234,"slct_gov_pnsn_alwn_prnting_payment_single_num":3247},"id":"abs_data_by_region_income_asgs_sa4_2011_2018.8"},{"type":"Feature","properties":{"slct_gov_pnsn_alwn_age_pension_centrelink_num":18078,"slct_gov_pnsn_alwn_carer_alloance_num":4568,"slct_gov_pnsn_alwn_commonwealth_rent_asst_num":9310,"slct_gov_pnsn_alwn_fam_tax_bft_num":10614,"slct_gov_pnsn_alwn_prnting_payment_prtred_num":466,"sa4_name16":"Riverina","sa4_code16":"113","slct_gov_pnsn_alwn_fam_tax_bft_b_num":8172,"slct_gov_pnsn_alwn_newstart_alloance_num":4828,"slct_gov_pnsn_alwn_yth_alloance_full_time_studts_aprtc_num":1154,"yr":"2018","slct_gov_pnsn_alwn_dsblty_supp_pension_num":5988,"ogc_fid":16,"slct_gov_pnsn_alwn_yth_alloance_oth_num":797,"slct_gov_pnsn_alwn_carer_payment_num":1946,"slct_gov_pnsn_alwn_prnting_payment_single_num":2218},"id":"abs_data_by_region_income_asgs_sa4_2011_2018.16"},{"type":"Feature","properties":{"slct_gov_pnsn_alwn_age_pension_centrelink_num":24392,"slct_gov_pnsn_alwn_carer_alloance_num":5392,"slct_gov_pnsn_alwn_commonwealth_rent_asst_num":9478,"slct_gov_pnsn_alwn_fam_tax_bft_num":11732,"slct_gov_pnsn_alwn_prnting_payment_prtred_num":446,"sa4_name16":"Hume","sa4_code16":"204","slct_gov_pnsn_alwn_fam_tax_bft_b_num":8872,"slct_gov_pnsn_alwn_newstart_alloance_num":5593,"slct_gov_pnsn_alwn_yth_alloance_full_time_studts_aprtc_num":723,"yr":"2018","slct_gov_pnsn_alwn_dsblty_supp_pension_num":6898,"ogc_fid":24,"slct_gov_pnsn_alwn_yth_alloance_oth_num":668,"slct_gov_pnsn_alwn_carer_payment_num":2252,"slct_gov_pnsn_alwn_prnting_payment_single_num":1963},"id":"abs_data_by_region_income_asgs_sa4_2011_2018.24"},{"type":"Feature","properties":{"slct_gov_pnsn_alwn_age_pension_centrelink_num":46517,"slct_gov_pnsn_alwn_carer_alloance_num":9022,"slct_gov_pnsn_alwn_commonwealth_rent_asst_num":22435,"slct_gov_pnsn_alwn_fam_tax_bft_num":28518,"slct_gov_pnsn_alwn_prnting_payment_prtred_num":1566,"sa4_name16":"Perth - North West","sa4_code16":"505","slct_gov_pnsn_alwn_fam_tax_bft_b_num":23296,"slct_gov_pnsn_alwn_newstart_alloance_num":16232,"slct_gov_pnsn_alwn_yth_alloance_full_time_studts_aprtc_num":3878,"yr":"2018","slct_gov_pnsn_alwn_dsblty_supp_pension_num":10367,"ogc_fid":32,"slct_gov_pnsn_alwn_yth_alloance_oth_num":2008,"slct_gov_pnsn_alwn_carer_payment_num":3169,"slct_gov_pnsn_alwn_prnting_payment_single_num":4922},"id":"abs_data_by_region_income_asgs_sa4_2011_2018.32"},{"type":"Feature","properties":{"slct_gov_pnsn_alwn_age_pension_centrelink_num":24135,"slct_gov_pnsn_alwn_carer_alloance_num":5963,"slct_gov_pnsn_alwn_commonwealth_rent_asst_num":10698,"slct_gov_pnsn_alwn_fam_tax_bft_num":15251,"slct_gov_pnsn_alwn_prnting_payment_prtred_num":553,"sa4_name16":"Australian Capital Territory","sa4_code16":"801","slct_gov_pnsn_alwn_fam_tax_bft_b_num":12591,"slct_gov_pnsn_alwn_newstart_alloance_num":5981,"slct_gov_pnsn_alwn_yth_alloance_full_time_studts_aprtc_num":3397,"yr":"2018","slct_gov_pnsn_alwn_dsblty_supp_pension_num":8333,"ogc_fid":40,"slct_gov_pnsn_alwn_yth_alloance_oth_num":663,"slct_gov_pnsn_alwn_carer_payment_num":1508,"slct_gov_pnsn_alwn_prnting_payment_single_num":2569},"id":"abs_data_by_region_income_asgs_sa4_2011_2018.40"},{"type":"Feature","properties":{"slct_gov_pnsn_alwn_age_pension_centrelink_num":42472,"slct_gov_pnsn_alwn_carer_alloance_num":9537,"slct_gov_pnsn_alwn_commonwealth_rent_asst_num":18600,"slct_gov_pnsn_alwn_fam_tax_bft_num":19547,"slct_gov_pnsn_alwn_prnting_payment_prtred_num":1009,"sa4_name16":"Latrobe - Gippsland","sa4_code16":"205","slct_gov_pnsn_alwn_fam_tax_bft_b_num":15227,"slct_gov_pnsn_alwn_newstart_alloance_num":11907,"slct_gov_pnsn_alwn_yth_alloance_full_time_studts_aprtc_num":1292,"yr":"2018","slct_gov_pnsn_alwn_dsblty_supp_pension_num":13515,"ogc_fid":48,"slct_gov_pnsn_alwn_yth_alloance_oth_num":1527,"slct_gov_pnsn_alwn_carer_payment_num":4270,"slct_gov_pnsn_alwn_prnting_payment_single_num":3848},"id":"abs_data_by_region_income_asgs_sa4_2011_2018.48"},{"type":"Feature","properties":{"slct_gov_pnsn_alwn_age_pension_centrelink_num":25467,"slct_gov_pnsn_alwn_carer_alloance_num":5355,"slct_gov_pnsn_alwn_commonwealth_rent_asst_num":10475,"slct_gov_pnsn_alwn_fam_tax_bft_num":9476,"slct_gov_pnsn_alwn_prnting_payment_prtred_num":456,"sa4_name16":"Southern Highlands and Shoalhaven","sa4_code16":"114","slct_gov_pnsn_alwn_fam_tax_bft_b_num":7278,"slct_gov_pnsn_alwn_newstart_alloance_num":4585,"slct_gov_pnsn_alwn_yth_alloance_full_time_studts_aprtc_num":419,"yr":"2018","slct_gov_pnsn_alwn_dsblty_supp_pension_num":6739,"ogc_fid":128,"slct_gov_pnsn_alwn_yth_alloance_oth_num":651,"slct_gov_pnsn_alwn_carer_payment_num":2464,"slct_gov_pnsn_alwn_prnting_payment_single_num":1766},"id":"abs_data_by_region_income_asgs_sa4_2011_2018.128"},{"type":"Feature","properties":{"slct_gov_pnsn_alwn_age_pension_centrelink_num":28802,"slct_gov_pnsn_alwn_carer_alloance_num":6209,"slct_gov_pnsn_alwn_commonwealth_rent_asst_num":10432,"slct_gov_pnsn_alwn_fam_tax_bft_num":10462,"slct_gov_pnsn_alwn_prnting_payment_prtred_num":330,"sa4_name16":"Melbourne - Inner East","sa4_code16":"207","slct_gov_pnsn_alwn_fam_tax_bft_b_num":7662,"slct_gov_pnsn_alwn_newstart_alloance_num":4162,"slct_gov_pnsn_alwn_yth_alloance_full_time_studts_aprtc_num":4129,"yr":"2018","slct_gov_pnsn_alwn_dsblty_supp_pension_num":5478,"ogc_fid":56,"slct_gov_pnsn_alwn_yth_alloance_oth_num":302,"slct_gov_pnsn_alwn_carer_payment_num":1459,"slct_gov_pnsn_alwn_prnting_payment_single_num":734},"id":"abs_data_by_region_income_asgs_sa4_2011_2018.56"},{"type":"Feature","properties":{"slct_gov_pnsn_alwn_age_pension_centrelink_num":16741,"slct_gov_pnsn_alwn_carer_alloance_num":3589,"slct_gov_pnsn_alwn_commonwealth_rent_asst_num":6640,"slct_gov_pnsn_alwn_fam_tax_bft_num":8250,"slct_gov_pnsn_alwn_prnting_payment_prtred_num":385,"sa4_name16":"Warrnambool and South West","sa4_code16":"217","slct_gov_pnsn_alwn_fam_tax_bft_b_num":5999,"slct_gov_pnsn_alwn_newstart_alloance_num":4289,"slct_gov_pnsn_alwn_yth_alloance_full_time_studts_aprtc_num":545,"yr":"2018","slct_gov_pnsn_alwn_dsblty_supp_pension_num":5315,"ogc_fid":64,"slct_gov_pnsn_alwn_yth_alloance_oth_num":525,"slct_gov_pnsn_alwn_carer_payment_num":1499,"slct_gov_pnsn_alwn_prnting_payment_single_num":1365},"id":"abs_data_by_region_income_asgs_sa4_2011_2018.64"},{"type":"Feature","properties":{"slct_gov_pnsn_alwn_age_pension_centrelink_num":24679,"slct_gov_pnsn_alwn_carer_alloance_num":5509,"slct_gov_pnsn_alwn_commonwealth_rent_asst_num":17878,"slct_gov_pnsn_alwn_fam_tax_bft_num":17836,"slct_gov_pnsn_alwn_prnting_payment_prtred_num":1025,"sa4_name16":"Brisbane - South","sa4_code16":"303","slct_gov_pnsn_alwn_fam_tax_bft_b_num":13889,"slct_gov_pnsn_alwn_newstart_alloance_num":8219,"slct_gov_pnsn_alwn_yth_alloance_full_time_studts_aprtc_num":4627,"yr":"2018","slct_gov_pnsn_alwn_dsblty_supp_pension_num":7706,"ogc_fid":72,"slct_gov_pnsn_alwn_yth_alloance_oth_num":1036,"slct_gov_pnsn_alwn_carer_payment_num":2056,"slct_gov_pnsn_alwn_prnting_payment_single_num":2119},"id":"abs_data_by_region_income_asgs_sa4_2011_2018.72"},{"type":"Feature","properties":{"slct_gov_pnsn_alwn_age_pension_centrelink_num":11390,"slct_gov_pnsn_alwn_carer_alloance_num":2593,"slct_gov_pnsn_alwn_commonwealth_rent_asst_num":6063,"slct_gov_pnsn_alwn_fam_tax_bft_num":5983,"slct_gov_pnsn_alwn_prnting_payment_prtred_num":200,"sa4_name16":"Brisbane - West","sa4_code16":"304","slct_gov_pnsn_alwn_fam_tax_bft_b_num":4703,"slct_gov_pnsn_alwn_newstart_alloance_num":2466,"slct_gov_pnsn_alwn_yth_alloance_full_time_studts_aprtc_num":2400,"yr":"2018","slct_gov_pnsn_alwn_dsblty_supp_pension_num":2540,"ogc_fid":80,"slct_gov_pnsn_alwn_yth_alloance_oth_num":334,"slct_gov_pnsn_alwn_carer_payment_num":600,"slct_gov_pnsn_alwn_prnting_payment_single_num":623},"id":"abs_data_by_region_income_asgs_sa4_2011_2018.80"},{"type":"Feature","properties":{"slct_gov_pnsn_alwn_age_pension_centrelink_num":28513,"slct_gov_pnsn_alwn_carer_alloance_num":10450,"slct_gov_pnsn_alwn_commonwealth_rent_asst_num":27974,"slct_gov_pnsn_alwn_fam_tax_bft_num":30573,"slct_gov_pnsn_alwn_prnting_payment_prtred_num":1908,"sa4_name16":"Ipswich","sa4_code16":"310","slct_gov_pnsn_alwn_fam_tax_bft_b_num":25029,"slct_gov_pnsn_alwn_newstart_alloance_num":13536,"slct_gov_pnsn_alwn_yth_alloance_full_time_studts_aprtc_num":2500,"yr":"2018","slct_gov_pnsn_alwn_dsblty_supp_pension_num":13958,"ogc_fid":88,"slct_gov_pnsn_alwn_yth_alloance_oth_num":2518,"slct_gov_pnsn_alwn_carer_payment_num":5017,"slct_gov_pnsn_alwn_prnting_payment_single_num":6228},"id":"abs_data_by_region_income_asgs_sa4_2011_2018.88"},{"type":"Feature","properties":{"slct_gov_pnsn_alwn_age_pension_centrelink_num":13668,"slct_gov_pnsn_alwn_carer_alloance_num":3576,"slct_gov_pnsn_alwn_commonwealth_rent_asst_num":9336,"slct_gov_pnsn_alwn_fam_tax_bft_num":9559,"slct_gov_pnsn_alwn_prnting_payment_prtred_num":456,"sa4_name16":"Mackay - Isaac - Whitsunday","sa4_code16":"312","slct_gov_pnsn_alwn_fam_tax_bft_b_num":7879,"slct_gov_pnsn_alwn_newstart_alloance_num":5470,"slct_gov_pnsn_alwn_yth_alloance_full_time_studts_aprtc_num":290,"yr":"2018","slct_gov_pnsn_alwn_dsblty_supp_pension_num":4299,"ogc_fid":96,"slct_gov_pnsn_alwn_yth_alloance_oth_num":806,"slct_gov_pnsn_alwn_carer_payment_num":1548,"slct_gov_pnsn_alwn_prnting_payment_single_num":2373},"id":"abs_data_by_region_income_asgs_sa4_2011_2018.96"},{"type":"Feature","properties":{"slct_gov_pnsn_alwn_age_pension_centrelink_num":51845,"slct_gov_pnsn_alwn_carer_alloance_num":11305,"slct_gov_pnsn_alwn_commonwealth_rent_asst_num":18254,"slct_gov_pnsn_alwn_fam_tax_bft_num":26995,"slct_gov_pnsn_alwn_prnting_payment_prtred_num":1074,"sa4_name16":"Melbourne - Outer East","sa4_code16":"211","slct_gov_pnsn_alwn_fam_tax_bft_b_num":20355,"slct_gov_pnsn_alwn_newstart_alloance_num":10101,"slct_gov_pnsn_alwn_yth_alloance_full_time_studts_aprtc_num":3698,"yr":"2018","slct_gov_pnsn_alwn_dsblty_supp_pension_num":13285,"ogc_fid":256,"slct_gov_pnsn_alwn_yth_alloance_oth_num":1036,"slct_gov_pnsn_alwn_carer_payment_num":3338,"slct_gov_pnsn_alwn_prnting_payment_single_num":3168},"id":"abs_data_by_region_income_asgs_sa4_2011_2018.256"},{"type":"Feature","properties":{"slct_gov_pnsn_alwn_age_pension_centrelink_num":20545,"slct_gov_pnsn_alwn_carer_alloance_num":4572,"slct_gov_pnsn_alwn_commonwealth_rent_asst_num":10755,"slct_gov_pnsn_alwn_fam_tax_bft_num":10515,"slct_gov_pnsn_alwn_prnting_payment_prtred_num":772,"sa4_name16":"Launceston and North East","sa4_code16":"602","slct_gov_pnsn_alwn_fam_tax_bft_b_num":8147,"slct_gov_pnsn_alwn_newstart_alloance_num":7025,"slct_gov_pnsn_alwn_yth_alloance_full_time_studts_aprtc_num":1245,"yr":"2018","slct_gov_pnsn_alwn_dsblty_supp_pension_num":6855,"ogc_fid":104,"slct_gov_pnsn_alwn_yth_alloance_oth_num":1106,"slct_gov_pnsn_alwn_carer_payment_num":2527,"slct_gov_pnsn_alwn_prnting_payment_single_num":1967},"id":"abs_data_by_region_income_asgs_sa4_2011_2018.104"},{"type":"Feature","properties":{"slct_gov_pnsn_alwn_age_pension_centrelink_num":26628,"slct_gov_pnsn_alwn_carer_alloance_num":6136,"slct_gov_pnsn_alwn_commonwealth_rent_asst_num":13359,"slct_gov_pnsn_alwn_fam_tax_bft_num":13669,"slct_gov_pnsn_alwn_prnting_payment_prtred_num":685,"sa4_name16":"Central West","sa4_code16":"103","slct_gov_pnsn_alwn_fam_tax_bft_b_num":10779,"slct_gov_pnsn_alwn_newstart_alloance_num":6709,"slct_gov_pnsn_alwn_yth_alloance_full_time_studts_aprtc_num":1103,"yr":"2018","slct_gov_pnsn_alwn_dsblty_supp_pension_num":9509,"ogc_fid":112,"slct_gov_pnsn_alwn_yth_alloance_oth_num":1158,"slct_gov_pnsn_alwn_carer_payment_num":2844,"slct_gov_pnsn_alwn_prnting_payment_single_num":3195},"id":"abs_data_by_region_income_asgs_sa4_2011_2018.112"},{"type":"Feature","properties":{"slct_gov_pnsn_alwn_age_pension_centrelink_num":22122,"slct_gov_pnsn_alwn_carer_alloance_num":5246,"slct_gov_pnsn_alwn_commonwealth_rent_asst_num":13022,"slct_gov_pnsn_alwn_fam_tax_bft_num":11030,"slct_gov_pnsn_alwn_prnting_payment_prtred_num":672,"sa4_name16":"Coffs Harbour - Grafton","sa4_code16":"104","slct_gov_pnsn_alwn_fam_tax_bft_b_num":8561,"slct_gov_pnsn_alwn_newstart_alloance_num":6656,"slct_gov_pnsn_alwn_yth_alloance_full_time_studts_aprtc_num":546,"yr":"2018","slct_gov_pnsn_alwn_dsblty_supp_pension_num":7658,"ogc_fid":120,"slct_gov_pnsn_alwn_yth_alloance_oth_num":1107,"slct_gov_pnsn_alwn_carer_payment_num":2662,"slct_gov_pnsn_alwn_prnting_payment_single_num":2097},"id":"abs_data_by_region_income_asgs_sa4_2011_2018.120"},{"type":"Feature","properties":{"slct_gov_pnsn_alwn_age_pension_centrelink_num":17745,"slct_gov_pnsn_alwn_carer_alloance_num":3952,"slct_gov_pnsn_alwn_commonwealth_rent_asst_num":11345,"slct_gov_pnsn_alwn_fam_tax_bft_num":6826,"slct_gov_pnsn_alwn_prnting_payment_prtred_num":255,"sa4_name16":"Sydney - City and Inner South","sa4_code16":"117","slct_gov_pnsn_alwn_fam_tax_bft_b_num":5620,"slct_gov_pnsn_alwn_newstart_alloance_num":6353,"slct_gov_pnsn_alwn_yth_alloance_full_time_studts_aprtc_num":2705,"yr":"2018","slct_gov_pnsn_alwn_dsblty_supp_pension_num":8406,"ogc_fid":136,"slct_gov_pnsn_alwn_yth_alloance_oth_num":332,"slct_gov_pnsn_alwn_carer_payment_num":1890,"slct_gov_pnsn_alwn_prnting_payment_single_num":947},"id":"abs_data_by_region_income_asgs_sa4_2011_2018.136"},{"type":"Feature","properties":{"slct_gov_pnsn_alwn_age_pension_centrelink_num":21411,"slct_gov_pnsn_alwn_carer_alloance_num":5475,"slct_gov_pnsn_alwn_commonwealth_rent_asst_num":11378,"slct_gov_pnsn_alwn_fam_tax_bft_num":11338,"slct_gov_pnsn_alwn_prnting_payment_prtred_num":558,"sa4_name16":"Ballarat","sa4_code16":"201","slct_gov_pnsn_alwn_fam_tax_bft_b_num":8828,"slct_gov_pnsn_alwn_newstart_alloance_num":6256,"slct_gov_pnsn_alwn_yth_alloance_full_time_studts_aprtc_num":1821,"yr":"2018","slct_gov_pnsn_alwn_dsblty_supp_pension_num":8258,"ogc_fid":144,"slct_gov_pnsn_alwn_yth_alloance_oth_num":898,"slct_gov_pnsn_alwn_carer_payment_num":2661,"slct_gov_pnsn_alwn_prnting_payment_single_num":2088},"id":"abs_data_by_region_income_asgs_sa4_2011_2018.144"},{"type":"Feature","properties":{"slct_gov_pnsn_alwn_age_pension_centrelink_num":19887,"slct_gov_pnsn_alwn_carer_alloance_num":3951,"slct_gov_pnsn_alwn_commonwealth_rent_asst_num":11377,"slct_gov_pnsn_alwn_fam_tax_bft_num":10402,"slct_gov_pnsn_alwn_prnting_payment_prtred_num":467,"sa4_name16":"Brisbane - North","sa4_code16":"302","slct_gov_pnsn_alwn_fam_tax_bft_b_num":8330,"slct_gov_pnsn_alwn_newstart_alloance_num":5321,"slct_gov_pnsn_alwn_yth_alloance_full_time_studts_aprtc_num":1488,"yr":"2018","slct_gov_pnsn_alwn_dsblty_supp_pension_num":5375,"ogc_fid":152,"slct_gov_pnsn_alwn_yth_alloance_oth_num":747,"slct_gov_pnsn_alwn_carer_payment_num":1340,"slct_gov_pnsn_alwn_prnting_payment_single_num":1632},"id":"abs_data_by_region_income_asgs_sa4_2011_2018.152"},{"type":"Feature","properties":{"slct_gov_pnsn_alwn_age_pension_centrelink_num":38390,"slct_gov_pnsn_alwn_carer_alloance_num":7832,"slct_gov_pnsn_alwn_commonwealth_rent_asst_num":17247,"slct_gov_pnsn_alwn_fam_tax_bft_num":18462,"slct_gov_pnsn_alwn_prnting_payment_prtred_num":617,"sa4_name16":"Mornington Peninsula","sa4_code16":"214","slct_gov_pnsn_alwn_fam_tax_bft_b_num":14701,"slct_gov_pnsn_alwn_newstart_alloance_num":8200,"slct_gov_pnsn_alwn_yth_alloance_full_time_studts_aprtc_num":1670,"yr":"2018","slct_gov_pnsn_alwn_dsblty_supp_pension_num":10159,"ogc_fid":408,"slct_gov_pnsn_alwn_yth_alloance_oth_num":911,"slct_gov_pnsn_alwn_carer_payment_num":2902,"slct_gov_pnsn_alwn_prnting_payment_single_num":3232},"id":"abs_data_by_region_income_asgs_sa4_2011_2018.408"},{"type":"Feature","properties":{"slct_gov_pnsn_alwn_age_pension_centrelink_num":15700,"slct_gov_pnsn_alwn_carer_alloance_num":3850,"slct_gov_pnsn_alwn_commonwealth_rent_asst_num":8435,"slct_gov_pnsn_alwn_fam_tax_bft_num":9645,"slct_gov_pnsn_alwn_prnting_payment_prtred_num":508,"sa4_name16":"Darling Downs - Maranoa","sa4_code16":"307","slct_gov_pnsn_alwn_fam_tax_bft_b_num":7313,"slct_gov_pnsn_alwn_newstart_alloance_num":4308,"slct_gov_pnsn_alwn_yth_alloance_full_time_studts_aprtc_num":280,"yr":"2018","slct_gov_pnsn_alwn_dsblty_supp_pension_num":5528,"ogc_fid":160,"slct_gov_pnsn_alwn_yth_alloance_oth_num":786,"slct_gov_pnsn_alwn_carer_payment_num":1859,"slct_gov_pnsn_alwn_prnting_payment_single_num":2034},"id":"abs_data_by_region_income_asgs_sa4_2011_2018.160"},{"type":"Feature","properties":{"slct_gov_pnsn_alwn_age_pension_centrelink_num":16729,"slct_gov_pnsn_alwn_carer_alloance_num":3946,"slct_gov_pnsn_alwn_commonwealth_rent_asst_num":11896,"slct_gov_pnsn_alwn_fam_tax_bft_num":10745,"slct_gov_pnsn_alwn_prnting_payment_prtred_num":679,"sa4_name16":"Toowoomba","sa4_code16":"317","slct_gov_pnsn_alwn_fam_tax_bft_b_num":8602,"slct_gov_pnsn_alwn_newstart_alloance_num":4602,"slct_gov_pnsn_alwn_yth_alloance_full_time_studts_aprtc_num":1022,"yr":"2018","slct_gov_pnsn_alwn_dsblty_supp_pension_num":5784,"ogc_fid":168,"slct_gov_pnsn_alwn_yth_alloance_oth_num":1022,"slct_gov_pnsn_alwn_carer_payment_num":1636,"slct_gov_pnsn_alwn_prnting_payment_single_num":2169},"id":"abs_data_by_region_income_asgs_sa4_2011_2018.168"},{"type":"Feature","properties":{"slct_gov_pnsn_alwn_age_pension_centrelink_num":70199,"slct_gov_pnsn_alwn_carer_alloance_num":21359,"slct_gov_pnsn_alwn_commonwealth_rent_asst_num":37599,"slct_gov_pnsn_alwn_fam_tax_bft_num":56917,"slct_gov_pnsn_alwn_prnting_payment_prtred_num":3569,"sa4_name16":"Melbourne - South East","sa4_code16":"212","slct_gov_pnsn_alwn_fam_tax_bft_b_num":43670,"slct_gov_pnsn_alwn_newstart_alloance_num":19919,"slct_gov_pnsn_alwn_yth_alloance_full_time_studts_aprtc_num":8727,"yr":"2018","slct_gov_pnsn_alwn_dsblty_supp_pension_num":21378,"ogc_fid":176,"slct_gov_pnsn_alwn_yth_alloance_oth_num":2088,"slct_gov_pnsn_alwn_carer_payment_num":9247,"slct_gov_pnsn_alwn_prnting_payment_single_num":6910},"id":"abs_data_by_region_income_asgs_sa4_2011_2018.176"},{"type":"Feature","properties":{"slct_gov_pnsn_alwn_age_pension_centrelink_num":20601,"slct_gov_pnsn_alwn_carer_alloance_num":6166,"slct_gov_pnsn_alwn_commonwealth_rent_asst_num":17014,"slct_gov_pnsn_alwn_fam_tax_bft_num":15934,"slct_gov_pnsn_alwn_prnting_payment_prtred_num":804,"sa4_name16":"Townsville","sa4_code16":"318","slct_gov_pnsn_alwn_fam_tax_bft_b_num":13323,"slct_gov_pnsn_alwn_newstart_alloance_num":9729,"slct_gov_pnsn_alwn_yth_alloance_full_time_studts_aprtc_num":1949,"yr":"2018","slct_gov_pnsn_alwn_dsblty_supp_pension_num":7394,"ogc_fid":184,"slct_gov_pnsn_alwn_yth_alloance_oth_num":1654,"slct_gov_pnsn_alwn_carer_payment_num":2776,"slct_gov_pnsn_alwn_prnting_payment_single_num":4139},"id":"abs_data_by_region_income_asgs_sa4_2011_2018.184"},{"type":"Feature","properties":{"slct_gov_pnsn_alwn_age_pension_centrelink_num":20568,"slct_gov_pnsn_alwn_carer_alloance_num":3660,"slct_gov_pnsn_alwn_commonwealth_rent_asst_num":10154,"slct_gov_pnsn_alwn_fam_tax_bft_num":11514,"slct_gov_pnsn_alwn_prnting_payment_prtred_num":570,"sa4_name16":"Bunbury","sa4_code16":"501","slct_gov_pnsn_alwn_fam_tax_bft_b_num":9424,"slct_gov_pnsn_alwn_newstart_alloance_num":7068,"slct_gov_pnsn_alwn_yth_alloance_full_time_studts_aprtc_num":411,"yr":"2018","slct_gov_pnsn_alwn_dsblty_supp_pension_num":4889,"ogc_fid":192,"slct_gov_pnsn_alwn_yth_alloance_oth_num":989,"slct_gov_pnsn_alwn_carer_payment_num":1542,"slct_gov_pnsn_alwn_prnting_payment_single_num":2270},"id":"abs_data_by_region_income_asgs_sa4_2011_2018.192"},{"type":"Feature","properties":{"slct_gov_pnsn_alwn_age_pension_centrelink_num":26564,"slct_gov_pnsn_alwn_carer_alloance_num":6344,"slct_gov_pnsn_alwn_commonwealth_rent_asst_num":15069,"slct_gov_pnsn_alwn_fam_tax_bft_num":15599,"slct_gov_pnsn_alwn_prnting_payment_prtred_num":796,"sa4_name16":"Hobart","sa4_code16":"601","slct_gov_pnsn_alwn_fam_tax_bft_b_num":12322,"slct_gov_pnsn_alwn_newstart_alloance_num":8026,"slct_gov_pnsn_alwn_yth_alloance_full_time_studts_aprtc_num":2130,"yr":"2018","slct_gov_pnsn_alwn_dsblty_supp_pension_num":10990,"ogc_fid":200,"slct_gov_pnsn_alwn_yth_alloance_oth_num":1438,"slct_gov_pnsn_alwn_carer_payment_num":2990,"slct_gov_pnsn_alwn_prnting_payment_single_num":2923},"id":"abs_data_by_region_income_asgs_sa4_2011_2018.200"},{"type":"Feature","properties":{"slct_gov_pnsn_alwn_age_pension_centrelink_num":3331,"slct_gov_pnsn_alwn_carer_alloance_num":1382,"slct_gov_pnsn_alwn_commonwealth_rent_asst_num":1836,"slct_gov_pnsn_alwn_fam_tax_bft_num":10023,"slct_gov_pnsn_alwn_prnting_payment_prtred_num":2303,"sa4_name16":"Northern Territory - Outback","sa4_code16":"702","slct_gov_pnsn_alwn_fam_tax_bft_b_num":8669,"slct_gov_pnsn_alwn_newstart_alloance_num":10209,"slct_gov_pnsn_alwn_yth_alloance_full_time_studts_aprtc_num":36,"yr":"2018","slct_gov_pnsn_alwn_dsblty_supp_pension_num":4936,"ogc_fid":208,"slct_gov_pnsn_alwn_yth_alloance_oth_num":1429,"slct_gov_pnsn_alwn_carer_payment_num":939,"slct_gov_pnsn_alwn_prnting_payment_single_num":2098},"id":"abs_data_by_region_income_asgs_sa4_2011_2018.208"},{"type":"Feature","properties":{"slct_gov_pnsn_alwn_age_pension_centrelink_num":34900,"slct_gov_pnsn_alwn_carer_alloance_num":8568,"slct_gov_pnsn_alwn_commonwealth_rent_asst_num":17183,"slct_gov_pnsn_alwn_fam_tax_bft_num":17402,"slct_gov_pnsn_alwn_prnting_payment_prtred_num":682,"sa4_name16":"Geelong","sa4_code16":"203","slct_gov_pnsn_alwn_fam_tax_bft_b_num":13680,"slct_gov_pnsn_alwn_newstart_alloance_num":8795,"slct_gov_pnsn_alwn_yth_alloance_full_time_studts_aprtc_num":3172,"yr":"2018","slct_gov_pnsn_alwn_dsblty_supp_pension_num":10212,"ogc_fid":216,"slct_gov_pnsn_alwn_yth_alloance_oth_num":1170,"slct_gov_pnsn_alwn_carer_payment_num":3453,"slct_gov_pnsn_alwn_prnting_payment_single_num":3012},"id":"abs_data_by_region_income_asgs_sa4_2011_2018.216"},{"type":"Feature","properties":{"slct_gov_pnsn_alwn_age_pension_centrelink_num":33448,"slct_gov_pnsn_alwn_carer_alloance_num":8883,"slct_gov_pnsn_alwn_commonwealth_rent_asst_num":22898,"slct_gov_pnsn_alwn_fam_tax_bft_num":13702,"slct_gov_pnsn_alwn_prnting_payment_prtred_num":755,"sa4_name16":"Melbourne - Inner","sa4_code16":"206","slct_gov_pnsn_alwn_fam_tax_bft_b_num":11483,"slct_gov_pnsn_alwn_newstart_alloance_num":13450,"slct_gov_pnsn_alwn_yth_alloance_full_time_studts_aprtc_num":8048,"yr":"2018","slct_gov_pnsn_alwn_dsblty_supp_pension_num":14150,"ogc_fid":224,"slct_gov_pnsn_alwn_yth_alloance_oth_num":820,"slct_gov_pnsn_alwn_carer_payment_num":3121,"slct_gov_pnsn_alwn_prnting_payment_single_num":2143},"id":"abs_data_by_region_income_asgs_sa4_2011_2018.224"},{"type":"Feature","properties":{"slct_gov_pnsn_alwn_age_pension_centrelink_num":47405,"slct_gov_pnsn_alwn_carer_alloance_num":11155,"slct_gov_pnsn_alwn_commonwealth_rent_asst_num":24376,"slct_gov_pnsn_alwn_fam_tax_bft_num":19955,"slct_gov_pnsn_alwn_prnting_payment_prtred_num":785,"sa4_name16":"Newcastle and Lake Macquarie","sa4_code16":"111","slct_gov_pnsn_alwn_fam_tax_bft_b_num":16185,"slct_gov_pnsn_alwn_newstart_alloance_num":11135,"slct_gov_pnsn_alwn_yth_alloance_full_time_studts_aprtc_num":4075,"yr":"2018","slct_gov_pnsn_alwn_dsblty_supp_pension_num":16756,"ogc_fid":560,"slct_gov_pnsn_alwn_yth_alloance_oth_num":1867,"slct_gov_pnsn_alwn_carer_payment_num":4709,"slct_gov_pnsn_alwn_prnting_payment_single_num":4072},"id":"abs_data_by_region_income_asgs_sa4_2011_2018.560"},{"type":"Feature","properties":{"slct_gov_pnsn_alwn_age_pension_centrelink_num":9670,"slct_gov_pnsn_alwn_carer_alloance_num":1348,"slct_gov_pnsn_alwn_commonwealth_rent_asst_num":6169,"slct_gov_pnsn_alwn_fam_tax_bft_num":2972,"slct_gov_pnsn_alwn_prnting_payment_prtred_num":90,"sa4_name16":"Perth - Inner","sa4_code16":"503","slct_gov_pnsn_alwn_fam_tax_bft_b_num":2469,"slct_gov_pnsn_alwn_newstart_alloance_num":3397,"slct_gov_pnsn_alwn_yth_alloance_full_time_studts_aprtc_num":1744,"yr":"2018","slct_gov_pnsn_alwn_dsblty_supp_pension_num":2907,"ogc_fid":232,"slct_gov_pnsn_alwn_yth_alloance_oth_num":278,"slct_gov_pnsn_alwn_carer_payment_num":313,"slct_gov_pnsn_alwn_prnting_payment_single_num":444},"id":"abs_data_by_region_income_asgs_sa4_2011_2018.232"},{"type":"Feature","properties":{"slct_gov_pnsn_alwn_age_pension_centrelink_num":20153,"slct_gov_pnsn_alwn_carer_alloance_num":4852,"slct_gov_pnsn_alwn_commonwealth_rent_asst_num":10300,"slct_gov_pnsn_alwn_fam_tax_bft_num":10928,"slct_gov_pnsn_alwn_prnting_payment_prtred_num":488,"sa4_name16":"Bendigo","sa4_code16":"202","slct_gov_pnsn_alwn_fam_tax_bft_b_num":8443,"slct_gov_pnsn_alwn_newstart_alloance_num":5568,"slct_gov_pnsn_alwn_yth_alloance_full_time_studts_aprtc_num":1639,"yr":"2018","slct_gov_pnsn_alwn_dsblty_supp_pension_num":7244,"ogc_fid":240,"slct_gov_pnsn_alwn_yth_alloance_oth_num":808,"slct_gov_pnsn_alwn_carer_payment_num":2154,"slct_gov_pnsn_alwn_prnting_payment_single_num":2019},"id":"abs_data_by_region_income_asgs_sa4_2011_2018.240"},{"type":"Feature","properties":{"slct_gov_pnsn_alwn_age_pension_centrelink_num":33776,"slct_gov_pnsn_alwn_carer_alloance_num":7182,"slct_gov_pnsn_alwn_commonwealth_rent_asst_num":12643,"slct_gov_pnsn_alwn_fam_tax_bft_num":12067,"slct_gov_pnsn_alwn_prnting_payment_prtred_num":363,"sa4_name16":"Melbourne - Inner South","sa4_code16":"208","slct_gov_pnsn_alwn_fam_tax_bft_b_num":9276,"slct_gov_pnsn_alwn_newstart_alloance_num":5429,"slct_gov_pnsn_alwn_yth_alloance_full_time_studts_aprtc_num":2953,"yr":"2018","slct_gov_pnsn_alwn_dsblty_supp_pension_num":7729,"ogc_fid":248,"slct_gov_pnsn_alwn_yth_alloance_oth_num":393,"slct_gov_pnsn_alwn_carer_payment_num":1813,"slct_gov_pnsn_alwn_prnting_payment_single_num":1210},"id":"abs_data_by_region_income_asgs_sa4_2011_2018.248"},{"type":"Feature","properties":{"slct_gov_pnsn_alwn_age_pension_centrelink_num":94,"slct_gov_pnsn_alwn_carer_alloance_num":16,"slct_gov_pnsn_alwn_commonwealth_rent_asst_num":28,"slct_gov_pnsn_alwn_fam_tax_bft_num":54,"slct_gov_pnsn_alwn_prnting_payment_prtred_num":null,"sa4_name16":"Other Territories","sa4_code16":"901","slct_gov_pnsn_alwn_fam_tax_bft_b_num":48,"slct_gov_pnsn_alwn_newstart_alloance_num":38,"slct_gov_pnsn_alwn_yth_alloance_full_time_studts_aprtc_num":null,"yr":"2018","slct_gov_pnsn_alwn_dsblty_supp_pension_num":24,"ogc_fid":712,"slct_gov_pnsn_alwn_yth_alloance_oth_num":null,"slct_gov_pnsn_alwn_carer_payment_num":7,"slct_gov_pnsn_alwn_prnting_payment_single_num":8},"id":"abs_data_by_region_income_asgs_sa4_2011_2018.712"},{"type":"Feature","properties":{"slct_gov_pnsn_alwn_age_pension_centrelink_num":18825,"slct_gov_pnsn_alwn_carer_alloance_num":4838,"slct_gov_pnsn_alwn_commonwealth_rent_asst_num":9246,"slct_gov_pnsn_alwn_fam_tax_bft_num":10206,"slct_gov_pnsn_alwn_prnting_payment_prtred_num":556,"sa4_name16":"Shepparton","sa4_code16":"216","slct_gov_pnsn_alwn_fam_tax_bft_b_num":7712,"slct_gov_pnsn_alwn_newstart_alloance_num":5240,"slct_gov_pnsn_alwn_yth_alloance_full_time_studts_aprtc_num":680,"yr":"2018","slct_gov_pnsn_alwn_dsblty_supp_pension_num":6128,"ogc_fid":264,"slct_gov_pnsn_alwn_yth_alloance_oth_num":716,"slct_gov_pnsn_alwn_carer_payment_num":2200,"slct_gov_pnsn_alwn_prnting_payment_single_num":1966},"id":"abs_data_by_region_income_asgs_sa4_2011_2018.264"},{"type":"Feature","properties":{"slct_gov_pnsn_alwn_age_pension_centrelink_num":33649,"slct_gov_pnsn_alwn_carer_alloance_num":9380,"slct_gov_pnsn_alwn_commonwealth_rent_asst_num":24210,"slct_gov_pnsn_alwn_fam_tax_bft_num":19189,"slct_gov_pnsn_alwn_prnting_payment_prtred_num":1053,"sa4_name16":"Moreton Bay - North","sa4_code16":"313","slct_gov_pnsn_alwn_fam_tax_bft_b_num":15586,"slct_gov_pnsn_alwn_newstart_alloance_num":10143,"slct_gov_pnsn_alwn_yth_alloance_full_time_studts_aprtc_num":1088,"yr":"2018","slct_gov_pnsn_alwn_dsblty_supp_pension_num":11216,"ogc_fid":272,"slct_gov_pnsn_alwn_yth_alloance_oth_num":1886,"slct_gov_pnsn_alwn_carer_payment_num":4166,"slct_gov_pnsn_alwn_prnting_payment_single_num":4116},"id":"abs_data_by_region_income_asgs_sa4_2011_2018.272"},{"type":"Feature","properties":{"slct_gov_pnsn_alwn_age_pension_centrelink_num":5846,"slct_gov_pnsn_alwn_carer_alloance_num":1496,"slct_gov_pnsn_alwn_commonwealth_rent_asst_num":1881,"slct_gov_pnsn_alwn_fam_tax_bft_num":2979,"slct_gov_pnsn_alwn_prnting_payment_prtred_num":178,"sa4_name16":"South East","sa4_code16":"603","slct_gov_pnsn_alwn_fam_tax_bft_b_num":2156,"slct_gov_pnsn_alwn_newstart_alloance_num":1656,"slct_gov_pnsn_alwn_yth_alloance_full_time_studts_aprtc_num":148,"yr":"2018","slct_gov_pnsn_alwn_dsblty_supp_pension_num":2496,"ogc_fid":280,"slct_gov_pnsn_alwn_yth_alloance_oth_num":194,"slct_gov_pnsn_alwn_carer_payment_num":809,"slct_gov_pnsn_alwn_prnting_payment_single_num":415},"id":"abs_data_by_region_income_asgs_sa4_2011_2018.280"},{"type":"Feature","properties":{"slct_gov_pnsn_alwn_age_pension_centrelink_num":13248,"slct_gov_pnsn_alwn_carer_alloance_num":2543,"slct_gov_pnsn_alwn_commonwealth_rent_asst_num":5602,"slct_gov_pnsn_alwn_fam_tax_bft_num":5990,"slct_gov_pnsn_alwn_prnting_payment_prtred_num":213,"sa4_name16":"Sydney - Ryde","sa4_code16":"126","slct_gov_pnsn_alwn_fam_tax_bft_b_num":4380,"slct_gov_pnsn_alwn_newstart_alloance_num":1902,"slct_gov_pnsn_alwn_yth_alloance_full_time_studts_aprtc_num":1605,"yr":"2018","slct_gov_pnsn_alwn_dsblty_supp_pension_num":2880,"ogc_fid":288,"slct_gov_pnsn_alwn_yth_alloance_oth_num":89,"slct_gov_pnsn_alwn_carer_payment_num":852,"slct_gov_pnsn_alwn_prnting_payment_single_num":348},"id":"abs_data_by_region_income_asgs_sa4_2011_2018.288"},{"type":"Feature","properties":{"slct_gov_pnsn_alwn_age_pension_centrelink_num":10923,"slct_gov_pnsn_alwn_carer_alloance_num":2077,"slct_gov_pnsn_alwn_commonwealth_rent_asst_num":14235,"slct_gov_pnsn_alwn_fam_tax_bft_num":5805,"slct_gov_pnsn_alwn_prnting_payment_prtred_num":143,"sa4_name16":"Brisbane Inner City","sa4_code16":"305","slct_gov_pnsn_alwn_fam_tax_bft_b_num":4825,"slct_gov_pnsn_alwn_newstart_alloance_num":5737,"slct_gov_pnsn_alwn_yth_alloance_full_time_studts_aprtc_num":4095,"yr":"2018","slct_gov_pnsn_alwn_dsblty_supp_pension_num":5590,"ogc_fid":296,"slct_gov_pnsn_alwn_yth_alloance_oth_num":612,"slct_gov_pnsn_alwn_carer_payment_num":565,"slct_gov_pnsn_alwn_prnting_payment_single_num":857},"id":"abs_data_by_region_income_asgs_sa4_2011_2018.296"},{"type":"Feature","properties":{"slct_gov_pnsn_alwn_age_pension_centrelink_num":61323,"slct_gov_pnsn_alwn_carer_alloance_num":14179,"slct_gov_pnsn_alwn_commonwealth_rent_asst_num":45109,"slct_gov_pnsn_alwn_fam_tax_bft_num":38753,"slct_gov_pnsn_alwn_prnting_payment_prtred_num":1669,"sa4_name16":"Gold Coast","sa4_code16":"309","slct_gov_pnsn_alwn_fam_tax_bft_b_num":30437,"slct_gov_pnsn_alwn_newstart_alloance_num":17629,"slct_gov_pnsn_alwn_yth_alloance_full_time_studts_aprtc_num":5009,"yr":"2018","slct_gov_pnsn_alwn_dsblty_supp_pension_num":14906,"ogc_fid":304,"slct_gov_pnsn_alwn_yth_alloance_oth_num":2133,"slct_gov_pnsn_alwn_carer_payment_num":5737,"slct_gov_pnsn_alwn_prnting_payment_single_num":6319},"id":"abs_data_by_region_income_asgs_sa4_2011_2018.304"},{"type":"Feature","properties":{"slct_gov_pnsn_alwn_age_pension_centrelink_num":14789,"slct_gov_pnsn_alwn_carer_alloance_num":4747,"slct_gov_pnsn_alwn_commonwealth_rent_asst_num":10804,"slct_gov_pnsn_alwn_fam_tax_bft_num":13764,"slct_gov_pnsn_alwn_prnting_payment_prtred_num":632,"sa4_name16":"Moreton Bay - South","sa4_code16":"314","slct_gov_pnsn_alwn_fam_tax_bft_b_num":10936,"slct_gov_pnsn_alwn_newstart_alloance_num":4584,"slct_gov_pnsn_alwn_yth_alloance_full_time_studts_aprtc_num":1074,"yr":"2018","slct_gov_pnsn_alwn_dsblty_supp_pension_num":4074,"ogc_fid":312,"slct_gov_pnsn_alwn_yth_alloance_oth_num":902,"slct_gov_pnsn_alwn_carer_payment_num":1651,"slct_gov_pnsn_alwn_prnting_payment_single_num":2287},"id":"abs_data_by_region_income_asgs_sa4_2011_2018.312"},{"type":"Feature","properties":{"slct_gov_pnsn_alwn_age_pension_centrelink_num":17830,"slct_gov_pnsn_alwn_carer_alloance_num":4075,"slct_gov_pnsn_alwn_commonwealth_rent_asst_num":6127,"slct_gov_pnsn_alwn_fam_tax_bft_num":7232,"slct_gov_pnsn_alwn_prnting_payment_prtred_num":403,"sa4_name16":"Barossa - Yorke - Mid North","sa4_code16":"405","slct_gov_pnsn_alwn_fam_tax_bft_b_num":5455,"slct_gov_pnsn_alwn_newstart_alloance_num":4849,"slct_gov_pnsn_alwn_yth_alloance_full_time_studts_aprtc_num":343,"yr":"2018","slct_gov_pnsn_alwn_dsblty_supp_pension_num":5580,"ogc_fid":320,"slct_gov_pnsn_alwn_yth_alloance_oth_num":595,"slct_gov_pnsn_alwn_carer_payment_num":1897,"slct_gov_pnsn_alwn_prnting_payment_single_num":1183},"id":"abs_data_by_region_income_asgs_sa4_2011_2018.320"},{"type":"Feature","properties":{"slct_gov_pnsn_alwn_age_pension_centrelink_num":9896,"slct_gov_pnsn_alwn_carer_alloance_num":2457,"slct_gov_pnsn_alwn_commonwealth_rent_asst_num":4003,"slct_gov_pnsn_alwn_fam_tax_bft_num":5883,"slct_gov_pnsn_alwn_prnting_payment_prtred_num":433,"sa4_name16":"South Australia - Outback","sa4_code16":"406","slct_gov_pnsn_alwn_fam_tax_bft_b_num":4889,"slct_gov_pnsn_alwn_newstart_alloance_num":4856,"slct_gov_pnsn_alwn_yth_alloance_full_time_studts_aprtc_num":189,"yr":"2018","slct_gov_pnsn_alwn_dsblty_supp_pension_num":3754,"ogc_fid":328,"slct_gov_pnsn_alwn_yth_alloance_oth_num":609,"slct_gov_pnsn_alwn_carer_payment_num":1224,"slct_gov_pnsn_alwn_prnting_payment_single_num":1506},"id":"abs_data_by_region_income_asgs_sa4_2011_2018.328"},{"type":"Feature","properties":{"slct_gov_pnsn_alwn_age_pension_centrelink_num":1933,"slct_gov_pnsn_alwn_carer_alloance_num":983,"slct_gov_pnsn_alwn_commonwealth_rent_asst_num":1337,"slct_gov_pnsn_alwn_fam_tax_bft_num":5534,"slct_gov_pnsn_alwn_prnting_payment_prtred_num":663,"sa4_name16":"Western Australia - Outback (North)","sa4_code16":"510","slct_gov_pnsn_alwn_fam_tax_bft_b_num":4963,"slct_gov_pnsn_alwn_newstart_alloance_num":4463,"slct_gov_pnsn_alwn_yth_alloance_full_time_studts_aprtc_num":36,"yr":"2018","slct_gov_pnsn_alwn_dsblty_supp_pension_num":2761,"ogc_fid":336,"slct_gov_pnsn_alwn_yth_alloance_oth_num":643,"slct_gov_pnsn_alwn_carer_payment_num":543,"slct_gov_pnsn_alwn_prnting_payment_single_num":1853},"id":"abs_data_by_region_income_asgs_sa4_2011_2018.336"},{"type":"Feature","properties":{"slct_gov_pnsn_alwn_age_pension_centrelink_num":9864,"slct_gov_pnsn_alwn_carer_alloance_num":2134,"slct_gov_pnsn_alwn_commonwealth_rent_asst_num":5619,"slct_gov_pnsn_alwn_fam_tax_bft_num":7374,"slct_gov_pnsn_alwn_prnting_payment_prtred_num":516,"sa4_name16":"Western Australia - Outback (South)","sa4_code16":"511","slct_gov_pnsn_alwn_fam_tax_bft_b_num":6299,"slct_gov_pnsn_alwn_newstart_alloance_num":5870,"slct_gov_pnsn_alwn_yth_alloance_full_time_studts_aprtc_num":173,"yr":"2018","slct_gov_pnsn_alwn_dsblty_supp_pension_num":3189,"ogc_fid":344,"slct_gov_pnsn_alwn_yth_alloance_oth_num":739,"slct_gov_pnsn_alwn_carer_payment_num":1016,"slct_gov_pnsn_alwn_prnting_payment_single_num":2023},"id":"abs_data_by_region_income_asgs_sa4_2011_2018.344"},{"type":"Feature","properties":{"slct_gov_pnsn_alwn_age_pension_centrelink_num":23468,"slct_gov_pnsn_alwn_carer_alloance_num":5458,"slct_gov_pnsn_alwn_commonwealth_rent_asst_num":14521,"slct_gov_pnsn_alwn_fam_tax_bft_num":13771,"slct_gov_pnsn_alwn_prnting_payment_prtred_num":688,"sa4_name16":"New England and North West","sa4_code16":"110","slct_gov_pnsn_alwn_fam_tax_bft_b_num":10821,"slct_gov_pnsn_alwn_newstart_alloance_num":7898,"slct_gov_pnsn_alwn_yth_alloance_full_time_studts_aprtc_num":1441,"yr":"2018","slct_gov_pnsn_alwn_dsblty_supp_pension_num":8501,"ogc_fid":352,"slct_gov_pnsn_alwn_yth_alloance_oth_num":1465,"slct_gov_pnsn_alwn_carer_payment_num":2718,"slct_gov_pnsn_alwn_prnting_payment_single_num":3541},"id":"abs_data_by_region_income_asgs_sa4_2011_2018.352"},{"type":"Feature","properties":{"slct_gov_pnsn_alwn_age_pension_centrelink_num":15495,"slct_gov_pnsn_alwn_carer_alloance_num":3067,"slct_gov_pnsn_alwn_commonwealth_rent_asst_num":6703,"slct_gov_pnsn_alwn_fam_tax_bft_num":5102,"slct_gov_pnsn_alwn_prnting_payment_prtred_num":143,"sa4_name16":"Sydney - Eastern Suburbs","sa4_code16":"118","slct_gov_pnsn_alwn_fam_tax_bft_b_num":4167,"slct_gov_pnsn_alwn_newstart_alloance_num":2620,"slct_gov_pnsn_alwn_yth_alloance_full_time_studts_aprtc_num":1641,"yr":"2018","slct_gov_pnsn_alwn_dsblty_supp_pension_num":4075,"ogc_fid":360,"slct_gov_pnsn_alwn_yth_alloance_oth_num":143,"slct_gov_pnsn_alwn_carer_payment_num":955,"slct_gov_pnsn_alwn_prnting_payment_single_num":666},"id":"abs_data_by_region_income_asgs_sa4_2011_2018.360"},{"type":"Feature","properties":{"slct_gov_pnsn_alwn_age_pension_centrelink_num":38176,"slct_gov_pnsn_alwn_carer_alloance_num":23006,"slct_gov_pnsn_alwn_commonwealth_rent_asst_num":32193,"slct_gov_pnsn_alwn_fam_tax_bft_num":36584,"slct_gov_pnsn_alwn_prnting_payment_prtred_num":3769,"sa4_name16":"Sydney - South West","sa4_code16":"127","slct_gov_pnsn_alwn_fam_tax_bft_b_num":29156,"slct_gov_pnsn_alwn_newstart_alloance_num":18326,"slct_gov_pnsn_alwn_yth_alloance_full_time_studts_aprtc_num":5724,"yr":"2018","slct_gov_pnsn_alwn_dsblty_supp_pension_num":14929,"ogc_fid":368,"slct_gov_pnsn_alwn_yth_alloance_oth_num":1251,"slct_gov_pnsn_alwn_carer_payment_num":16113,"slct_gov_pnsn_alwn_prnting_payment_single_num":4823},"id":"abs_data_by_region_income_asgs_sa4_2011_2018.368"},{"type":"Feature","properties":{"slct_gov_pnsn_alwn_age_pension_centrelink_num":19854,"slct_gov_pnsn_alwn_carer_alloance_num":5658,"slct_gov_pnsn_alwn_commonwealth_rent_asst_num":14671,"slct_gov_pnsn_alwn_fam_tax_bft_num":14106,"slct_gov_pnsn_alwn_prnting_payment_prtred_num":800,"sa4_name16":"Central Queensland","sa4_code16":"308","slct_gov_pnsn_alwn_fam_tax_bft_b_num":11874,"slct_gov_pnsn_alwn_newstart_alloance_num":9520,"slct_gov_pnsn_alwn_yth_alloance_full_time_studts_aprtc_num":564,"yr":"2018","slct_gov_pnsn_alwn_dsblty_supp_pension_num":7335,"ogc_fid":376,"slct_gov_pnsn_alwn_yth_alloance_oth_num":1659,"slct_gov_pnsn_alwn_carer_payment_num":2425,"slct_gov_pnsn_alwn_prnting_payment_single_num":3734},"id":"abs_data_by_region_income_asgs_sa4_2011_2018.376"},{"type":"Feature","properties":{"slct_gov_pnsn_alwn_age_pension_centrelink_num":43373,"slct_gov_pnsn_alwn_carer_alloance_num":10231,"slct_gov_pnsn_alwn_commonwealth_rent_asst_num":21017,"slct_gov_pnsn_alwn_fam_tax_bft_num":16087,"slct_gov_pnsn_alwn_prnting_payment_prtred_num":944,"sa4_name16":"Mid North Coast","sa4_code16":"108","slct_gov_pnsn_alwn_fam_tax_bft_b_num":12563,"slct_gov_pnsn_alwn_newstart_alloance_num":10059,"slct_gov_pnsn_alwn_yth_alloance_full_time_studts_aprtc_num":866,"yr":"2018","slct_gov_pnsn_alwn_dsblty_supp_pension_num":13463,"ogc_fid":384,"slct_gov_pnsn_alwn_yth_alloance_oth_num":1534,"slct_gov_pnsn_alwn_carer_payment_num":5173,"slct_gov_pnsn_alwn_prnting_payment_single_num":3434},"id":"abs_data_by_region_income_asgs_sa4_2011_2018.384"},{"type":"Feature","properties":{"slct_gov_pnsn_alwn_age_pension_centrelink_num":26169,"slct_gov_pnsn_alwn_carer_alloance_num":10449,"slct_gov_pnsn_alwn_commonwealth_rent_asst_num":17326,"slct_gov_pnsn_alwn_fam_tax_bft_num":26973,"slct_gov_pnsn_alwn_prnting_payment_prtred_num":1498,"sa4_name16":"Sydney - Blacktown","sa4_code16":"116","slct_gov_pnsn_alwn_fam_tax_bft_b_num":21279,"slct_gov_pnsn_alwn_newstart_alloance_num":10085,"slct_gov_pnsn_alwn_yth_alloance_full_time_studts_aprtc_num":2729,"yr":"2018","slct_gov_pnsn_alwn_dsblty_supp_pension_num":10031,"ogc_fid":392,"slct_gov_pnsn_alwn_yth_alloance_oth_num":1198,"slct_gov_pnsn_alwn_carer_payment_num":5508,"slct_gov_pnsn_alwn_prnting_payment_single_num":4349},"id":"abs_data_by_region_income_asgs_sa4_2011_2018.392"},{"type":"Feature","properties":{"slct_gov_pnsn_alwn_age_pension_centrelink_num":20667,"slct_gov_pnsn_alwn_carer_alloance_num":3824,"slct_gov_pnsn_alwn_commonwealth_rent_asst_num":4938,"slct_gov_pnsn_alwn_fam_tax_bft_num":6957,"slct_gov_pnsn_alwn_prnting_payment_prtred_num":121,"sa4_name16":"Sydney - Sutherland","sa4_code16":"128","slct_gov_pnsn_alwn_fam_tax_bft_b_num":5367,"slct_gov_pnsn_alwn_newstart_alloance_num":2211,"slct_gov_pnsn_alwn_yth_alloance_full_time_studts_aprtc_num":853,"yr":"2018","slct_gov_pnsn_alwn_dsblty_supp_pension_num":3353,"ogc_fid":400,"slct_gov_pnsn_alwn_yth_alloance_oth_num":167,"slct_gov_pnsn_alwn_carer_payment_num":975,"slct_gov_pnsn_alwn_prnting_payment_single_num":918},"id":"abs_data_by_region_income_asgs_sa4_2011_2018.400"},{"type":"Feature","properties":{"slct_gov_pnsn_alwn_age_pension_centrelink_num":25173,"slct_gov_pnsn_alwn_carer_alloance_num":5633,"slct_gov_pnsn_alwn_commonwealth_rent_asst_num":11651,"slct_gov_pnsn_alwn_fam_tax_bft_num":12323,"slct_gov_pnsn_alwn_prnting_payment_prtred_num":415,"sa4_name16":"Brisbane - East","sa4_code16":"301","slct_gov_pnsn_alwn_fam_tax_bft_b_num":9731,"slct_gov_pnsn_alwn_newstart_alloance_num":5455,"slct_gov_pnsn_alwn_yth_alloance_full_time_studts_aprtc_num":1014,"yr":"2018","slct_gov_pnsn_alwn_dsblty_supp_pension_num":6011,"ogc_fid":416,"slct_gov_pnsn_alwn_yth_alloance_oth_num":768,"slct_gov_pnsn_alwn_carer_payment_num":1988,"slct_gov_pnsn_alwn_prnting_payment_single_num":2033},"id":"abs_data_by_region_income_asgs_sa4_2011_2018.416"},{"type":"Feature","properties":{"slct_gov_pnsn_alwn_age_pension_centrelink_num":24729,"slct_gov_pnsn_alwn_carer_alloance_num":5865,"slct_gov_pnsn_alwn_commonwealth_rent_asst_num":19996,"slct_gov_pnsn_alwn_fam_tax_bft_num":19448,"slct_gov_pnsn_alwn_prnting_payment_prtred_num":1152,"sa4_name16":"Cairns","sa4_code16":"306","slct_gov_pnsn_alwn_fam_tax_bft_b_num":15895,"slct_gov_pnsn_alwn_newstart_alloance_num":12542,"slct_gov_pnsn_alwn_yth_alloance_full_time_studts_aprtc_num":932,"yr":"2018","slct_gov_pnsn_alwn_dsblty_supp_pension_num":8656,"ogc_fid":424,"slct_gov_pnsn_alwn_yth_alloance_oth_num":1829,"slct_gov_pnsn_alwn_carer_payment_num":2848,"slct_gov_pnsn_alwn_prnting_payment_single_num":4572},"id":"abs_data_by_region_income_asgs_sa4_2011_2018.424"},{"type":"Feature","properties":{"slct_gov_pnsn_alwn_age_pension_centrelink_num":29295,"slct_gov_pnsn_alwn_carer_alloance_num":5711,"slct_gov_pnsn_alwn_commonwealth_rent_asst_num":12687,"slct_gov_pnsn_alwn_fam_tax_bft_num":13004,"slct_gov_pnsn_alwn_prnting_payment_prtred_num":684,"sa4_name16":"Capital Region","sa4_code16":"101","slct_gov_pnsn_alwn_fam_tax_bft_b_num":9879,"slct_gov_pnsn_alwn_newstart_alloance_num":6294,"slct_gov_pnsn_alwn_yth_alloance_full_time_studts_aprtc_num":541,"yr":"2018","slct_gov_pnsn_alwn_dsblty_supp_pension_num":8934,"ogc_fid":432,"slct_gov_pnsn_alwn_yth_alloance_oth_num":895,"slct_gov_pnsn_alwn_carer_payment_num":2383,"slct_gov_pnsn_alwn_prnting_payment_single_num":2431},"id":"abs_data_by_region_income_asgs_sa4_2011_2018.432"},{"type":"Feature","properties":{"slct_gov_pnsn_alwn_age_pension_centrelink_num":46580,"slct_gov_pnsn_alwn_carer_alloance_num":16240,"slct_gov_pnsn_alwn_commonwealth_rent_asst_num":22283,"slct_gov_pnsn_alwn_fam_tax_bft_num":30382,"slct_gov_pnsn_alwn_prnting_payment_prtred_num":1796,"sa4_name16":"Melbourne - North East","sa4_code16":"209","slct_gov_pnsn_alwn_fam_tax_bft_b_num":23784,"slct_gov_pnsn_alwn_newstart_alloance_num":12870,"slct_gov_pnsn_alwn_yth_alloance_full_time_studts_aprtc_num":5756,"yr":"2018","slct_gov_pnsn_alwn_dsblty_supp_pension_num":14923,"ogc_fid":440,"slct_gov_pnsn_alwn_yth_alloance_oth_num":1153,"slct_gov_pnsn_alwn_carer_payment_num":6216,"slct_gov_pnsn_alwn_prnting_payment_single_num":3802},"id":"abs_data_by_region_income_asgs_sa4_2011_2018.440"},{"type":"Feature","properties":{"slct_gov_pnsn_alwn_age_pension_centrelink_num":36454,"slct_gov_pnsn_alwn_carer_alloance_num":16494,"slct_gov_pnsn_alwn_commonwealth_rent_asst_num":18771,"slct_gov_pnsn_alwn_fam_tax_bft_num":28457,"slct_gov_pnsn_alwn_prnting_payment_prtred_num":2701,"sa4_name16":"Melbourne - North West","sa4_code16":"210","slct_gov_pnsn_alwn_fam_tax_bft_b_num":22561,"slct_gov_pnsn_alwn_newstart_alloance_num":13184,"slct_gov_pnsn_alwn_yth_alloance_full_time_studts_aprtc_num":4107,"yr":"2018","slct_gov_pnsn_alwn_dsblty_supp_pension_num":12174,"ogc_fid":448,"slct_gov_pnsn_alwn_yth_alloance_oth_num":1354,"slct_gov_pnsn_alwn_carer_payment_num":8713,"slct_gov_pnsn_alwn_prnting_payment_single_num":3264},"id":"abs_data_by_region_income_asgs_sa4_2011_2018.448"},{"type":"Feature","properties":{"slct_gov_pnsn_alwn_age_pension_centrelink_num":48116,"slct_gov_pnsn_alwn_carer_alloance_num":9679,"slct_gov_pnsn_alwn_commonwealth_rent_asst_num":25829,"slct_gov_pnsn_alwn_fam_tax_bft_num":23189,"slct_gov_pnsn_alwn_prnting_payment_prtred_num":1009,"sa4_name16":"Sunshine Coast","sa4_code16":"316","slct_gov_pnsn_alwn_fam_tax_bft_b_num":17756,"slct_gov_pnsn_alwn_newstart_alloance_num":11444,"slct_gov_pnsn_alwn_yth_alloance_full_time_studts_aprtc_num":2459,"yr":"2018","slct_gov_pnsn_alwn_dsblty_supp_pension_num":11266,"ogc_fid":456,"slct_gov_pnsn_alwn_yth_alloance_oth_num":1674,"slct_gov_pnsn_alwn_carer_payment_num":3766,"slct_gov_pnsn_alwn_prnting_payment_single_num":3502},"id":"abs_data_by_region_income_asgs_sa4_2011_2018.456"},{"type":"Feature","properties":{"slct_gov_pnsn_alwn_age_pension_centrelink_num":48882,"slct_gov_pnsn_alwn_carer_alloance_num":15328,"slct_gov_pnsn_alwn_commonwealth_rent_asst_num":30167,"slct_gov_pnsn_alwn_fam_tax_bft_num":36577,"slct_gov_pnsn_alwn_prnting_payment_prtred_num":2790,"sa4_name16":"Adelaide - North","sa4_code16":"402","slct_gov_pnsn_alwn_fam_tax_bft_b_num":29310,"slct_gov_pnsn_alwn_newstart_alloance_num":21088,"slct_gov_pnsn_alwn_yth_alloance_full_time_studts_aprtc_num":4867,"yr":"2018","slct_gov_pnsn_alwn_dsblty_supp_pension_num":19619,"ogc_fid":464,"slct_gov_pnsn_alwn_yth_alloance_oth_num":2783,"slct_gov_pnsn_alwn_carer_payment_num":7132,"slct_gov_pnsn_alwn_prnting_payment_single_num":6687},"id":"abs_data_by_region_income_asgs_sa4_2011_2018.464"},{"type":"Feature","properties":{"slct_gov_pnsn_alwn_age_pension_centrelink_num":44933,"slct_gov_pnsn_alwn_carer_alloance_num":9292,"slct_gov_pnsn_alwn_commonwealth_rent_asst_num":20354,"slct_gov_pnsn_alwn_fam_tax_bft_num":21318,"slct_gov_pnsn_alwn_prnting_payment_prtred_num":1010,"sa4_name16":"Adelaide - South","sa4_code16":"403","slct_gov_pnsn_alwn_fam_tax_bft_b_num":16572,"slct_gov_pnsn_alwn_newstart_alloance_num":12071,"slct_gov_pnsn_alwn_yth_alloance_full_time_studts_aprtc_num":3993,"yr":"2018","slct_gov_pnsn_alwn_dsblty_supp_pension_num":12652,"ogc_fid":472,"slct_gov_pnsn_alwn_yth_alloance_oth_num":1418,"slct_gov_pnsn_alwn_carer_payment_num":3697,"slct_gov_pnsn_alwn_prnting_payment_single_num":3438},"id":"abs_data_by_region_income_asgs_sa4_2011_2018.472"},{"type":"Feature","properties":{"slct_gov_pnsn_alwn_age_pension_centrelink_num":29465,"slct_gov_pnsn_alwn_carer_alloance_num":7149,"slct_gov_pnsn_alwn_commonwealth_rent_asst_num":14370,"slct_gov_pnsn_alwn_fam_tax_bft_num":12796,"slct_gov_pnsn_alwn_prnting_payment_prtred_num":665,"sa4_name16":"Adelaide - West","sa4_code16":"404","slct_gov_pnsn_alwn_fam_tax_bft_b_num":10077,"slct_gov_pnsn_alwn_newstart_alloance_num":8908,"slct_gov_pnsn_alwn_yth_alloance_full_time_studts_aprtc_num":2879,"yr":"2018","slct_gov_pnsn_alwn_dsblty_supp_pension_num":9866,"ogc_fid":480,"slct_gov_pnsn_alwn_yth_alloance_oth_num":860,"slct_gov_pnsn_alwn_carer_payment_num":3010,"slct_gov_pnsn_alwn_prnting_payment_single_num":1899},"id":"abs_data_by_region_income_asgs_sa4_2011_2018.480"},{"type":"Feature","properties":{"slct_gov_pnsn_alwn_age_pension_centrelink_num":14414,"slct_gov_pnsn_alwn_carer_alloance_num":3723,"slct_gov_pnsn_alwn_commonwealth_rent_asst_num":7936,"slct_gov_pnsn_alwn_fam_tax_bft_num":8986,"slct_gov_pnsn_alwn_prnting_payment_prtred_num":406,"sa4_name16":"Far West and Orana","sa4_code16":"105","slct_gov_pnsn_alwn_fam_tax_bft_b_num":7413,"slct_gov_pnsn_alwn_newstart_alloance_num":5506,"slct_gov_pnsn_alwn_yth_alloance_full_time_studts_aprtc_num":223,"yr":"2018","slct_gov_pnsn_alwn_dsblty_supp_pension_num":5923,"ogc_fid":488,"slct_gov_pnsn_alwn_yth_alloance_oth_num":916,"slct_gov_pnsn_alwn_carer_payment_num":1956,"slct_gov_pnsn_alwn_prnting_payment_single_num":2653},"id":"abs_data_by_region_income_asgs_sa4_2011_2018.488"},{"type":"Feature","properties":{"slct_gov_pnsn_alwn_age_pension_centrelink_num":17024,"slct_gov_pnsn_alwn_carer_alloance_num":3649,"slct_gov_pnsn_alwn_commonwealth_rent_asst_num":8825,"slct_gov_pnsn_alwn_fam_tax_bft_num":7975,"slct_gov_pnsn_alwn_prnting_payment_prtred_num":340,"sa4_name16":"Murray","sa4_code16":"109","slct_gov_pnsn_alwn_fam_tax_bft_b_num":6044,"slct_gov_pnsn_alwn_newstart_alloance_num":4237,"slct_gov_pnsn_alwn_yth_alloance_full_time_studts_aprtc_num":735,"yr":"2018","slct_gov_pnsn_alwn_dsblty_supp_pension_num":4704,"ogc_fid":496,"slct_gov_pnsn_alwn_yth_alloance_oth_num":621,"slct_gov_pnsn_alwn_carer_payment_num":1550,"slct_gov_pnsn_alwn_prnting_payment_single_num":1610},"id":"abs_data_by_region_income_asgs_sa4_2011_2018.496"},{"type":"Feature","properties":{"slct_gov_pnsn_alwn_age_pension_centrelink_num":21393,"slct_gov_pnsn_alwn_carer_alloance_num":3709,"slct_gov_pnsn_alwn_commonwealth_rent_asst_num":7775,"slct_gov_pnsn_alwn_fam_tax_bft_num":9140,"slct_gov_pnsn_alwn_prnting_payment_prtred_num":221,"sa4_name16":"Sydney - North Sydney and Hornsby","sa4_code16":"121","slct_gov_pnsn_alwn_fam_tax_bft_b_num":6945,"slct_gov_pnsn_alwn_newstart_alloance_num":2729,"slct_gov_pnsn_alwn_yth_alloance_full_time_studts_aprtc_num":1997,"yr":"2018","slct_gov_pnsn_alwn_dsblty_supp_pension_num":3912,"ogc_fid":504,"slct_gov_pnsn_alwn_yth_alloance_oth_num":133,"slct_gov_pnsn_alwn_carer_payment_num":789,"slct_gov_pnsn_alwn_prnting_payment_single_num":637},"id":"abs_data_by_region_income_asgs_sa4_2011_2018.504"},{"type":"Feature","properties":{"slct_gov_pnsn_alwn_age_pension_centrelink_num":29158,"slct_gov_pnsn_alwn_carer_alloance_num":8758,"slct_gov_pnsn_alwn_commonwealth_rent_asst_num":17697,"slct_gov_pnsn_alwn_fam_tax_bft_num":20461,"slct_gov_pnsn_alwn_prnting_payment_prtred_num":805,"sa4_name16":"Sydney - Outer West and Blue Mountains","sa4_code16":"124","slct_gov_pnsn_alwn_fam_tax_bft_b_num":16518,"slct_gov_pnsn_alwn_newstart_alloance_num":7647,"slct_gov_pnsn_alwn_yth_alloance_full_time_studts_aprtc_num":1652,"yr":"2018","slct_gov_pnsn_alwn_dsblty_supp_pension_num":9584,"ogc_fid":512,"slct_gov_pnsn_alwn_yth_alloance_oth_num":1022,"slct_gov_pnsn_alwn_carer_payment_num":3581,"slct_gov_pnsn_alwn_prnting_payment_single_num":4069},"id":"abs_data_by_region_income_asgs_sa4_2011_2018.512"},{"type":"Feature","properties":{"slct_gov_pnsn_alwn_age_pension_centrelink_num":16164,"slct_gov_pnsn_alwn_carer_alloance_num":2819,"slct_gov_pnsn_alwn_commonwealth_rent_asst_num":8086,"slct_gov_pnsn_alwn_fam_tax_bft_num":6183,"slct_gov_pnsn_alwn_prnting_payment_prtred_num":314,"sa4_name16":"Mandurah","sa4_code16":"502","slct_gov_pnsn_alwn_fam_tax_bft_b_num":5314,"slct_gov_pnsn_alwn_newstart_alloance_num":4724,"slct_gov_pnsn_alwn_yth_alloance_full_time_studts_aprtc_num":444,"yr":"2018","slct_gov_pnsn_alwn_dsblty_supp_pension_num":3282,"ogc_fid":520,"slct_gov_pnsn_alwn_yth_alloance_oth_num":649,"slct_gov_pnsn_alwn_carer_payment_num":1172,"slct_gov_pnsn_alwn_prnting_payment_single_num":1618},"id":"abs_data_by_region_income_asgs_sa4_2011_2018.520"},{"type":"Feature","properties":{"slct_gov_pnsn_alwn_age_pension_centrelink_num":57365,"slct_gov_pnsn_alwn_carer_alloance_num":19295,"slct_gov_pnsn_alwn_commonwealth_rent_asst_num":29865,"slct_gov_pnsn_alwn_fam_tax_bft_num":38362,"slct_gov_pnsn_alwn_prnting_payment_prtred_num":3685,"sa4_name16":"Sydney - Inner South West","sa4_code16":"119","slct_gov_pnsn_alwn_fam_tax_bft_b_num":30051,"slct_gov_pnsn_alwn_newstart_alloance_num":13955,"slct_gov_pnsn_alwn_yth_alloance_full_time_studts_aprtc_num":6161,"yr":"2018","slct_gov_pnsn_alwn_dsblty_supp_pension_num":15155,"ogc_fid":528,"slct_gov_pnsn_alwn_yth_alloance_oth_num":861,"slct_gov_pnsn_alwn_carer_payment_num":10442,"slct_gov_pnsn_alwn_prnting_payment_single_num":4031},"id":"abs_data_by_region_income_asgs_sa4_2011_2018.528"},{"type":"Feature","properties":{"slct_gov_pnsn_alwn_age_pension_centrelink_num":29477,"slct_gov_pnsn_alwn_carer_alloance_num":10123,"slct_gov_pnsn_alwn_commonwealth_rent_asst_num":29198,"slct_gov_pnsn_alwn_fam_tax_bft_num":30387,"slct_gov_pnsn_alwn_prnting_payment_prtred_num":1884,"sa4_name16":"Logan - Beaudesert","sa4_code16":"311","slct_gov_pnsn_alwn_fam_tax_bft_b_num":24727,"slct_gov_pnsn_alwn_newstart_alloance_num":13444,"slct_gov_pnsn_alwn_yth_alloance_full_time_studts_aprtc_num":2304,"yr":"2018","slct_gov_pnsn_alwn_dsblty_supp_pension_num":12484,"ogc_fid":536,"slct_gov_pnsn_alwn_yth_alloance_oth_num":2444,"slct_gov_pnsn_alwn_carer_payment_num":4892,"slct_gov_pnsn_alwn_prnting_payment_single_num":6248},"id":"abs_data_by_region_income_asgs_sa4_2011_2018.536"},{"type":"Feature","properties":{"slct_gov_pnsn_alwn_age_pension_centrelink_num":22595,"slct_gov_pnsn_alwn_carer_alloance_num":4637,"slct_gov_pnsn_alwn_commonwealth_rent_asst_num":12021,"slct_gov_pnsn_alwn_fam_tax_bft_num":15637,"slct_gov_pnsn_alwn_prnting_payment_prtred_num":804,"sa4_name16":"Perth - North East","sa4_code16":"504","slct_gov_pnsn_alwn_fam_tax_bft_b_num":12907,"slct_gov_pnsn_alwn_newstart_alloance_num":9381,"slct_gov_pnsn_alwn_yth_alloance_full_time_studts_aprtc_num":1701,"yr":"2018","slct_gov_pnsn_alwn_dsblty_supp_pension_num":5631,"ogc_fid":544,"slct_gov_pnsn_alwn_yth_alloance_oth_num":1237,"slct_gov_pnsn_alwn_carer_payment_num":1779,"slct_gov_pnsn_alwn_prnting_payment_single_num":2887},"id":"abs_data_by_region_income_asgs_sa4_2011_2018.544"},{"type":"Feature","properties":{"slct_gov_pnsn_alwn_age_pension_centrelink_num":16571,"slct_gov_pnsn_alwn_carer_alloance_num":3135,"slct_gov_pnsn_alwn_commonwealth_rent_asst_num":6211,"slct_gov_pnsn_alwn_fam_tax_bft_num":8374,"slct_gov_pnsn_alwn_prnting_payment_prtred_num":445,"sa4_name16":"Western Australia - Wheat Belt","sa4_code16":"509","slct_gov_pnsn_alwn_fam_tax_bft_b_num":6611,"slct_gov_pnsn_alwn_newstart_alloance_num":5140,"slct_gov_pnsn_alwn_yth_alloance_full_time_studts_aprtc_num":224,"yr":"2018","slct_gov_pnsn_alwn_dsblty_supp_pension_num":4699,"ogc_fid":552,"slct_gov_pnsn_alwn_yth_alloance_oth_num":624,"slct_gov_pnsn_alwn_carer_payment_num":1510,"slct_gov_pnsn_alwn_prnting_payment_single_num":1615},"id":"abs_data_by_region_income_asgs_sa4_2011_2018.552"},{"type":"Feature","properties":{"slct_gov_pnsn_alwn_age_pension_centrelink_num":36927,"slct_gov_pnsn_alwn_carer_alloance_num":7830,"slct_gov_pnsn_alwn_commonwealth_rent_asst_num":23646,"slct_gov_pnsn_alwn_fam_tax_bft_num":18527,"slct_gov_pnsn_alwn_prnting_payment_prtred_num":1060,"sa4_name16":"Richmond - Tweed","sa4_code16":"112","slct_gov_pnsn_alwn_fam_tax_bft_b_num":14300,"slct_gov_pnsn_alwn_newstart_alloance_num":11229,"slct_gov_pnsn_alwn_yth_alloance_full_time_studts_aprtc_num":1290,"yr":"2018","slct_gov_pnsn_alwn_dsblty_supp_pension_num":13297,"ogc_fid":568,"slct_gov_pnsn_alwn_yth_alloance_oth_num":1470,"slct_gov_pnsn_alwn_carer_payment_num":3689,"slct_gov_pnsn_alwn_prnting_payment_single_num":3326},"id":"abs_data_by_region_income_asgs_sa4_2011_2018.568"},{"type":"Feature","properties":{"slct_gov_pnsn_alwn_age_pension_centrelink_num":35631,"slct_gov_pnsn_alwn_carer_alloance_num":13114,"slct_gov_pnsn_alwn_commonwealth_rent_asst_num":24311,"slct_gov_pnsn_alwn_fam_tax_bft_num":32011,"slct_gov_pnsn_alwn_prnting_payment_prtred_num":3142,"sa4_name16":"Sydney - Parramatta","sa4_code16":"125","slct_gov_pnsn_alwn_fam_tax_bft_b_num":25334,"slct_gov_pnsn_alwn_newstart_alloance_num":12207,"slct_gov_pnsn_alwn_yth_alloance_full_time_studts_aprtc_num":5114,"yr":"2018","slct_gov_pnsn_alwn_dsblty_supp_pension_num":12831,"ogc_fid":576,"slct_gov_pnsn_alwn_yth_alloance_oth_num":827,"slct_gov_pnsn_alwn_carer_payment_num":7884,"slct_gov_pnsn_alwn_prnting_payment_single_num":3325},"id":"abs_data_by_region_income_asgs_sa4_2011_2018.576"},{"type":"Feature","properties":{"slct_gov_pnsn_alwn_age_pension_centrelink_num":35744,"slct_gov_pnsn_alwn_carer_alloance_num":7480,"slct_gov_pnsn_alwn_commonwealth_rent_asst_num":19145,"slct_gov_pnsn_alwn_fam_tax_bft_num":21902,"slct_gov_pnsn_alwn_prnting_payment_prtred_num":935,"sa4_name16":"Perth - South West","sa4_code16":"507","slct_gov_pnsn_alwn_fam_tax_bft_b_num":18458,"slct_gov_pnsn_alwn_newstart_alloance_num":13354,"slct_gov_pnsn_alwn_yth_alloance_full_time_studts_aprtc_num":2718,"yr":"2018","slct_gov_pnsn_alwn_dsblty_supp_pension_num":8636,"ogc_fid":584,"slct_gov_pnsn_alwn_yth_alloance_oth_num":1875,"slct_gov_pnsn_alwn_carer_payment_num":2696,"slct_gov_pnsn_alwn_prnting_payment_single_num":4506},"id":"abs_data_by_region_income_asgs_sa4_2011_2018.584"},{"type":"Feature","properties":{"slct_gov_pnsn_alwn_age_pension_centrelink_num":56930,"slct_gov_pnsn_alwn_carer_alloance_num":24426,"slct_gov_pnsn_alwn_commonwealth_rent_asst_num":39618,"slct_gov_pnsn_alwn_fam_tax_bft_num":58391,"slct_gov_pnsn_alwn_prnting_payment_prtred_num":4042,"sa4_name16":"Melbourne - West","sa4_code16":"213","slct_gov_pnsn_alwn_fam_tax_bft_b_num":46930,"slct_gov_pnsn_alwn_newstart_alloance_num":25858,"slct_gov_pnsn_alwn_yth_alloance_full_time_studts_aprtc_num":8134,"yr":"2018","slct_gov_pnsn_alwn_dsblty_supp_pension_num":19994,"ogc_fid":592,"slct_gov_pnsn_alwn_yth_alloance_oth_num":2450,"slct_gov_pnsn_alwn_carer_payment_num":10664,"slct_gov_pnsn_alwn_prnting_payment_single_num":8484},"id":"abs_data_by_region_income_asgs_sa4_2011_2018.592"},{"type":"Feature","properties":{"slct_gov_pnsn_alwn_age_pension_centrelink_num":21907,"slct_gov_pnsn_alwn_carer_alloance_num":5223,"slct_gov_pnsn_alwn_commonwealth_rent_asst_num":9389,"slct_gov_pnsn_alwn_fam_tax_bft_num":11048,"slct_gov_pnsn_alwn_prnting_payment_prtred_num":626,"sa4_name16":"North West","sa4_code16":"215","slct_gov_pnsn_alwn_fam_tax_bft_b_num":8247,"slct_gov_pnsn_alwn_newstart_alloance_num":5786,"slct_gov_pnsn_alwn_yth_alloance_full_time_studts_aprtc_num":579,"yr":"2018","slct_gov_pnsn_alwn_dsblty_supp_pension_num":7966,"ogc_fid":600,"slct_gov_pnsn_alwn_yth_alloance_oth_num":847,"slct_gov_pnsn_alwn_carer_payment_num":2343,"slct_gov_pnsn_alwn_prnting_payment_single_num":2036},"id":"abs_data_by_region_income_asgs_sa4_2011_2018.600"},{"type":"Feature","properties":{"slct_gov_pnsn_alwn_age_pension_centrelink_num":52393,"slct_gov_pnsn_alwn_carer_alloance_num":15379,"slct_gov_pnsn_alwn_commonwealth_rent_asst_num":29359,"slct_gov_pnsn_alwn_fam_tax_bft_num":23293,"slct_gov_pnsn_alwn_prnting_payment_prtred_num":1599,"sa4_name16":"Wide Bay","sa4_code16":"319","slct_gov_pnsn_alwn_fam_tax_bft_b_num":18589,"slct_gov_pnsn_alwn_newstart_alloance_num":15993,"slct_gov_pnsn_alwn_yth_alloance_full_time_studts_aprtc_num":976,"yr":"2018","slct_gov_pnsn_alwn_dsblty_supp_pension_num":19239,"ogc_fid":608,"slct_gov_pnsn_alwn_yth_alloance_oth_num":2856,"slct_gov_pnsn_alwn_carer_payment_num":8175,"slct_gov_pnsn_alwn_prnting_payment_single_num":4953},"id":"abs_data_by_region_income_asgs_sa4_2011_2018.608"},{"type":"Feature","properties":{"slct_gov_pnsn_alwn_age_pension_centrelink_num":29171,"slct_gov_pnsn_alwn_carer_alloance_num":5051,"slct_gov_pnsn_alwn_commonwealth_rent_asst_num":13051,"slct_gov_pnsn_alwn_fam_tax_bft_num":11459,"slct_gov_pnsn_alwn_prnting_payment_prtred_num":479,"sa4_name16":"Adelaide - Central and Hills","sa4_code16":"401","slct_gov_pnsn_alwn_fam_tax_bft_b_num":8580,"slct_gov_pnsn_alwn_newstart_alloance_num":5911,"slct_gov_pnsn_alwn_yth_alloance_full_time_studts_aprtc_num":3152,"yr":"2018","slct_gov_pnsn_alwn_dsblty_supp_pension_num":6780,"ogc_fid":616,"slct_gov_pnsn_alwn_yth_alloance_oth_num":491,"slct_gov_pnsn_alwn_carer_payment_num":1453,"slct_gov_pnsn_alwn_prnting_payment_single_num":1221},"id":"abs_data_by_region_income_asgs_sa4_2011_2018.616"},{"type":"Feature","properties":{"slct_gov_pnsn_alwn_age_pension_centrelink_num":30758,"slct_gov_pnsn_alwn_carer_alloance_num":5809,"slct_gov_pnsn_alwn_commonwealth_rent_asst_num":12746,"slct_gov_pnsn_alwn_fam_tax_bft_num":13152,"slct_gov_pnsn_alwn_prnting_payment_prtred_num":804,"sa4_name16":"South Australia - South East","sa4_code16":"407","slct_gov_pnsn_alwn_fam_tax_bft_b_num":9749,"slct_gov_pnsn_alwn_newstart_alloance_num":7954,"slct_gov_pnsn_alwn_yth_alloance_full_time_studts_aprtc_num":734,"yr":"2018","slct_gov_pnsn_alwn_dsblty_supp_pension_num":8689,"ogc_fid":624,"slct_gov_pnsn_alwn_yth_alloance_oth_num":912,"slct_gov_pnsn_alwn_carer_payment_num":2679,"slct_gov_pnsn_alwn_prnting_payment_single_num":2169},"id":"abs_data_by_region_income_asgs_sa4_2011_2018.624"},{"type":"Feature","properties":{"slct_gov_pnsn_alwn_age_pension_centrelink_num":48590,"slct_gov_pnsn_alwn_carer_alloance_num":10867,"slct_gov_pnsn_alwn_commonwealth_rent_asst_num":26415,"slct_gov_pnsn_alwn_fam_tax_bft_num":21901,"slct_gov_pnsn_alwn_prnting_payment_prtred_num":773,"sa4_name16":"Central Coast","sa4_code16":"102","slct_gov_pnsn_alwn_fam_tax_bft_b_num":17482,"slct_gov_pnsn_alwn_newstart_alloance_num":10586,"slct_gov_pnsn_alwn_yth_alloance_full_time_studts_aprtc_num":1713,"yr":"2018","slct_gov_pnsn_alwn_dsblty_supp_pension_num":13432,"ogc_fid":632,"slct_gov_pnsn_alwn_yth_alloance_oth_num":1659,"slct_gov_pnsn_alwn_carer_payment_num":4527,"slct_gov_pnsn_alwn_prnting_payment_single_num":4326},"id":"abs_data_by_region_income_asgs_sa4_2011_2018.632"},{"type":"Feature","properties":{"slct_gov_pnsn_alwn_age_pension_centrelink_num":16399,"slct_gov_pnsn_alwn_carer_alloance_num":3489,"slct_gov_pnsn_alwn_commonwealth_rent_asst_num":4814,"slct_gov_pnsn_alwn_fam_tax_bft_num":8117,"slct_gov_pnsn_alwn_prnting_payment_prtred_num":228,"sa4_name16":"Sydney - Baulkham Hills and Hawkesbury","sa4_code16":"115","slct_gov_pnsn_alwn_fam_tax_bft_b_num":5714,"slct_gov_pnsn_alwn_newstart_alloance_num":1886,"slct_gov_pnsn_alwn_yth_alloance_full_time_studts_aprtc_num":1214,"yr":"2018","slct_gov_pnsn_alwn_dsblty_supp_pension_num":2613,"ogc_fid":640,"slct_gov_pnsn_alwn_yth_alloance_oth_num":128,"slct_gov_pnsn_alwn_carer_payment_num":929,"slct_gov_pnsn_alwn_prnting_payment_single_num":709},"id":"abs_data_by_region_income_asgs_sa4_2011_2018.640"},{"type":"Feature","properties":{"slct_gov_pnsn_alwn_age_pension_centrelink_num":22099,"slct_gov_pnsn_alwn_carer_alloance_num":4679,"slct_gov_pnsn_alwn_commonwealth_rent_asst_num":9834,"slct_gov_pnsn_alwn_fam_tax_bft_num":8791,"slct_gov_pnsn_alwn_prnting_payment_prtred_num":361,"sa4_name16":"Sydney - Inner West","sa4_code16":"120","slct_gov_pnsn_alwn_fam_tax_bft_b_num":6750,"slct_gov_pnsn_alwn_newstart_alloance_num":4023,"slct_gov_pnsn_alwn_yth_alloance_full_time_studts_aprtc_num":2237,"yr":"2018","slct_gov_pnsn_alwn_dsblty_supp_pension_num":4889,"ogc_fid":648,"slct_gov_pnsn_alwn_yth_alloance_oth_num":179,"slct_gov_pnsn_alwn_carer_payment_num":1563,"slct_gov_pnsn_alwn_prnting_payment_single_num":870},"id":"abs_data_by_region_income_asgs_sa4_2011_2018.648"},{"type":"Feature","properties":{"slct_gov_pnsn_alwn_age_pension_centrelink_num":22457,"slct_gov_pnsn_alwn_carer_alloance_num":9682,"slct_gov_pnsn_alwn_commonwealth_rent_asst_num":12546,"slct_gov_pnsn_alwn_fam_tax_bft_num":20487,"slct_gov_pnsn_alwn_prnting_payment_prtred_num":1065,"sa4_name16":"Sydney - Outer South West","sa4_code16":"123","slct_gov_pnsn_alwn_fam_tax_bft_b_num":16497,"slct_gov_pnsn_alwn_newstart_alloance_num":6877,"slct_gov_pnsn_alwn_yth_alloance_full_time_studts_aprtc_num":1774,"yr":"2018","slct_gov_pnsn_alwn_dsblty_supp_pension_num":7985,"ogc_fid":656,"slct_gov_pnsn_alwn_yth_alloance_oth_num":906,"slct_gov_pnsn_alwn_carer_payment_num":4392,"slct_gov_pnsn_alwn_prnting_payment_single_num":3903},"id":"abs_data_by_region_income_asgs_sa4_2011_2018.656"},{"type":"Feature","properties":{"slct_gov_pnsn_alwn_age_pension_centrelink_num":5200,"slct_gov_pnsn_alwn_carer_alloance_num":1265,"slct_gov_pnsn_alwn_commonwealth_rent_asst_num":2437,"slct_gov_pnsn_alwn_fam_tax_bft_num":6626,"slct_gov_pnsn_alwn_prnting_payment_prtred_num":705,"sa4_name16":"Queensland - Outback","sa4_code16":"315","slct_gov_pnsn_alwn_fam_tax_bft_b_num":5497,"slct_gov_pnsn_alwn_newstart_alloance_num":4880,"slct_gov_pnsn_alwn_yth_alloance_full_time_studts_aprtc_num":57,"yr":"2018","slct_gov_pnsn_alwn_dsblty_supp_pension_num":2204,"ogc_fid":664,"slct_gov_pnsn_alwn_yth_alloance_oth_num":570,"slct_gov_pnsn_alwn_carer_payment_num":717,"slct_gov_pnsn_alwn_prnting_payment_single_num":1864},"id":"abs_data_by_region_income_asgs_sa4_2011_2018.664"},{"type":"Feature","properties":{"slct_gov_pnsn_alwn_age_pension_centrelink_num":32702,"slct_gov_pnsn_alwn_carer_alloance_num":9225,"slct_gov_pnsn_alwn_commonwealth_rent_asst_num":18402,"slct_gov_pnsn_alwn_fam_tax_bft_num":18197,"slct_gov_pnsn_alwn_prnting_payment_prtred_num":812,"sa4_name16":"Hunter Valley exc Newcastle","sa4_code16":"106","slct_gov_pnsn_alwn_fam_tax_bft_b_num":14925,"slct_gov_pnsn_alwn_newstart_alloance_num":9345,"slct_gov_pnsn_alwn_yth_alloance_full_time_studts_aprtc_num":907,"yr":"2018","slct_gov_pnsn_alwn_dsblty_supp_pension_num":11999,"ogc_fid":672,"slct_gov_pnsn_alwn_yth_alloance_oth_num":1662,"slct_gov_pnsn_alwn_carer_payment_num":4262,"slct_gov_pnsn_alwn_prnting_payment_single_num":4295},"id":"abs_data_by_region_income_asgs_sa4_2011_2018.672"},{"type":"Feature","properties":{"slct_gov_pnsn_alwn_age_pension_centrelink_num":18905,"slct_gov_pnsn_alwn_carer_alloance_num":2785,"slct_gov_pnsn_alwn_commonwealth_rent_asst_num":5205,"slct_gov_pnsn_alwn_fam_tax_bft_num":6607,"slct_gov_pnsn_alwn_prnting_payment_prtred_num":110,"sa4_name16":"Sydney - Northern Beaches","sa4_code16":"122","slct_gov_pnsn_alwn_fam_tax_bft_b_num":5024,"slct_gov_pnsn_alwn_newstart_alloance_num":1945,"slct_gov_pnsn_alwn_yth_alloance_full_time_studts_aprtc_num":854,"yr":"2018","slct_gov_pnsn_alwn_dsblty_supp_pension_num":3030,"ogc_fid":680,"slct_gov_pnsn_alwn_yth_alloance_oth_num":129,"slct_gov_pnsn_alwn_carer_payment_num":640,"slct_gov_pnsn_alwn_prnting_payment_single_num":674},"id":"abs_data_by_region_income_asgs_sa4_2011_2018.680"},{"type":"Feature","properties":{"slct_gov_pnsn_alwn_age_pension_centrelink_num":42104,"slct_gov_pnsn_alwn_carer_alloance_num":8244,"slct_gov_pnsn_alwn_commonwealth_rent_asst_num":24422,"slct_gov_pnsn_alwn_fam_tax_bft_num":29448,"slct_gov_pnsn_alwn_prnting_payment_prtred_num":1801,"sa4_name16":"Perth - South East","sa4_code16":"506","slct_gov_pnsn_alwn_fam_tax_bft_b_num":24333,"slct_gov_pnsn_alwn_newstart_alloance_num":17514,"slct_gov_pnsn_alwn_yth_alloance_full_time_studts_aprtc_num":4201,"yr":"2018","slct_gov_pnsn_alwn_dsblty_supp_pension_num":9711,"ogc_fid":688,"slct_gov_pnsn_alwn_yth_alloance_oth_num":2394,"slct_gov_pnsn_alwn_carer_payment_num":3292,"slct_gov_pnsn_alwn_prnting_payment_single_num":5119},"id":"abs_data_by_region_income_asgs_sa4_2011_2018.688"},{"type":"Feature","properties":{"slct_gov_pnsn_alwn_age_pension_centrelink_num":17016,"slct_gov_pnsn_alwn_carer_alloance_num":4470,"slct_gov_pnsn_alwn_commonwealth_rent_asst_num":8507,"slct_gov_pnsn_alwn_fam_tax_bft_num":8642,"slct_gov_pnsn_alwn_prnting_payment_prtred_num":520,"sa4_name16":"West and North West","sa4_code16":"604","slct_gov_pnsn_alwn_fam_tax_bft_b_num":6660,"slct_gov_pnsn_alwn_newstart_alloance_num":5082,"slct_gov_pnsn_alwn_yth_alloance_full_time_studts_aprtc_num":464,"yr":"2018","slct_gov_pnsn_alwn_dsblty_supp_pension_num":6892,"ogc_fid":696,"slct_gov_pnsn_alwn_yth_alloance_oth_num":830,"slct_gov_pnsn_alwn_carer_payment_num":2577,"slct_gov_pnsn_alwn_prnting_payment_single_num":1556},"id":"abs_data_by_region_income_asgs_sa4_2011_2018.696"},{"type":"Feature","properties":{"slct_gov_pnsn_alwn_age_pension_centrelink_num":6110,"slct_gov_pnsn_alwn_carer_alloance_num":1950,"slct_gov_pnsn_alwn_commonwealth_rent_asst_num":4930,"slct_gov_pnsn_alwn_fam_tax_bft_num":7009,"slct_gov_pnsn_alwn_prnting_payment_prtred_num":327,"sa4_name16":"Darwin","sa4_code16":"701","slct_gov_pnsn_alwn_fam_tax_bft_b_num":5896,"slct_gov_pnsn_alwn_newstart_alloance_num":3818,"slct_gov_pnsn_alwn_yth_alloance_full_time_studts_aprtc_num":239,"yr":"2018","slct_gov_pnsn_alwn_dsblty_supp_pension_num":3165,"ogc_fid":704,"slct_gov_pnsn_alwn_yth_alloance_oth_num":480,"slct_gov_pnsn_alwn_carer_payment_num":680,"slct_gov_pnsn_alwn_prnting_payment_single_num":1556},"id":"abs_data_by_region_income_asgs_sa4_2011_2018.704"}]}