{"organisation":"AU_Govt_ABS","name":"abs_data_by_region_income_asgs_sa4_2011_2018","title":"ABS - Data by Region - Income (Including Government Allowances) (SA4) 2011-2018","legal":{"copyrightYear":"2019","attributionYear":"2019","attribution":"{datasource.organisationTitle}, ({dataset.attributionYear}): {dataset.title}; accessed from AURIN on {dateOfAccess}.","clickthrough":false,"licenceType":"Creative Commons Attribution 4.0 International (CC BY 4.0)","copyrightNotice":"&copy; {datasource.organisationTitle} {dataset.copyrightYear}"},"referenceSystemIdentifier":"urn:x-ogc:def:crs:EPSG:4283","geoLevel":"sa4_2016","key":"sa4_code16","keyRegex":null,"availability":"true","geomField":"wkb_geometry","keyword":"income,Australia,sa4,aggregated,aus,abs","theme":null,"temporalExtent":{"beginDate":"2011-01-01T00:00:00","endDate":"2018-12-31T00:00:00","selectTime":false},"type":"dataset","_id":"dataset-AU_Govt_ABS-abs_data_by_region_income_asgs_sa4_2011_2018-sa4_2016","bbox":null,"abstract":"This dataset presents data on income (including Government allowances) available from the ABS's Data by Region statistics. This dataset is based on the Statistical Area Level 4 2016 boundaries, and covers data for individual years between 2011 and 2018. The dataset includes information in the following specified areas of income: Estimates of Personal Income, Gross Capital Gains, Selected Government Pensions and Allowances, Total Personal Income (Weekly) and Equivalised Total Household Income.<br/><br/>\n\nData by Region contains a standard set of data for each region type, depending on the availability of statistics for particular geographies. Data are sourced from a wide variety of collections, both ABS and non-ABS. When analysing these statistics, care needs to be taken as time periods, definitions, methodologies, scope and coverage can differ across collections. Where available, data have been presented as a time series - to enable users to assess changes over time. However, when looked at on a period to period basis, some series may sometimes appear volatile. When analysing the data, users are encouraged to consider the longer term behaviour of the series, where this extra information is available.<br/><br/>\n\nThis data is ABS data (catalogue number: 1410.0) used with permission from the Australian Bureau of Statistics.<br/><br/>\n\n\nFor more information please visit the <a href=\"https://www.abs.gov.au/AUSSTATS/abs@.nsf/Lookup/1410.0Explanatory%20Notes12013-18?OpenDocument#INCOME\" target=\"_blank\">Australian Bureau of Statistics</a>.<br/><br/>\n\nNotes: \n<ul>\n<li>AURIN has spatially enabled the <a href=\"https://www.abs.gov.au/AUSSTATS/abs@.nsf/DetailsPage/1410.02013-18?OpenDocument\" target=\"_blank\">original data</a>.</li>\n<li>Some data values in Data by Region have been randomly adjusted or suppressed to avoid the release of confidential details.</li>\n<li>Where data was not available, not available for publication, nil or rounded to zero in the original data, it has been set to null.</li>\n<li>Columns that did not contain any values for all years in the original data have been removed.</li>\n</ul>","selectedAttributes":[{"name":"yr","type":"String","title":"Year","description":"Year.","stype":"ordinal","categories":[{"key":"2011","label":"2011"},{"key":"2012","label":"2012"},{"key":"2013","label":"2013"},{"key":"2014","label":"2014"},{"key":"2015","label":"2015"},{"key":"2016","label":"2016"},{"key":"2017","label":"2017"},{"key":"2018","label":"2018"}],"filterValue":"2018","isDimension":true},{"name":"sa4_code16","type":"String","title":"SA4 Code 2016","description":"SA4 Code 2016.","stype":"nominal","isDimension":false},{"name":"ogc_fid","type":"Integer","title":"Unique Identifier","description":"Unique Identifier.","stype":"nominal","isDimension":false},{"name":"sa4_name16","type":"String","title":"SA4 Name 2016","description":"SA4 Name 2016.","stype":"nominal","isDimension":false},{"name":"slct_gov_pnsn_alwn_age_pension_centrelink_num","type":"Integer","title":"Selected Government Pensions & Allowances Age Pension - Centrelink No.","description":"Selected Government Pensions & Allowances Age Pension - Centrelink No..","stype":"ratio","isDimension":false},{"name":"slct_gov_pnsn_alwn_carer_alloance_num","type":"Integer","title":"Selected Government Pensions & Allowances Carer Allowance No.","description":"Selected Government Pensions & Allowances Carer Allowance No..","stype":"ratio","isDimension":false},{"name":"slct_gov_pnsn_alwn_carer_payment_num","type":"Integer","title":"Selected Government Pensions & Allowances Carer Payment No.","description":"Selected Government Pensions & Allowances Carer Payment No..","stype":"ratio","isDimension":false},{"name":"slct_gov_pnsn_alwn_commonwealth_rent_asst_num","type":"Integer","title":"Selected Government Pensions & Allowances Commonwealth Rent Assistance No.","description":"Selected Government Pensions & Allowances Commonwealth Rent Assistance No..","stype":"ratio","isDimension":false},{"name":"slct_gov_pnsn_alwn_dsblty_supp_pension_num","type":"Integer","title":"Selected Government Pensions & Allowances Disability Support Pension No.","description":"Selected Government Pensions & Allowances Disability Support Pension No..","stype":"ratio","isDimension":false},{"name":"slct_gov_pnsn_alwn_fam_tax_bft_b_num","type":"Integer","title":"Selected Government Pensions & Allowances Family Tax Benefit B No.","description":"Selected Government Pensions & Allowances Family Tax Benefit B No..","stype":"ratio","isDimension":false},{"name":"slct_gov_pnsn_alwn_fam_tax_bft_num","type":"Integer","title":"Selected Government Pensions & Allowances Family Tax Benefit A No.","description":"Selected Government Pensions & Allowances Family Tax Benefit A No..","stype":"ratio","isDimension":false},{"name":"slct_gov_pnsn_alwn_newstart_alloance_num","type":"Integer","title":"Selected Government Pensions & Allowances Newstart Allowance No.","description":"Selected Government Pensions & Allowances Newstart Allowance No..","stype":"ratio","isDimension":false},{"name":"slct_gov_pnsn_alwn_prnting_payment_prtred_num","type":"Integer","title":"Selected Government Pensions & Allowances Parenting Payment - Partnered No.","description":"Selected Government Pensions & Allowances Parenting Payment - Partnered No..","stype":"ratio","isDimension":false},{"name":"slct_gov_pnsn_alwn_prnting_payment_single_num","type":"Integer","title":"Selected Government Pensions & Allowances Parenting Payment - Single No.","description":"Selected Government Pensions & Allowances Parenting Payment - Single No..","stype":"ratio","isDimension":false},{"name":"slct_gov_pnsn_alwn_yth_alloance_full_time_studts_aprtc_num","type":"Integer","title":"Selected Government Pensions & Allowances Youth Allowance (Full Time Students/Apprentices) No.","description":"Selected Government Pensions & Allowances Youth Allowance (Full Time Students/Apprentices) No..","stype":"ratio","isDimension":false},{"name":"slct_gov_pnsn_alwn_yth_alloance_oth_num","type":"Integer","title":"Selected Government Pensions & Allowances Youth Allowance (Other) No.","description":"Selected Government Pensions & Allowances Youth Allowance (Other) No..","stype":"ratio","isDimension":false}],"filter":{"filterType":"tabular","where":"(yr IN ('2018'))","feature":{"key":"sa4_code16","geoLevel":"sa4_2016","geoField":"ignored","year":"2006","featureBbox":[96.81676569599999,-43.740509603,159.109219008,-9.142175977],"featureType":"country","featureInstance":"au","featureName":"Australia","referenceSystemIdentifier":"urn:x-ogc:def:crs:EPSG:4283","prefix":"","keyTransform":null},"states":[]}}