{"type":"FeatureCollection","bbox":[0.0,0.0,-1.0,-1.0],"features":[{"type":"Feature","properties":{"sa4_code16":"101","yr":"2018","sa4_name16":"Capital Region","ogc_fid":1,"land_area_ha":5189560.0},"id":"abs_data_by_region_land_and_environment_asgs_sa4_2011_2018.1"},{"type":"Feature","properties":{"sa4_code16":"102","yr":"2018","sa4_name16":"Central Coast","ogc_fid":7,"land_area_ha":168107.0},"id":"abs_data_by_region_land_and_environment_asgs_sa4_2011_2018.7"},{"type":"Feature","properties":{"sa4_code16":"103","yr":"2018","sa4_name16":"Central West","ogc_fid":13,"land_area_ha":7029710.0},"id":"abs_data_by_region_land_and_environment_asgs_sa4_2011_2018.13"},{"type":"Feature","properties":{"sa4_code16":"104","yr":"2018","sa4_name16":"Coffs Harbour - Grafton","ogc_fid":19,"land_area_ha":1322980.0},"id":"abs_data_by_region_land_and_environment_asgs_sa4_2011_2018.19"},{"type":"Feature","properties":{"sa4_code16":"105","yr":"2018","sa4_name16":"Far West and Orana","ogc_fid":25,"land_area_ha":3.39364E7},"id":"abs_data_by_region_land_and_environment_asgs_sa4_2011_2018.25"},{"type":"Feature","properties":{"sa4_code16":"106","yr":"2018","sa4_name16":"Hunter Valley exc Newcastle","ogc_fid":31,"land_area_ha":2149130.0},"id":"abs_data_by_region_land_and_environment_asgs_sa4_2011_2018.31"},{"type":"Feature","properties":{"sa4_code16":"107","yr":"2018","sa4_name16":"Illawarra","ogc_fid":37,"land_area_ha":153892.0},"id":"abs_data_by_region_land_and_environment_asgs_sa4_2011_2018.37"},{"type":"Feature","properties":{"sa4_code16":"108","yr":"2018","sa4_name16":"Mid North Coast","ogc_fid":43,"land_area_ha":1885150.0},"id":"abs_data_by_region_land_and_environment_asgs_sa4_2011_2018.43"},{"type":"Feature","properties":{"sa4_code16":"109","yr":"2018","sa4_name16":"Murray","ogc_fid":49,"land_area_ha":9779770.0},"id":"abs_data_by_region_land_and_environment_asgs_sa4_2011_2018.49"},{"type":"Feature","properties":{"sa4_code16":"110","yr":"2018","sa4_name16":"New England and North West","ogc_fid":55,"land_area_ha":9914590.0},"id":"abs_data_by_region_land_and_environment_asgs_sa4_2011_2018.55"},{"type":"Feature","properties":{"sa4_code16":"111","yr":"2018","sa4_name16":"Newcastle and Lake Macquarie","ogc_fid":61,"land_area_ha":87061.2},"id":"abs_data_by_region_land_and_environment_asgs_sa4_2011_2018.61"},{"type":"Feature","properties":{"sa4_code16":"112","yr":"2018","sa4_name16":"Richmond - Tweed","ogc_fid":67,"land_area_ha":1027110.0},"id":"abs_data_by_region_land_and_environment_asgs_sa4_2011_2018.67"},{"type":"Feature","properties":{"sa4_code16":"113","yr":"2018","sa4_name16":"Riverina","ogc_fid":73,"land_area_ha":5698500.0},"id":"abs_data_by_region_land_and_environment_asgs_sa4_2011_2018.73"},{"type":"Feature","properties":{"sa4_code16":"114","yr":"2018","sa4_name16":"Southern Highlands and Shoalhaven","ogc_fid":79,"land_area_ha":670444.0},"id":"abs_data_by_region_land_and_environment_asgs_sa4_2011_2018.79"},{"type":"Feature","properties":{"sa4_code16":"115","yr":"2018","sa4_name16":"Sydney - Baulkham Hills and Hawkesbury","ogc_fid":85,"land_area_ha":325150.0},"id":"abs_data_by_region_land_and_environment_asgs_sa4_2011_2018.85"},{"type":"Feature","properties":{"sa4_code16":"116","yr":"2018","sa4_name16":"Sydney - Blacktown","ogc_fid":91,"land_area_ha":24208.5},"id":"abs_data_by_region_land_and_environment_asgs_sa4_2011_2018.91"},{"type":"Feature","properties":{"sa4_code16":"117","yr":"2018","sa4_name16":"Sydney - City and Inner South","ogc_fid":97,"land_area_ha":6553.2},"id":"abs_data_by_region_land_and_environment_asgs_sa4_2011_2018.97"},{"type":"Feature","properties":{"sa4_code16":"118","yr":"2018","sa4_name16":"Sydney - Eastern Suburbs","ogc_fid":103,"land_area_ha":5773.3},"id":"abs_data_by_region_land_and_environment_asgs_sa4_2011_2018.103"},{"type":"Feature","properties":{"sa4_code16":"119","yr":"2018","sa4_name16":"Sydney - Inner South West","ogc_fid":109,"land_area_ha":16393.5},"id":"abs_data_by_region_land_and_environment_asgs_sa4_2011_2018.109"},{"type":"Feature","properties":{"sa4_code16":"120","yr":"2018","sa4_name16":"Sydney - Inner West","ogc_fid":115,"land_area_ha":6454.8},"id":"abs_data_by_region_land_and_environment_asgs_sa4_2011_2018.115"},{"type":"Feature","properties":{"sa4_code16":"121","yr":"2018","sa4_name16":"Sydney - North Sydney and Hornsby","ogc_fid":121,"land_area_ha":27509.5},"id":"abs_data_by_region_land_and_environment_asgs_sa4_2011_2018.121"},{"type":"Feature","properties":{"sa4_code16":"122","yr":"2018","sa4_name16":"Sydney - Northern Beaches","ogc_fid":127,"land_area_ha":25420.7},"id":"abs_data_by_region_land_and_environment_asgs_sa4_2011_2018.127"},{"type":"Feature","properties":{"sa4_code16":"123","yr":"2018","sa4_name16":"Sydney - Outer South West","ogc_fid":133,"land_area_ha":127845.0},"id":"abs_data_by_region_land_and_environment_asgs_sa4_2011_2018.133"},{"type":"Feature","properties":{"sa4_code16":"124","yr":"2018","sa4_name16":"Sydney - Outer West and Blue Mountains","ogc_fid":139,"land_area_ha":396813.0},"id":"abs_data_by_region_land_and_environment_asgs_sa4_2011_2018.139"},{"type":"Feature","properties":{"sa4_code16":"125","yr":"2018","sa4_name16":"Sydney - Parramatta","ogc_fid":145,"land_area_ha":16163.6},"id":"abs_data_by_region_land_and_environment_asgs_sa4_2011_2018.145"},{"type":"Feature","properties":{"sa4_code16":"126","yr":"2018","sa4_name16":"Sydney - Ryde","ogc_fid":151,"land_area_ha":6933.7},"id":"abs_data_by_region_land_and_environment_asgs_sa4_2011_2018.151"},{"type":"Feature","properties":{"sa4_code16":"127","yr":"2018","sa4_name16":"Sydney - South West","ogc_fid":156,"land_area_ha":53906.9},"id":"abs_data_by_region_land_and_environment_asgs_sa4_2011_2018.156"},{"type":"Feature","properties":{"sa4_code16":"128","yr":"2018","sa4_name16":"Sydney - Sutherland","ogc_fid":162,"land_area_ha":29586.5},"id":"abs_data_by_region_land_and_environment_asgs_sa4_2011_2018.162"},{"type":"Feature","properties":{"sa4_code16":"201","yr":"2018","sa4_name16":"Ballarat","ogc_fid":168,"land_area_ha":1028750.0},"id":"abs_data_by_region_land_and_environment_asgs_sa4_2011_2018.168"},{"type":"Feature","properties":{"sa4_code16":"202","yr":"2018","sa4_name16":"Bendigo","ogc_fid":174,"land_area_ha":1184190.0},"id":"abs_data_by_region_land_and_environment_asgs_sa4_2011_2018.174"},{"type":"Feature","properties":{"sa4_code16":"203","yr":"2018","sa4_name16":"Geelong","ogc_fid":180,"land_area_ha":442870.0},"id":"abs_data_by_region_land_and_environment_asgs_sa4_2011_2018.180"},{"type":"Feature","properties":{"sa4_code16":"204","yr":"2018","sa4_name16":"Hume","ogc_fid":186,"land_area_ha":3400550.0},"id":"abs_data_by_region_land_and_environment_asgs_sa4_2011_2018.186"},{"type":"Feature","properties":{"sa4_code16":"205","yr":"2018","sa4_name16":"Latrobe - Gippsland","ogc_fid":192,"land_area_ha":4155380.0},"id":"abs_data_by_region_land_and_environment_asgs_sa4_2011_2018.192"},{"type":"Feature","properties":{"sa4_code16":"206","yr":"2018","sa4_name16":"Melbourne - Inner","ogc_fid":198,"land_area_ha":14236.0},"id":"abs_data_by_region_land_and_environment_asgs_sa4_2011_2018.198"},{"type":"Feature","properties":{"sa4_code16":"207","yr":"2018","sa4_name16":"Melbourne - Inner East","ogc_fid":204,"land_area_ha":14674.3},"id":"abs_data_by_region_land_and_environment_asgs_sa4_2011_2018.204"},{"type":"Feature","properties":{"sa4_code16":"208","yr":"2018","sa4_name16":"Melbourne - Inner South","ogc_fid":210,"land_area_ha":16149.7},"id":"abs_data_by_region_land_and_environment_asgs_sa4_2011_2018.210"},{"type":"Feature","properties":{"sa4_code16":"209","yr":"2018","sa4_name16":"Melbourne - North East","ogc_fid":216,"land_area_ha":185126.0},"id":"abs_data_by_region_land_and_environment_asgs_sa4_2011_2018.216"},{"type":"Feature","properties":{"sa4_code16":"210","yr":"2018","sa4_name16":"Melbourne - North West","ogc_fid":222,"land_area_ha":161969.0},"id":"abs_data_by_region_land_and_environment_asgs_sa4_2011_2018.222"},{"type":"Feature","properties":{"sa4_code16":"211","yr":"2018","sa4_name16":"Melbourne - Outer East","ogc_fid":228,"land_area_ha":187856.0},"id":"abs_data_by_region_land_and_environment_asgs_sa4_2011_2018.228"},{"type":"Feature","properties":{"sa4_code16":"212","yr":"2018","sa4_name16":"Melbourne - South East","ogc_fid":234,"land_area_ha":192228.0},"id":"abs_data_by_region_land_and_environment_asgs_sa4_2011_2018.234"},{"type":"Feature","properties":{"sa4_code16":"213","yr":"2018","sa4_name16":"Melbourne - West","ogc_fid":240,"land_area_ha":141635.0},"id":"abs_data_by_region_land_and_environment_asgs_sa4_2011_2018.240"},{"type":"Feature","properties":{"sa4_code16":"214","yr":"2018","sa4_name16":"Mornington Peninsula","ogc_fid":246,"land_area_ha":85376.6},"id":"abs_data_by_region_land_and_environment_asgs_sa4_2011_2018.246"},{"type":"Feature","properties":{"sa4_code16":"215","yr":"2018","sa4_name16":"North West","ogc_fid":252,"land_area_ha":7807270.0},"id":"abs_data_by_region_land_and_environment_asgs_sa4_2011_2018.252"},{"type":"Feature","properties":{"sa4_code16":"216","yr":"2018","sa4_name16":"Shepparton","ogc_fid":258,"land_area_ha":1093410.0},"id":"abs_data_by_region_land_and_environment_asgs_sa4_2011_2018.258"},{"type":"Feature","properties":{"sa4_code16":"217","yr":"2018","sa4_name16":"Warrnambool and South West","ogc_fid":264,"land_area_ha":2637890.0},"id":"abs_data_by_region_land_and_environment_asgs_sa4_2011_2018.264"},{"type":"Feature","properties":{"sa4_code16":"301","yr":"2018","sa4_name16":"Brisbane - East","ogc_fid":270,"land_area_ha":65313.3},"id":"abs_data_by_region_land_and_environment_asgs_sa4_2011_2018.270"},{"type":"Feature","properties":{"sa4_code16":"302","yr":"2018","sa4_name16":"Brisbane - North","ogc_fid":276,"land_area_ha":18694.9},"id":"abs_data_by_region_land_and_environment_asgs_sa4_2011_2018.276"},{"type":"Feature","properties":{"sa4_code16":"303","yr":"2018","sa4_name16":"Brisbane - South","ogc_fid":282,"land_area_ha":26534.5},"id":"abs_data_by_region_land_and_environment_asgs_sa4_2011_2018.282"},{"type":"Feature","properties":{"sa4_code16":"304","yr":"2018","sa4_name16":"Brisbane - West","ogc_fid":288,"land_area_ha":26965.1},"id":"abs_data_by_region_land_and_environment_asgs_sa4_2011_2018.288"},{"type":"Feature","properties":{"sa4_code16":"305","yr":"2018","sa4_name16":"Brisbane Inner City","ogc_fid":294,"land_area_ha":8173.9},"id":"abs_data_by_region_land_and_environment_asgs_sa4_2011_2018.294"},{"type":"Feature","properties":{"sa4_code16":"306","yr":"2018","sa4_name16":"Cairns","ogc_fid":300,"land_area_ha":2133800.0},"id":"abs_data_by_region_land_and_environment_asgs_sa4_2011_2018.300"},{"type":"Feature","properties":{"sa4_code16":"307","yr":"2018","sa4_name16":"Darling Downs - Maranoa","ogc_fid":306,"land_area_ha":1.6634E7},"id":"abs_data_by_region_land_and_environment_asgs_sa4_2011_2018.306"},{"type":"Feature","properties":{"sa4_code16":"308","yr":"2018","sa4_name16":"Central Queensland","ogc_fid":312,"land_area_ha":1.17588E7},"id":"abs_data_by_region_land_and_environment_asgs_sa4_2011_2018.312"},{"type":"Feature","properties":{"sa4_code16":"309","yr":"2018","sa4_name16":"Gold Coast","ogc_fid":318,"land_area_ha":185788.0},"id":"abs_data_by_region_land_and_environment_asgs_sa4_2011_2018.318"},{"type":"Feature","properties":{"sa4_code16":"310","yr":"2018","sa4_name16":"Ipswich","ogc_fid":324,"land_area_ha":668115.0},"id":"abs_data_by_region_land_and_environment_asgs_sa4_2011_2018.324"},{"type":"Feature","properties":{"sa4_code16":"311","yr":"2018","sa4_name16":"Logan - Beaudesert","ogc_fid":330,"land_area_ha":258614.0},"id":"abs_data_by_region_land_and_environment_asgs_sa4_2011_2018.330"},{"type":"Feature","properties":{"sa4_code16":"312","yr":"2018","sa4_name16":"Mackay - Isaac - Whitsunday","ogc_fid":336,"land_area_ha":9014010.0},"id":"abs_data_by_region_land_and_environment_asgs_sa4_2011_2018.336"},{"type":"Feature","properties":{"sa4_code16":"313","yr":"2018","sa4_name16":"Moreton Bay - North","ogc_fid":342,"land_area_ha":434446.0},"id":"abs_data_by_region_land_and_environment_asgs_sa4_2011_2018.342"},{"type":"Feature","properties":{"sa4_code16":"314","yr":"2018","sa4_name16":"Moreton Bay - South","ogc_fid":348,"land_area_ha":77339.5},"id":"abs_data_by_region_land_and_environment_asgs_sa4_2011_2018.348"},{"type":"Feature","properties":{"sa4_code16":"315","yr":"2018","sa4_name16":"Queensland - Outback","ogc_fid":354,"land_area_ha":1.18318E8},"id":"abs_data_by_region_land_and_environment_asgs_sa4_2011_2018.354"},{"type":"Feature","properties":{"sa4_code16":"316","yr":"2018","sa4_name16":"Sunshine Coast","ogc_fid":360,"land_area_ha":308591.0},"id":"abs_data_by_region_land_and_environment_asgs_sa4_2011_2018.360"},{"type":"Feature","properties":{"sa4_code16":"317","yr":"2018","sa4_name16":"Toowoomba","ogc_fid":366,"land_area_ha":225880.0},"id":"abs_data_by_region_land_and_environment_asgs_sa4_2011_2018.366"},{"type":"Feature","properties":{"sa4_code16":"318","yr":"2018","sa4_name16":"Townsville","ogc_fid":372,"land_area_ha":8003610.0},"id":"abs_data_by_region_land_and_environment_asgs_sa4_2011_2018.372"},{"type":"Feature","properties":{"sa4_code16":"319","yr":"2018","sa4_name16":"Wide Bay","ogc_fid":378,"land_area_ha":4850260.0},"id":"abs_data_by_region_land_and_environment_asgs_sa4_2011_2018.378"},{"type":"Feature","properties":{"sa4_code16":"401","yr":"2018","sa4_name16":"Adelaide - Central and Hills","ogc_fid":384,"land_area_ha":149727.0},"id":"abs_data_by_region_land_and_environment_asgs_sa4_2011_2018.384"},{"type":"Feature","properties":{"sa4_code16":"402","yr":"2018","sa4_name16":"Adelaide - North","ogc_fid":390,"land_area_ha":93999.3},"id":"abs_data_by_region_land_and_environment_asgs_sa4_2011_2018.390"},{"type":"Feature","properties":{"sa4_code16":"403","yr":"2018","sa4_name16":"Adelaide - South","ogc_fid":396,"land_area_ha":66308.1},"id":"abs_data_by_region_land_and_environment_asgs_sa4_2011_2018.396"},{"type":"Feature","properties":{"sa4_code16":"404","yr":"2018","sa4_name16":"Adelaide - West","ogc_fid":402,"land_area_ha":15949.0},"id":"abs_data_by_region_land_and_environment_asgs_sa4_2011_2018.402"},{"type":"Feature","properties":{"sa4_code16":"405","yr":"2018","sa4_name16":"Barossa - Yorke - Mid North","ogc_fid":408,"land_area_ha":3771640.0},"id":"abs_data_by_region_land_and_environment_asgs_sa4_2011_2018.408"},{"type":"Feature","properties":{"sa4_code16":"406","yr":"2018","sa4_name16":"South Australia - Outback","ogc_fid":414,"land_area_ha":8.77816E7},"id":"abs_data_by_region_land_and_environment_asgs_sa4_2011_2018.414"},{"type":"Feature","properties":{"sa4_code16":"407","yr":"2018","sa4_name16":"South Australia - South East","ogc_fid":420,"land_area_ha":6548270.0},"id":"abs_data_by_region_land_and_environment_asgs_sa4_2011_2018.420"},{"type":"Feature","properties":{"sa4_code16":"501","yr":"2018","sa4_name16":"Bunbury","ogc_fid":426,"land_area_ha":2480240.0},"id":"abs_data_by_region_land_and_environment_asgs_sa4_2011_2018.426"},{"type":"Feature","properties":{"sa4_code16":"502","yr":"2018","sa4_name16":"Mandurah","ogc_fid":432,"land_area_ha":103286.0},"id":"abs_data_by_region_land_and_environment_asgs_sa4_2011_2018.432"},{"type":"Feature","properties":{"sa4_code16":"503","yr":"2018","sa4_name16":"Perth - Inner","ogc_fid":438,"land_area_ha":9224.0},"id":"abs_data_by_region_land_and_environment_asgs_sa4_2011_2018.438"},{"type":"Feature","properties":{"sa4_code16":"504","yr":"2018","sa4_name16":"Perth - North East","ogc_fid":444,"land_area_ha":176243.0},"id":"abs_data_by_region_land_and_environment_asgs_sa4_2011_2018.444"},{"type":"Feature","properties":{"sa4_code16":"505","yr":"2018","sa4_name16":"Perth - North West","ogc_fid":450,"land_area_ha":88399.9},"id":"abs_data_by_region_land_and_environment_asgs_sa4_2011_2018.450"},{"type":"Feature","properties":{"sa4_code16":"506","yr":"2018","sa4_name16":"Perth - South East","ogc_fid":456,"land_area_ha":202399.0},"id":"abs_data_by_region_land_and_environment_asgs_sa4_2011_2018.456"},{"type":"Feature","properties":{"sa4_code16":"507","yr":"2018","sa4_name16":"Perth - South West","ogc_fid":462,"land_area_ha":62069.6},"id":"abs_data_by_region_land_and_environment_asgs_sa4_2011_2018.462"},{"type":"Feature","properties":{"sa4_code16":"509","yr":"2018","sa4_name16":"Western Australia - Wheat Belt","ogc_fid":468,"land_area_ha":1.97345E7},"id":"abs_data_by_region_land_and_environment_asgs_sa4_2011_2018.468"},{"type":"Feature","properties":{"sa4_code16":"510","yr":"2018","sa4_name16":"Western Australia - Outback (North)","ogc_fid":474,"land_area_ha":9.2605E7},"id":"abs_data_by_region_land_and_environment_asgs_sa4_2011_2018.474"},{"type":"Feature","properties":{"sa4_code16":"511","yr":"2018","sa4_name16":"Western Australia - Outback (South)","ogc_fid":480,"land_area_ha":1.37203008E8},"id":"abs_data_by_region_land_and_environment_asgs_sa4_2011_2018.480"},{"type":"Feature","properties":{"sa4_code16":"601","yr":"2018","sa4_name16":"Hobart","ogc_fid":486,"land_area_ha":169536.0},"id":"abs_data_by_region_land_and_environment_asgs_sa4_2011_2018.486"},{"type":"Feature","properties":{"sa4_code16":"602","yr":"2018","sa4_name16":"Launceston and North East","ogc_fid":492,"land_area_ha":1997530.0},"id":"abs_data_by_region_land_and_environment_asgs_sa4_2011_2018.492"},{"type":"Feature","properties":{"sa4_code16":"603","yr":"2018","sa4_name16":"South East","ogc_fid":498,"land_area_ha":2382200.0},"id":"abs_data_by_region_land_and_environment_asgs_sa4_2011_2018.498"},{"type":"Feature","properties":{"sa4_code16":"604","yr":"2018","sa4_name16":"West and North West","ogc_fid":504,"land_area_ha":2252520.0},"id":"abs_data_by_region_land_and_environment_asgs_sa4_2011_2018.504"},{"type":"Feature","properties":{"sa4_code16":"701","yr":"2018","sa4_name16":"Darwin","ogc_fid":510,"land_area_ha":316391.0},"id":"abs_data_by_region_land_and_environment_asgs_sa4_2011_2018.510"},{"type":"Feature","properties":{"sa4_code16":"702","yr":"2018","sa4_name16":"Northern Territory - Outback","ogc_fid":516,"land_area_ha":1.34492992E8},"id":"abs_data_by_region_land_and_environment_asgs_sa4_2011_2018.516"},{"type":"Feature","properties":{"sa4_code16":"801","yr":"2018","sa4_name16":"Australian Capital Territory","ogc_fid":522,"land_area_ha":235817.0},"id":"abs_data_by_region_land_and_environment_asgs_sa4_2011_2018.522"},{"type":"Feature","properties":{"sa4_code16":"901","yr":"2018","sa4_name16":"Other Territories","ogc_fid":528,"land_area_ha":25631.6},"id":"abs_data_by_region_land_and_environment_asgs_sa4_2011_2018.528"}]}