{"organisation":"AU_Govt_DHS","name":"au_govt_medicare_offices_2019","title":"Department of Human Services Medicare Office Locations (Point) 2019","legal":{"copyrightYear":"2019","attributionYear":"2019","attribution":"{datasource.organisationTitle}, ({dataset.attributionYear}): {dataset.title}; accessed from AURIN on {dateOfAccess}.","clickthrough":false,"licenceType":"Creative Commons Attribution 3.0 Australia (CC BY 3.0 AU)","copyrightNotice":"&copy; {datasource.organisationTitle} {dataset.copyrightYear}"},"referenceSystemIdentifier":"urn:x-ogc:def:crs:EPSG:4283","geoLevel":"NA","key":"ogc_fid","keyRegex":null,"availability":"true","geomField":"wkb_geometry","keyword":"government,Australia,office,dhs,medicare","theme":null,"temporalExtent":{"beginDate":"2019-01-09T00:00:00","endDate":"2019-01-09T00:00:00","selectTime":false},"type":"dataset","_id":"dataset-AU_Govt_DHS-au_govt_medicare_offices_2019-NA","bbox":null,"abstract":"This dataset describes the locations of Medicare offices across Australia and is current as of 9 January 2019. Each office is also described according to their name, full address and opening hours (if available). The Department of Human Services (the department) is responsible for the development of service delivery policy and provides access to social, health and other payments and services through Medicare. \n<br/><br/>\n\nFor more information please visit the <a href=\"https://data.gov.au/dataset/ds-dga-70f76a9e-d450-4567-9760-290dea54229c/details\" target=\"_blank\">Open Government Data Portal</a>.\n\n<br/><br/>\nPlease Note:\n<ul>\n<li>AURIN has spatially enabled the original data.</li>\n</ul>\n","selectedAttributes":[{"name":"ogc_fid","type":"Integer","title":"Unique Identifier","description":"Unique Identifier.","isDimension":false},{"name":"address","type":"String","title":"Address","description":"Street address of office location.","stype":"nominal","isDimension":false},{"name":"close","type":"String","title":"Closing Time","description":"Closing time of office (if available).","stype":"nominal","isDimension":false},{"name":"closed_for_lunch_office_notes","type":"String","title":"Closed for Lunch / Office Notes","description":"Closed for Lunch / Office Notes.","isDimension":false},{"name":"latitude","type":"Double","title":"Latitude","description":"Latitude in decimal degrees.","stype":"ratio","isDimension":false},{"name":"longitude","type":"Double","title":"Longitude","description":"Longitude in decimal degrees.","stype":"ratio","isDimension":false},{"name":"office_type","type":"String","title":"Office Type","description":"Office Type.","isDimension":false},{"name":"open","type":"String","title":"Opening Time","description":"Opening time of office (if available).","stype":"nominal","isDimension":false},{"name":"postcode","type":"String","title":"Postcode","description":"Postcode of office location.","stype":"nominal","isDimension":false},{"name":"site_name","type":"String","title":"Site Name","description":"Site Name.","isDimension":false},{"name":"state","type":"String","title":"State","description":"State in which office is located.","stype":"nominal","isDimension":false},{"name":"suburb","type":"String","title":"Suburb","description":"Suburb in which office is located.","stype":"nominal","isDimension":false},{"name":"wkb_geometry","type":"Geometry","title":"Geoemetry","description":"Geoemetry.","isDimension":false}],"filter":{"filterType":"tabular","spatial":{"bbox":[96.816765696,-43.740509603,159.109219008,-9.142175977]},"states":[]}}