{"organisation":"UC_NATSEM__AU_Govt_ABS__UC_NATSEM__AU_Govt_ABS__AU_Govt_ABS__TUA_PHIDU","name":"natsem_social_indicators_estimates_sa2_2016__abs_ihad_sa2_2016__natsem_financial_indicators_synthetic_sa2_2016__sa2_seifa_irsad_2016__sa2_seifa_ieo_2016__sa2_selfassessedhealth_modelledestimate","title":"NATSEM - Social and Economic Indicators - Synthetic Estimates SA2 2016__ABS - Index of Household Advantage and Disadvantage (IHAD) (SA2) 2016__NATSEM - Financial Indicators - Synthetic Estimates SA2 2016__ABS - Socio-Economic Indexes for Areas (SEIFA) - The Index of Relative Socio-economic Advantage and Disadvantage (SA2) 2016__ABS - Socio-Economic Indexes for Areas (SEIFA) - The Index of Education and Occupation (SA2) 2016__SA2 Self Assessed Health - Modelled Estimate 2011-2013","legal":{"attribution":"{datasource.organisationTitle}, ({dataset.attributionYear}): {dataset.title}; accessed from AURIN on {dateOfAccess}.","attributionYear":"2018","clickthrough":false,"copyrightNotice":"&copy; {datasource.organisationTitle} {dataset.copyrightYear}","copyrightYear":"2018","licenceType":"Creative Commons Attribution-NonCommercial 4.0 International (CC BY-NC 4.0)"},"referenceSystemIdentifier":"urn:x-ogc:def:crs:EPSG:4283","geoLevel":"sa2_2016","key":"sa2_code16","keyRegex":null,"availability":null,"geomField":"the_geom","keyword":"Australia,sa2,economic,social,model,socio economic,synthetic,indicators,socio-economic,economic,financial,model,socio economic,synthetic,indicators,Australia,sa2,seifa,2016,index,asgs aggregation,aus,disadvantage,australia,advantage,socio-economic,census,socio-economic indexes for areas,irsad,seifa,occupation,aus,index,australia,socio-economic indexes for areas,2016,asgs aggregation,census,socio-economic,education,ieo,sf1, hair health, poor health, self-assessed health, modelled estimate, health, well being, population,","theme":null,"temporalExtent":null,"type":"dataset","_id":null,"bbox":null,"abstract":"This dataset presents the synthetically modeled indicators of the population in small regions of Australia based on the 2016 Census and aggregated following the 2016 edition of the Australian Statistical Geography Standard (ASGS). The synthetic indicators produced by the spatial micro-simulation model (SpatialMSM) are: median income, equivalised disposable median income, Gini coefficient and housing stress. The data has been provided by The National Centre for Social and Economic Modelling (NATSEM).<br/><br/>\n\nNATSEM's spatial micro-simulation model uses a technique that takes a survey and re-weights it to small area Census data. SpatialMSM18F is the application of the NATSEM Spatial Micro-simulation model using the ABS Survey of Income and Housing 2015/2016 and the 2016 Census of Population and Housing at the SA2 level (Tanton et al. 2011). All the indicators from the SpatialMSM model are synthetic, so there is some model error as well as other error from the survey. Therefore, they are not as accurate as the Census data used.<br/><br/>\n\nFor more information please view the <a href=\"https://apps.aurin.org.au/gate/technicalreports/NATSEM/AURIN%20Social%20Data%20Technical%20Report%20Nov%202018.pdf\" target=\"_blank\">NATSEM Technical Report</a>.<br/><br/>\n\nPlease note: \n<ul>\n<li>AURIN has spatially enabled the original data provided directly from NATSEM.</li>\n<li>Where data values are NULL, the data is either unpublished or not applicable mathematically.</li>\n<li>The treatment of Not Stated and Overseas Visitor data is to exclude them from both the numerator and the denominator.</li>\n<li>Methodology between the 2016 NATSEM and 2011 OECD data release may have changed, please refer to the technical report for parity status and specific changes.</li>\n</ul>\n__This dataset presents information from 2016 at the household level; the percentage of households within each Index of Household Advantage and Disadvantage (IHAD) quartile for Statistical Area Level 2 (SA2) 2016 boundaries.<br/><br/>\n\nThe IHAD is an experimental analytical index developed by the Australian Bureau of Statistics (ABS) that provides a summary measure of relative socio-economic advantage and disadvantage for households. It utilises information from the 2016 Census of Population and Housing.<br/><br/>\n\n<b>IHAD quartiles</b>: All households are ordered from lowest to highest disadvantage, the lowest 25% of households are given a quartile number of 1, the next lowest 25% of households are given a quartile number of 2 and so on, up to the highest 25% of households which are given a quartile number of 4. This means that households are divided up into four groups, depending on their score.<br/><br/>\n\n\nThis data is ABS data (catalogue number: 4198.0) used with permission from the Australian Bureau of Statistics.<br/><br/>\n\nFor more information please visit the <a href=\"https://www.abs.gov.au/AUSSTATS/abs@.nsf/Lookup/4198.0Main+Features12016?OpenDocument\" target=\"_blank\">Australian Bureau of Statistics</a>.<br/><br/>\n\nPlease note: \n<ul>\n<li>AURIN has generated this dataset through aggregating the <a href=\"https://www.abs.gov.au/AUSSTATS/abs@.nsf/DetailsPage/4198.02016?OpenDocument\" target=\"_blank\">original SA1 level data</a> (with calculated number of households/quartile) to SA2 level.</li>\n<li>The number of occupied private dwellings, and number of households in each of the IHAD quartiles for each SA2 were calculated by aggregating the values of each of those specified columns from the SA1 dataset. Percentages of households in each of the IHAD quartiles were calculated for each SA2 from these aggregated totals.</li>\n<li>A household is defined as one or more persons, at least one of whom is at least 15 years of age, usually resident in the same private dwelling. All occupants of a dwelling form a household. For Census purposes, the total number of households is equal to the total number of occupied private dwellings (Census of Population and Housing: Census Dictionary, 2016 cat. no. 2901.0).</li>\n<li>IHAD output has been confidentialised to meet ABS requirements. In line with standard ABS procedures to minimise the risk of identifying individuals, a technique has been applied to randomly adjust cell values of the output tables.  These adjustments may cause the sum of rows or columns to differ by small amounts from table totals.\n</li>\n</ul>__This dataset presents the synthetically modeled indicators relating to the financials of the population of small regions of Australia based on the 2016 Census and aggregated following the 2016 edition of the Australian Statistical Geography Standard (ASGS). The synthetic indicators are produced by the spatial micro-simulation model (SpatialMSM). The data has been provided by The National Centre for Social and Economic Modelling (NATSEM).<br/><br/>\n\nNATSEM???s spatial microsimulation model uses a technique that takes a survey and reweights it to small area Census data. SpatialMSM18 is the application of the NATSEM Spatial Microsimulation model using the Household, Income and Labour Dynamics in Australia (HILDA) dataset, the ABS Housing Expenditure Survey (for financial stress) and the 2016 Census of Population and Housing at the SA2 level (Tanton et al. 2011). All the indicators from the SpatialMSM model are synthetic, so there is some model error as well as other error from the survey. Therefore, they are not as accurate as the Census data used.<br/><br/>\n\nData in this dataset comes from NATSEM's spatial microsimulation model. Estimates are for financial stress, trust and life satisfaction. A description of the model, and validation, can be found in the accompanying <a href=\"https://apps.aurin.org.au/gate/technicalreports/NATSEM/AURIN%20Trust%20Wellbeing%20Financial%20Stress%20Technical%20Report%20Nov%202018.pdf\" target=\"_blank\">NATSEM Technical Report</a>.<br/><br/>\n\nPlease note: \n<ul>\n<li>AURIN has spatially enabled the original data provided directly from NATSEM.</li>\n<li>Where data values are NULL, the data is either unpublished or not applicable mathematically.</li>\n<li>The treatment of Not Stated and Overseas Visitor data is to exclude them from both the numerator and the denominator.</li>\n<li>Methodology between the 2016 NATSEM and 2011 OECD data release may have changed, please refer to the technical report for parity status and specific changes.</li>\n</ul>\n__This data is SA2 based SEIFA data on The Index of Relative Socio-economic Advantage and Disadvantage, 2016. Data is based upon 2016 ASGS boundaries.\n<br/>\n\nSocio-Economic Indexes for Areas (SEIFA) is an ABS product that ranks areas in Australia according to relative socio-economic advantage and disadvantage. The indexes are based on information from the five-yearly Census of Population and Housing. <br/>\n\nSEIFA 2016 has been created from Census 2016 data and consists of four indexes: The Index of Relative Socio-economic Disadvantage (IRSD); The Index of Relative Socio-economic Advantage and Disadvantage (IRSAD); The Index of Education and Occupation (IEO); The Index of Economic Resources (IER).<br/>\n\nEach index is a summary of a different subset of Census variables and focuses on a different aspect of socio-economic advantage and disadvantage. <br/>\n\nThis data is ABS data (catalogue number: 2033.0.55.001) used with permission from the Australian Bureau of Statistics. <br/>\n\nFor more information on this data please visit the <a href='http://www.abs.gov.au/AUSSTATS/abs@.nsf/Lookup/2033.0.55.001Main+Features12016?OpenDocument' target='_blank'>Australian Bureau of Statistics</a>.__This data is SA2 based SEIFA data on The Index of Education and Occupation, 2016. Data is based upon 2016 ASGS boundaries.\n<br/>\n\nSocio-Economic Indexes for Areas (SEIFA) is an ABS product that ranks areas in Australia according to relative socio-economic advantage and disadvantage. The indexes are based on information from the five-yearly Census of Population and Housing. <br/>\n\nSEIFA 2016 has been created from Census 2016 data and consists of four indexes: The Index of Relative Socio-economic Disadvantage (IRSD); The Index of Relative Socio-economic Advantage and Disadvantage (IRSAD); The Index of Education and Occupation (IEO); The Index of Economic Resources (IER).<br/>\n\nEach index is a summary of a different subset of Census variables and focuses on a different aspect of socio-economic advantage and disadvantage. <br/>\n\nThis data is ABS data (catalogue number: 2033.0.55.001) used with permission from the Australian Bureau of Statistics. <br/>\n\nFor more information on this data please visit the <a href='http://www.abs.gov.au/AUSSTATS/abs@.nsf/Lookup/2033.0.55.001Main+Features12016?OpenDocument' target='_blank'>Australian Bureau of Statistics</a>.__Estimate of self-assessed health as fair or poor health from the Australian Health Survey, from 2011 to 2013, by SA2. SA2 data for this indicator are derived from Population Health Area (PHA) data. PHAs are comprised of one or more whole SA2s. A full listing of SA2s and what percentage of their corresponding PHA has been allocated to them can be found at the following link: http://publichealth.gov.au/AURIN/phidu_PHA_to_SA2_concordance.xls","selectedAttributes":[{"name":"sa2_code16","type":"String","title":"SA2 Code","description":"SA2 Code.","isDimension":false},{"name":"sa2_name16","type":"String","title":"SA2 Name","description":"SA2 Name.","isDimension":false},{"name":"inc_median_syn","type":"Double","title":"Median Household Income (synthetic)","description":"Median Household Income (synthetic).","isDimension":false},{"name":"M0_sa2_main16","type":"String","title":"SA2 9-Digit Code 2016","description":"sa2_main16","isDimension":false},{"name":"M0_q1_perc","type":"Double","title":"Percentage Of Households In The IHAD (a): Quartile 1 ","description":"(a) The scope of the IHAD is occupied private dwellings. Unoccupied private dwellings, non-private dwellings, and non-classifiable occupied private dwellings (e.g. visitors only) are all excluded. Please visit the Australian Bureau of Statistics for more information regarding scope.","isDimension":false},{"name":"M0_q2_perc","type":"Double","title":"Percentage Of Households In The IHAD (a): Quartile 2 ","description":"(a) The scope of the IHAD is occupied private dwellings. Unoccupied private dwellings, non-private dwellings, and non-classifiable occupied private dwellings (e.g. visitors only) are all excluded. Please visit the Australian Bureau of Statistics for more information regarding scope.","isDimension":false},{"name":"M0_q3_perc","type":"Double","title":"Percentage Of Households In The IHAD (a): Quartile 3 ","description":"(a) The scope of the IHAD is occupied private dwellings. Unoccupied private dwellings, non-private dwellings, and non-classifiable occupied private dwellings (e.g. visitors only) are all excluded. Please visit the Australian Bureau of Statistics for more information regarding scope.","isDimension":false},{"name":"M0_q4_perc","type":"Double","title":"Percentage Of Households In The IHAD (a): Quartile 4 ","description":"(a) The scope of the IHAD is occupied private dwellings. Unoccupied private dwellings, non-private dwellings, and non-classifiable occupied private dwellings (e.g. visitors only) are all excluded. Please visit the Australian Bureau of Statistics for more information regarding scope.","isDimension":false},{"name":"M0_sa2_code16","type":"String","title":"SA2 Code","description":"SA2 Code.","isDimension":false},{"name":"M0_totalpers_synth","type":"Integer","title":"Number of people in the area","description":"Number of people in the area.","isDimension":false},{"name":"M0_per100_no_emergency_money_synth","type":"Double","title":"Percent of people in the area who could not get emergency money to 1DP","description":"Percent of people in the area who could not get emergency money to 1DP.","isDimension":false},{"name":"M1_sa2_main16","type":"String","title":"SA2 9-digit code 2016","description":"SA2 9-digit code 2016.","stype":"nominal","isDimension":false},{"name":"M0_irsad_score","type":"Double","title":"IRSAD Score","description":"irsad_score","isDimension":false},{"name":"M2_sa2_main16","type":"String","title":"SA2 9-digit code 2016","description":"SA2 9-digit code 2016.","stype":"nominal","isDimension":false},{"name":"M0_ieo_score","type":"Double","title":"IEO Score","description":"ieo_score","isDimension":false},{"name":"M0_area_code","type":"Integer","title":"Statistical Area Level 2 Code","description":"Statistical Area Level 2 code (2011)","stype":"nominal","isDimension":false},{"name":"M0_poor_hlth_me_2_rate_3_11_7_13","type":"Double","title":"Fair or Poor Self-Assessed Health - Rate per 100","description":"Fair or poor self-assessed health (modelled estimate), persons aged 15 years and over as an age-standardised rate per 100. Source: Compiled by PHIDU using data estimated from the 2011-13 Australian Health Survey (AHS), ABS (unpublished) and ABS Estimated Resident Population, average of 30 June 2011 and 2012. SA2 data for this indicator are derived from Population Health Area (PHA) data. PHAs are comprised of one or more whole SA2s. A full listing of SA2s and what percentage of their corresponding PHA has been allocated to them can be found at the following link: http://publichealth.gov.au/AURIN/phidu_PHA_to_SA2_concordance.xls","stype":"ratio","isDimension":false},{"name":"feature_code","type":"java.lang.String","title":"Code of Geographic feature","stype":"Nominal","description":"","isDimension":false},{"name":"feature_name","type":"java.lang.String","title":"Name of Geographic feature","stype":"Nominal","description":"","isDimension":false},{"name":"the_geom","type":"com.vividsolutions.jts.geom.MultiPolygon","title":"Geometry","stype":"Nominal","description":"","isDimension":false}],"filter":null}