{"organisation":"AU_Govt_ABS","name":"abs_data_by_region_persons_born_overseas_asgs_sa4_2011_2016","title":"ABS - Data by Region - Persons Born Overseas (SA4) 2011-2016","legal":{"copyrightYear":"2019","attributionYear":"2019","attribution":"{datasource.organisationTitle}, ({dataset.attributionYear}): {dataset.title}; accessed from AURIN on {dateOfAccess}.","clickthrough":false,"licenceType":"Creative Commons Attribution 4.0 International (CC BY 4.0)","copyrightNotice":"&copy; {datasource.organisationTitle} {dataset.copyrightYear}"},"referenceSystemIdentifier":"urn:x-ogc:def:crs:EPSG:4283","geoLevel":"sa4_2016","key":"sa4_code16","keyRegex":null,"availability":"true","geomField":"wkb_geometry","keyword":"abs,immigrants,Australia,sa4,aggregated,aus","theme":null,"temporalExtent":{"beginDate":"2011-01-01T00:00:00","endDate":"2016-12-31T00:00:00","selectTime":false},"type":"dataset","_id":"dataset-AU_Govt_ABS-abs_data_by_region_persons_born_overseas_asgs_sa4_2011_2016-sa4_2016","bbox":null,"abstract":"This dataset presents data on persons born overseas available from the ABS's Data by Region statistics. This dataset is based on the Statistical Area Level 4 2016 boundaries, and covers data for individual years of 2011 and 2016. The dataset includes information in the following specified areas regarding persons born overseas: Overseas Born Population, Year of Arrival in Australia, Australian Citizenship, Religious Affiliation, English Proficiency, Non-School Qualifications, Occupation of Employed Persons, Labour Force and Total Personal Income (Weekly).<br/><br/>\n\nData by Region contains a standard set of data for each region type, depending on the availability of statistics for particular geographies. Data are sourced from a wide variety of collections, both ABS and non-ABS. When analysing these statistics, care needs to be taken as time periods, definitions, methodologies, scope and coverage can differ across collections. Where available, data have been presented as a time series - to enable users to assess changes over time. However, when looked at on a period to period basis, some series may sometimes appear volatile. When analysing the data, users are encouraged to consider the longer term behaviour of the series, where this extra information is available.<br/><br/>\n\nThis data is ABS data (catalogue number: 1410.0) used with permission from the Australian Bureau of Statistics.<br/><br/>\n\n\nFor more information please visit the <a href=\"https://www.abs.gov.au/AUSSTATS/abs@.nsf/Lookup/1410.0Explanatory%20Notes12013-18?OpenDocument#OB\" target=\"_blank\">Australian Bureau of Statistics</a>.<br/><br/>\n\nNotes: \n<ul>\n<li>AURIN has spatially enabled the <a href=\"https://www.abs.gov.au/AUSSTATS/abs@.nsf/DetailsPage/1410.02013-18?OpenDocument\" target=\"_blank\">original data</a>.</li>\n<li>Some data values in Data by Region have been randomly adjusted or suppressed to avoid the release of confidential details.</li>\n<li>Where data was not available, not available for publication, nil or rounded to zero in the original data, it has been set to null.</li>\n<li>Columns that did not contain any values for all years in the original data have been removed.</li>\n</ul>","selectedAttributes":[{"name":"yr","type":"String","title":"Year","description":"Year.","stype":"ordinal","categories":[{"key":"2011","label":"2011"},{"key":"2016","label":"2016"}],"filterValue":"2016","isDimension":true},{"name":"sa4_code16","type":"String","title":"SA4 Code 2016","description":"SA4 Code 2016.","stype":"nominal","isDimension":false},{"name":"age_p_brn_ovs_0_4_yrs_num","type":"Integer","title":"Age Of Persons Born Overseas 0-4 Years  No.","description":"Age Of Persons Born Overseas 0-4 Years  No..","stype":"ratio","isDimension":false},{"name":"age_p_brn_ovs_10_14_yrs_num","type":"Integer","title":"Age Of Persons Born Overseas 10-14 Years  No.","description":"Age Of Persons Born Overseas 10-14 Years  No..","stype":"ratio","isDimension":false},{"name":"age_p_brn_ovs_15_19_yrs_num","type":"Integer","title":"Age Of Persons Born Overseas 15-19 Years  No.","description":"Age Of Persons Born Overseas 15-19 Years  No..","stype":"ratio","isDimension":false},{"name":"age_p_brn_ovs_20_24_yrs_num","type":"Integer","title":"Age Of Persons Born Overseas 20-24 Years  No.","description":"Age Of Persons Born Overseas 20-24 Years  No..","stype":"ratio","isDimension":false},{"name":"age_p_brn_ovs_25_29_yrs_num","type":"Integer","title":"Age Of Persons Born Overseas 25-29 Years  No.","description":"Age Of Persons Born Overseas 25-29 Years  No..","stype":"ratio","isDimension":false},{"name":"age_p_brn_ovs_30_34_yrs_num","type":"Integer","title":"Age Of Persons Born Overseas 30-34 Years  No.","description":"Age Of Persons Born Overseas 30-34 Years  No..","stype":"ratio","isDimension":false},{"name":"age_p_brn_ovs_35_39_yrs_num","type":"Integer","title":"Age Of Persons Born Overseas 35-39 Years  No.","description":"Age Of Persons Born Overseas 35-39 Years  No..","stype":"ratio","isDimension":false},{"name":"age_p_brn_ovs_40_44_yrs_num","type":"Integer","title":"Age Of Persons Born Overseas 40-44 Years  No.","description":"Age Of Persons Born Overseas 40-44 Years  No..","stype":"ratio","isDimension":false},{"name":"age_p_brn_ovs_45_49_yrs_num","type":"Integer","title":"Age Of Persons Born Overseas 45-49 Years  No.","description":"Age Of Persons Born Overseas 45-49 Years  No..","stype":"ratio","isDimension":false},{"name":"age_p_brn_ovs_50_54_yrs_num","type":"Integer","title":"Age Of Persons Born Overseas 50-54 Years  No.","description":"Age Of Persons Born Overseas 50-54 Years  No..","stype":"ratio","isDimension":false},{"name":"age_p_brn_ovs_55_59_yrs_num","type":"Integer","title":"Age Of Persons Born Overseas 55-59 Years  No.","description":"Age Of Persons Born Overseas 55-59 Years  No..","stype":"ratio","isDimension":false},{"name":"age_p_brn_ovs_5_9_yrs_num","type":"Integer","title":"Age Of Persons Born Overseas 5-9 Years  No.","description":"Age Of Persons Born Overseas 5-9 Years  No..","stype":"ratio","isDimension":false},{"name":"age_p_brn_ovs_60_64_yrs_num","type":"Integer","title":"Age Of Persons Born Overseas 60-64 Years  No.","description":"Age Of Persons Born Overseas 60-64 Years  No..","stype":"ratio","isDimension":false},{"name":"age_p_brn_ovs_65_69_yrs_num","type":"Integer","title":"Age Of Persons Born Overseas 65-69 Years  No.","description":"Age Of Persons Born Overseas 65-69 Years  No..","stype":"ratio","isDimension":false},{"name":"age_p_brn_ovs_70_74_yrs_num","type":"Integer","title":"Age Of Persons Born Overseas 70-74 Years  No.","description":"Age Of Persons Born Overseas 70-74 Years  No..","stype":"ratio","isDimension":false},{"name":"age_p_brn_ovs_75_79_yrs_num","type":"Integer","title":"Age Of Persons Born Overseas 75-79 Years  No.","description":"Age Of Persons Born Overseas 75-79 Years  No..","stype":"ratio","isDimension":false},{"name":"age_p_brn_ovs_80_84_yrs_num","type":"Integer","title":"Age Of Persons Born Overseas 80-84 Years  No.","description":"Age Of Persons Born Overseas 80-84 Years  No..","stype":"ratio","isDimension":false},{"name":"age_p_brn_ovs_85_ov_num","type":"Integer","title":"Age Of Persons Born Overseas 85 And Over  No.","description":"Age Of Persons Born Overseas 85 And Over  No..","stype":"ratio","isDimension":false},{"name":"citizenship_status_p_brn_ovs_aus_citizen_pr100","type":"Double","title":"Citizenship Status Of Persons Born Overseas Australian Citizen  %","description":"Citizenship Status Of Persons Born Overseas Australian Citizen  %.","stype":"ratio","isDimension":false},{"name":"citizenship_status_p_brn_ovs_citizenship_ns_pr100","type":"Double","title":"Citizenship Status Of Persons Born Overseas Citizenship Not Stated  %","description":"Citizenship Status Of Persons Born Overseas Citizenship Not Stated  %.","stype":"ratio","isDimension":false},{"name":"citizenship_status_p_brn_ovs_no_aus_citizen_pr100","type":"Double","title":"Citizenship Status Of Persons Born Overseas Not An Australian Citizen  %","description":"Citizenship Status Of Persons Born Overseas Not An Australian Citizen  %.","stype":"ratio","isDimension":false},{"name":"eng_prof_p_brn_ovs_eng_prof_ns_pr100","type":"Double","title":"English Proficiency Of Persons Born Overseas English Proficiency Not Stated  %","description":"English Proficiency Of Persons Born Overseas English Proficiency Not Stated  %.","stype":"ratio","isDimension":false},{"name":"eng_prof_p_brn_ovs_no_proficient_eng_pr100","type":"Double","title":"English Proficiency Of Persons Born Overseas Not Proficient In English  %","description":"English Proficiency Of Persons Born Overseas Not Proficient In English  %.","stype":"ratio","isDimension":false},{"name":"eng_prof_p_brn_ovs_proficient_eng_pr100","type":"Double","title":"English Proficiency Of Persons Born Overseas Proficient In English  %","description":"English Proficiency Of Persons Born Overseas Proficient In English  %.","stype":"ratio","isDimension":false},{"name":"lbr_frc_stat_p_brn_ovs_lbr_frc_num","type":"Integer","title":"Labour Force Status Of Persons Born Overseas Labour Force Number  No.","description":"Labour Force Status Of Persons Born Overseas Labour Force Number  No..","stype":"ratio","isDimension":false},{"name":"lbr_frc_stat_p_brn_ovs_ptic_rt_pr100","type":"Double","title":"Labour Force Status Of Persons Born Overseas Participation Rate  %","description":"Labour Force Status Of Persons Born Overseas Participation Rate  %.","stype":"ratio","isDimension":false},{"name":"lbr_frc_stat_p_brn_ovs_unemp_num","type":"Integer","title":"Labour Force Status Of Persons Born Overseas Unemployed Number  No.","description":"Labour Force Status Of Persons Born Overseas Unemployed Number  No..","stype":"ratio","isDimension":false},{"name":"lbr_frc_stat_p_brn_ovs_unemp_rt_pr100","type":"Double","title":"Labour Force Status Of Persons Born Overseas Unemployment Rate  %","description":"Labour Force Status Of Persons Born Overseas Unemployment Rate  %.","stype":"ratio","isDimension":false},{"name":"occ_p_brn_ovs_clrc_admt_wrkers_pr100","type":"Double","title":"Occupation Of Persons Born Overseas Clerical And Administrative Workers  %","description":"Occupation Of Persons Born Overseas Clerical And Administrative Workers  %.","stype":"ratio","isDimension":false},{"name":"occ_p_brn_ovs_cmty_p_wrkers_pr100","type":"Double","title":"Occupation Of Persons Born Overseas Community And Personal Service Workers  %","description":"Occupation Of Persons Born Overseas Community And Personal Service Workers  %.","stype":"ratio","isDimension":false},{"name":"occ_p_brn_ovs_labourers_pr100","type":"Double","title":"Occupation Of Persons Born Overseas Labourers  %","description":"Occupation Of Persons Born Overseas Labourers  %.","stype":"ratio","isDimension":false},{"name":"occ_p_brn_ovs_mach_ops_drivers_pr100","type":"Double","title":"Occupation Of Persons Born Overseas Machinery Operators And Drivers  %","description":"Occupation Of Persons Born Overseas Machinery Operators And Drivers  %.","stype":"ratio","isDimension":false},{"name":"occ_p_brn_ovs_managers_pr100","type":"Double","title":"Occupation Of Persons Born Overseas Managers  %","description":"Occupation Of Persons Born Overseas Managers  %.","stype":"ratio","isDimension":false},{"name":"occ_p_brn_ovs_occ_ns_pr100","type":"Double","title":"Occupation Of Persons Born Overseas Occupation Not Stated  %","description":"Occupation Of Persons Born Overseas Occupation Not Stated  %.","stype":"ratio","isDimension":false},{"name":"occ_p_brn_ovs_pros_pr100","type":"Double","title":"Occupation Of Persons Born Overseas Professionals  %","description":"Occupation Of Persons Born Overseas Professionals  %.","stype":"ratio","isDimension":false},{"name":"occ_p_brn_ovs_sales_wrkers_pr100","type":"Double","title":"Occupation Of Persons Born Overseas Sales Workers  %","description":"Occupation Of Persons Born Overseas Sales Workers  %.","stype":"ratio","isDimension":false},{"name":"occ_p_brn_ovs_tech_trades_wrkers_pr100","type":"Double","title":"Occupation Of Persons Born Overseas Technicians And Trades Workers  %","description":"Occupation Of Persons Born Overseas Technicians And Trades Workers  %.","stype":"ratio","isDimension":false},{"name":"ogc_fid","type":"Integer","title":"Unique Identifier","description":"Unique Identifier.","stype":"nominal","isDimension":false},{"name":"pop_p_brn_ovs_num_f_num","type":"Integer","title":"Population Of Persons Born Overseas Number Of Females  No.","description":"Population Of Persons Born Overseas Number Of Females  No..","stype":"ratio","isDimension":false},{"name":"pop_p_brn_ovs_num_m_num","type":"Integer","title":"Population Of Persons Born Overseas Number Of Males  No.","description":"Population Of Persons Born Overseas Number Of Males  No..","stype":"ratio","isDimension":false},{"name":"pop_p_brn_ovs_tot_pop_num","type":"Integer","title":"Population Of Persons Born Overseas Total Population  No.","description":"Population Of Persons Born Overseas Total Population  No..","stype":"ratio","isDimension":false},{"name":"qualf_p_brn_ovs_adv_dip_dip_lvl_pr100","type":"Double","title":"Qualifications Of Persons Born Overseas Advanced Diploma And Diploma Level  %","description":"Qualifications Of Persons Born Overseas Advanced Diploma And Diploma Level  %.","stype":"ratio","isDimension":false},{"name":"qualf_p_brn_ovs_bachelor_degree_lvl_pr100","type":"Double","title":"Qualifications Of Persons Born Overseas Bachelor Degree Level  %","description":"Qualifications Of Persons Born Overseas Bachelor Degree Level  %.","stype":"ratio","isDimension":false},{"name":"qualf_p_brn_ovs_certificate_lvl_pr100","type":"Double","title":"Qualifications Of Persons Born Overseas Certificate Level  %","description":"Qualifications Of Persons Born Overseas Certificate Level  %.","stype":"ratio","isDimension":false},{"name":"qualf_p_brn_ovs_edu_ns_pr100","type":"Double","title":"Qualifications Of Persons Born Overseas Education Not Stated  %","description":"Qualifications Of Persons Born Overseas Education Not Stated  %.","stype":"ratio","isDimension":false},{"name":"qualf_p_brn_ovs_grad_dip_grad_certificate_lvl_pr100","type":"Double","title":"Qualifications Of Persons Born Overseas Graduate Diploma And Graduate Certificate Level  %","description":"Qualifications Of Persons Born Overseas Graduate Diploma And Graduate Certificate Level  %.","stype":"ratio","isDimension":false},{"name":"qualf_p_brn_ovs_postgrad_degree_lvl_pr100","type":"Double","title":"Qualifications Of Persons Born Overseas Postgraduate Degree Level  %","description":"Qualifications Of Persons Born Overseas Postgraduate Degree Level  %.","stype":"ratio","isDimension":false},{"name":"qualf_p_brn_ovs_scl_edu_lvl_pr100","type":"Double","title":"Qualifications Of Persons Born Overseas School Education Level  %","description":"Qualifications Of Persons Born Overseas School Education Level  %.","stype":"ratio","isDimension":false},{"name":"rel_aff_p_brn_ovs_buddhism_pr100","type":"Double","title":"Religious Affiliation Of Persons Born Overseas Buddhism  %","description":"Religious Affiliation Of Persons Born Overseas Buddhism  %.","stype":"ratio","isDimension":false},{"name":"rel_aff_p_brn_ovs_christianity_pr100","type":"Double","title":"Religious Affiliation Of Persons Born Overseas Christianity  %","description":"Religious Affiliation Of Persons Born Overseas Christianity  %.","stype":"ratio","isDimension":false},{"name":"rel_aff_p_brn_ovs_hinduism_pr100","type":"Double","title":"Religious Affiliation Of Persons Born Overseas Hinduism  %","description":"Religious Affiliation Of Persons Born Overseas Hinduism  %.","stype":"ratio","isDimension":false},{"name":"rel_aff_p_brn_ovs_islam_pr100","type":"Double","title":"Religious Affiliation Of Persons Born Overseas Islam  %","description":"Religious Affiliation Of Persons Born Overseas Islam  %.","stype":"ratio","isDimension":false},{"name":"rel_aff_p_brn_ovs_judaism_pr100","type":"Double","title":"Religious Affiliation Of Persons Born Overseas Judaism  %","description":"Religious Affiliation Of Persons Born Overseas Judaism  %.","stype":"ratio","isDimension":false},{"name":"rel_aff_p_brn_ovs_no_religion_pr100","type":"Double","title":"Religious Affiliation Of Persons Born Overseas No Religion  %","description":"Religious Affiliation Of Persons Born Overseas No Religion  %.","stype":"ratio","isDimension":false},{"name":"rel_aff_p_brn_ovs_oth_religion_pr100","type":"Double","title":"Religious Affiliation Of Persons Born Overseas Other Religion  %","description":"Religious Affiliation Of Persons Born Overseas Other Religion  %.","stype":"ratio","isDimension":false},{"name":"rel_aff_p_brn_ovs_religion_ns_pr100","type":"Double","title":"Religious Affiliation Of Persons Born Overseas Religion Not Stated  %","description":"Religious Affiliation Of Persons Born Overseas Religion Not Stated  %.","stype":"ratio","isDimension":false},{"name":"rel_aff_p_brn_ovs_sec_bels_oth_sprt_blfs_no_rel_aff_pr100","type":"Double","title":"Religious Affiliation Of Persons Born Overseas Secular Beliefs And Other Spiritual Beliefs And No Religious Affiliation  %","description":"Religious Affiliation Of Persons Born Overseas Secular Beliefs And Other Spiritual Beliefs And No Religious Affiliation  %.","stype":"ratio","isDimension":false},{"name":"sa4_name16","type":"String","title":"SA4 Name 2016","description":"SA4 Name 2016.","stype":"nominal","isDimension":false},{"name":"tot_p_inc_wk_p_brn_ovs_15_yrs_ov_inc_ns_pr100","type":"Double","title":"Total Personal Income (Weekly) Of Persons Born Overseas, 15 Years And Over Income Not Stated  %","description":"Total Personal Income (Weekly) Of Persons Born Overseas, 15 Years And Over Income Not Stated  %.","stype":"ratio","isDimension":false},{"name":"tot_p_inc_wk_p_brn_ovs_15_yrs_ov_p_earn_aud1000_aud1999wk_pr100","type":"Double","title":"Total Personal Income (Weekly) Of Persons Born Overseas, 15 Years And Over Persons Earning $1000-$1999 Per Week  %","description":"Total Personal Income (Weekly) Of Persons Born Overseas, 15 Years And Over Persons Earning $1000-$1999 Per Week  %.","stype":"ratio","isDimension":false},{"name":"tot_p_inc_wk_p_brn_ovs_15_yrs_ov_p_earn_aud1_aud499wk_pr100","type":"Double","title":"Total Personal Income (Weekly) Of Persons Born Overseas, 15 Years And Over Persons Earning $1-$499 Per Week  %","description":"Total Personal Income (Weekly) Of Persons Born Overseas, 15 Years And Over Persons Earning $1-$499 Per Week  %.","stype":"ratio","isDimension":false},{"name":"tot_p_inc_wk_p_brn_ovs_15_yrs_ov_p_earn_aud2000_aud2999wk_pr100","type":"Double","title":"Total Personal Income (Weekly) Of Persons Born Overseas, 15 Years And Over Persons Earning $2000-$2999 Per Week  %","description":"Total Personal Income (Weekly) Of Persons Born Overseas, 15 Years And Over Persons Earning $2000-$2999 Per Week  %.","stype":"ratio","isDimension":false},{"name":"tot_p_inc_wk_p_brn_ovs_15_yrs_ov_p_earn_aud3000_plswk_pr100","type":"Double","title":"Total Personal Income (Weekly) Of Persons Born Overseas, 15 Years And Over Persons Earning $3000 Or More Per Week  %","description":"Total Personal Income (Weekly) Of Persons Born Overseas, 15 Years And Over Persons Earning $3000 Or More Per Week  %.","stype":"ratio","isDimension":false},{"name":"tot_p_inc_wk_p_brn_ovs_15_yrs_ov_p_earn_aud500_aud999wk_pr100","type":"Double","title":"Total Personal Income (Weekly) Of Persons Born Overseas, 15 Years And Over Persons Earning $500-$999 Per Week  %","description":"Total Personal Income (Weekly) Of Persons Born Overseas, 15 Years And Over Persons Earning $500-$999 Per Week  %.","stype":"ratio","isDimension":false},{"name":"tot_p_inc_wk_p_brn_ovs_15_yrs_ov_p_earn_nil_inc_pr100","type":"Double","title":"Total Personal Income (Weekly) Of Persons Born Overseas, 15 Years And Over Persons Earning Nil Income  %","description":"Total Personal Income (Weekly) Of Persons Born Overseas, 15 Years And Over Persons Earning Nil Income  %.","stype":"ratio","isDimension":false},{"name":"tot_p_inc_wk_p_brn_ovs_15_yrs_ov_p_negative_inc_pr100","type":"Double","title":"Total Personal Income (Weekly) Of Persons Born Overseas, 15 Years And Over Persons With A Negative Income  %","description":"Total Personal Income (Weekly) Of Persons Born Overseas, 15 Years And Over Persons With A Negative Income  %.","stype":"ratio","isDimension":false},{"name":"yr_arrival_p_brn_ovs_arrival_ns_pr100","type":"Double","title":"Year Of Arrival Of Persons Born Overseas Arrival Not Stated  %","description":"Year Of Arrival Of Persons Born Overseas Arrival Not Stated  %.","stype":"ratio","isDimension":false},{"name":"yr_arrival_p_brn_ovs_arrived_5_10_yrs_ago_pr100","type":"Double","title":"Year Of Arrival Of Persons Born Overseas Arrived 5-10 Years Ago  %","description":"Year Of Arrival Of Persons Born Overseas Arrived 5-10 Years Ago  %.","stype":"ratio","isDimension":false},{"name":"yr_arrival_p_brn_ovs_arrived_5_yrs_pr100","type":"Double","title":"Year Of Arrival Of Persons Born Overseas Arrived Within 5 Years  %","description":"Year Of Arrival Of Persons Born Overseas Arrived Within 5 Years  %.","stype":"ratio","isDimension":false},{"name":"yr_arrival_p_brn_ovs_arrived_ov_10_yrs_ago_pr100","type":"Double","title":"Year Of Arrival Of Persons Born Overseas Arrived Over 10 Years Ago  %","description":"Year Of Arrival Of Persons Born Overseas Arrived Over 10 Years Ago  %.","stype":"ratio","isDimension":false}],"filter":{"filterType":"tabular","where":"(yr IN ('2016'))","feature":{"key":"sa4_code16","geoLevel":"sa4_2016","geoField":"ignored","year":"2006","featureBbox":[96.81676569599999,-43.740509603,159.109219008,-9.142175977],"featureType":"country","featureInstance":"au","featureName":"Australia","referenceSystemIdentifier":"urn:x-ogc:def:crs:EPSG:4283","prefix":"","keyTransform":null},"states":[]}}